id,scheme_slug,title,benefit_type,amount_inr,frequency,details
1,pm-kisan,"₹6,000 Annual Direct Cash Benefit",Direct Cash Transfer (DBT),6000.0,Quarterly,"₹2,000 transferred every four months directly into Aadhaar-linked bank accounts."
2,ayushman-bharat-pmjay,₹5 Lakh Cashless Health Cover,Health & Accidental Insurance Cover,500000.0,Claim-Based,"Covers hospitalization, diagnostic tests, surgeries, medicines, and intensive care across 27,000+ empaneled hospitals."
3,sukanya-samriddhi-yojana,High Compounded Returns & Tax Exemption,Direct Cash Transfer (DBT),150000.0,Annual,"8.2% annual interest compounded yearly, completely exempt from income tax under Section 80C."
4,ignoaps-old-age-pension,Monthly Cash Pension,Monthly Social Security Pension,2000.0,Monthly,"₹1,000 to ₹2,000 per month credited directly into beneficiary bank accounts."
5,pm-vishwakarma,"₹15,000 Tool Incentive & ₹3 Lakh Low-Interest Loan",Subsidized / Collateral-Free Loan,300000.0,One-Time,"₹15,000 digital e-voucher for modern tools + ₹1 Lakh (Tranche 1) and ₹2 Lakh (Tranche 2) business loan at concessional 5% interest."
6,pmay-gramin,₹1.2 Lakh to ₹1.3 Lakh Construction Grant,Asset & Equipment Subsidy,120000.0,One-Time,"Direct financial aid for building pucca house + 90 days MGNREGA unskilled labour wages + ₹12,000 toilet grant."
7,pm-ujjwala-yojana,Free LPG Connection + First Refill & Stove,Asset & Equipment Subsidy,1600.0,One-Time,Full security deposit waiver for cylinder and regulator + free first gas refill + free LPG stove.
8,pm-mudra-yojana,Collateral-Free Business Loans up to ₹10 Lakh,Subsidized / Collateral-Free Loan,1000000.0,One-Time,"Shishu (up to ₹50,000), Kishore (₹50,000 to ₹5 Lakh), Tarun (₹5 Lakh to ₹10 Lakh) with zero collateral requirements."
9,atal-pension-yojana,Guaranteed Monthly Pension Post 60,Monthly Social Security Pension,1000.0,Monthly,"Guaranteed lifetime monthly pension of ₹1,000, ₹2,000, ₹3,000, ₹4,000, or ₹5,000 depending on contribution amount."
10,post-matric-scholarship,Full Fee Reimbursement + Monthly Allowance,Direct Cash Transfer (DBT),50000.0,Annual,Complete coverage of non-refundable college fees and monthly study allowance directly to student bank account.
11,pm-matru-vandana-yojana,"₹5,000 Direct Maternity Cash Incentive",Direct Cash Transfer (DBT),5000.0,One-Time,Direct cash assistance to compensate for wage loss and support nutritious diet before and after delivery.
12,pm-fasal-bima-yojana,Full Crop Damage Insurance Claim,Health & Accidental Insurance Cover,200000.0,Claim-Based,Direct settlement of claim amount into farmer bank accounts based on crop loss assessment.
13,mp-ladli-behna-yojana,"₹1,250 Monthly Direct Cash Transfer",Direct Cash Transfer (DBT),1250.0,Monthly,"₹15,000 annual direct cash transfer credited on the 10th of every month into Aadhaar-linked accounts."
14,mp-kisan-kalyan-yojana,"₹6,000 Annual MP State Farmer Grant",Direct Cash Transfer (DBT),6000.0,Quarterly,"₹2,000 transferred in three installments directly to verified landholding farmers in MP."
15,mp-medhavi-vidyarthi-yojana,100% Higher Education Tuition Fee Waiver,Scholarship & Academic Stipend,150000.0,Annual,Direct payment of entire college and course tuition fee directly to the educational institution by MP Government.
16,mh-majhi-ladki-bahin,"₹1,500 Monthly Financial Assistance",Direct Cash Transfer (DBT),1500.0,Monthly,"₹18,000 annual direct benefit transfer deposited into Aadhaar-linked bank accounts."
201,assam-solar-krishi-pump-subsidy,Solar Krishi Pump Subsidy,Asset & Equipment Subsidy,75000.0,One-Time,"Up to 90% capital subsidy for installing off-grid solar irrigation pumps. (₹75,000)"
17,mh-namo-shetkari-yojana,"₹6,000 Annual Maharashtra Farmer Grant",Direct Cash Transfer (DBT),6000.0,Quarterly,"₹2,000 per installment transferred directly to verified landholding farmers in Maharashtra."
18,ka-gruha-lakshmi-scheme,"₹2,000 Monthly Head of Household Grant",Direct Cash Transfer (DBT),2000.0,Monthly,"₹24,000 annual direct benefit transfer credited monthly into the woman head's bank account."
19,ka-yuva-nidhi-scheme,"₹3,000 Monthly Unemployment Allowance",Direct Cash Transfer (DBT),3000.0,Monthly,Monthly financial allowance for up to 2 years while seeking employment or attending skill development training.
20,andhra-pradesh-kisan-samriddhi-crop-assistance,Kisan Samriddhi & Crop Assistance,Asset & Equipment Subsidy,6000.0,One-Time,"Financial input subsidy for seed, fertilizer, and organic cultivation equipment. (₹6,000)"
21,andhra-pradesh-solar-krishi-pump-subsidy,Solar Krishi Pump Subsidy,Asset & Equipment Subsidy,75000.0,One-Time,"Up to 90% capital subsidy for installing off-grid solar irrigation pumps. (₹75,000)"
22,andhra-pradesh-horticulture-drip-irrigation-grant,Horticulture & Drip Irrigation Grant,Asset & Equipment Subsidy,25000.0,One-Time,"Direct subsidy for drip, sprinkler, and precision micro-irrigation installation. (₹25,000)"
23,andhra-pradesh-dairy-cattle-development-incentive,Dairy & Cattle Development Incentive,Direct Cash Transfer (DBT),40000.0,One-Time,"Financial assistance for purchasing high-yield milch cows and buffaloes. (₹40,000)"
24,andhra-pradesh-fodder-cultivation-animal-care-grant,Fodder Cultivation & Animal Care Grant,Asset & Equipment Subsidy,12000.0,One-Time,"Subsidized silage, quality seeds, and livestock health vaccination support. (₹12,000)"
25,andhra-pradesh-fisheries-pond-biofloc-support,Fisheries Pond & Biofloc Support,Direct Cash Transfer (DBT),50000.0,One-Time,"Capital grant for biofloc fish farming, fingerling supply, and aerators. (₹50,000)"
26,andhra-pradesh-soil-health-organic-farming-mission,Soil Health & Organic Farming Mission,Direct Cash Transfer (DBT),8000.0,One-Time,"Free soil nutrient testing kit and bio-compost financial top-up grant. (₹8,000)"
27,andhra-pradesh-farm-mechanization-rotavator-subsidy,Farm Mechanization & Rotavator Subsidy,Asset & Equipment Subsidy,60000.0,One-Time,"Up to 50% subsidy on modern harvesters, rotavators, and custom hiring centers. (₹60,000)"
28,andhra-pradesh-post-matric-merit-scholarship,Post-Matric Merit Scholarship,Scholarship & Academic Stipend,18000.0,One-Time,"Tuition fee waiver and maintenance stipend for higher collegiate education. (₹18,000)"
29,andhra-pradesh-free-digital-tablet-laptop-distribution,Free Digital Tablet & Laptop Distribution,Asset & Equipment Subsidy,15000.0,One-Time,"High-speed digital learning devices distributed to meritorious board students. (₹15,000)"
30,andhra-pradesh-competitive-exam-coaching-assistance,Competitive Exam Coaching Assistance,Scholarship & Academic Stipend,50000.0,One-Time,"100% sponsored classroom coaching for UPSC, PSC, JEE, and NEET exams. (₹50,000)"
31,andhra-pradesh-girl-child-higher-education-incentive,Girl Child Higher Education Incentive,Direct Cash Transfer (DBT),25000.0,One-Time,"Direct milestone grant upon enrolling in undergraduate degree programs. (₹25,000)"
32,andhra-pradesh-technical-polytechnic-skill-stipend,Technical & Polytechnic Skill Stipend,Scholarship & Academic Stipend,12000.0,Monthly,"Monthly allowance for students pursuing diploma and industrial training. (₹12,000)"
33,andhra-pradesh-overseas-education-scholarship-for-ews,Overseas Education Scholarship for EWS,Subsidized / Collateral-Free Loan,500000.0,One-Time,"Educational loan interest subsidy for foreign universities. (₹500,000)"
34,andhra-pradesh-special-education-aid-for-divyang-students,Special Education Aid for Divyang Students,Direct Cash Transfer (DBT),20000.0,One-Time,"Assistive braille, hearing aids, and transport allowance for disabled students. (₹20,000)"
35,andhra-pradesh-matru-kalyan-nutrition-dbt,Matru Kalyan & Nutrition DBT,Subsidized Food & Nutrition,6000.0,One-Time,"Conditional cash transfer across pregnancy trimesters and post-natal care. (₹6,000)"
36,andhra-pradesh-mahila-swavalamban-livelihood-grant,Mahila Swavalamban Livelihood Grant,Direct Cash Transfer (DBT),50000.0,One-Time,"Revolving seed fund for women Self-Help Groups (SHGs) to start enterprises. (₹50,000)"
37,andhra-pradesh-kanya-vivah-marriage-assistance,Kanya Vivah & Marriage Assistance,Direct Cash Transfer (DBT),51000.0,One-Time,"Direct financial grant for marriage of daughters from economically weaker families. (₹51,000)"
38,andhra-pradesh-working-women-hostel-transport-subsidy,Working Women Hostel & Transport Subsidy,Asset & Equipment Subsidy,15000.0,Monthly,"Subsidized secure safe housing and monthly urban commute pass. (₹15,000)"
39,andhra-pradesh-single-mother-destitute-women-pension,Single Mother & Destitute Women Pension,Monthly Social Security Pension,15000.0,Monthly,"Monthly social security pension for widowed and abandoned women. (₹15,000)"
40,andhra-pradesh-sukanya-samriddhi-high-interest-top-up,Sukanya Samriddhi High-Interest Top-Up,Asset & Equipment Subsidy,10000.0,One-Time,"State government interest subsidy top-up on girl child savings accounts. (₹10,000)"
41,andhra-pradesh-universal-cashless-health-insurance,Universal Cashless Health Insurance,Health & Accidental Insurance Cover,500000.0,Annual,"Annual cashless hospitalization and surgical treatment cover in network hospitals. (₹500,000)"
42,andhra-pradesh-critical-illness-relief-fund-cancer-kidney,Critical Illness Relief Fund (Cancer & Kidney),Health & Accidental Insurance Cover,200000.0,Claim-Based,"One-time financial relief grant for dialysis, chemotherapy, and heart surgery. (₹200,000)"
43,andhra-pradesh-free-diagnostic-tests-medicine-scheme,Free Diagnostic Tests & Medicine Scheme,Direct Cash Transfer (DBT),10000.0,One-Time,"100% free prescription drugs and pathology tests at government clinics. (₹10,000)"
44,andhra-pradesh-senior-citizen-specialized-geriatric-care,Senior Citizen Specialized Geriatric Care,Direct Cash Transfer (DBT),15000.0,One-Time,"Free cataract surgeries, hearing aids, and doorstep chronic care medicine. (₹15,000)"
45,andhra-pradesh-emergency-accidental-trauma-insurance,Emergency Accidental Trauma Insurance,Health & Accidental Insurance Cover,100000.0,Claim-Based,"Immediate cashless golden-hour emergency trauma care coverage. (₹100,000)"
46,andhra-pradesh-old-age-social-security-pension,Old Age Social Security Pension,Monthly Social Security Pension,12000.0,Monthly,"Monthly direct benefit transfer pension for elderly citizens aged 60 and above. (₹12,000)"
47,andhra-pradesh-divyangjan-disability-monthly-pension,Divyangjan Disability Monthly Pension,Monthly Social Security Pension,18000.0,Monthly,"Monthly financial support and motorized tricycle allowance for disabled persons. (₹18,000)"
48,andhra-pradesh-antyodaya-subsidized-food-security,Antyodaya Subsidized Food Security,Subsidized Food & Nutrition,8000.0,Monthly,"Subsidized monthly ration of 35kg foodgrains for poorest-of-poor households. (₹8,000)"
49,andhra-pradesh-sanitation-workers-rehabilitation-grant,Sanitation Workers Rehabilitation Grant,Asset & Equipment Subsidy,40000.0,One-Time,"Capital subsidy and skill retraining for sanitary workers and sewer workers. (₹40,000)"
50,andhra-pradesh-tribal-livelihood-forest-produce-grant,Tribal Livelihood & Forest Produce Grant,Asset & Equipment Subsidy,20000.0,One-Time,"Direct procurement support and value addition subsidy for minor forest produce. (₹20,000)"
51,andhra-pradesh-youth-apprenticeship-monthly-stipend,Youth Apprenticeship Monthly Stipend,Scholarship & Academic Stipend,18000.0,Monthly,"Direct government stipend top-up for technical industrial apprenticeships. (₹18,000)"
52,andhra-pradesh-artisan-craftsman-modern-tool-kit-grant,Artisan & Craftsman Modern Tool Kit Grant,Subsidized / Collateral-Free Loan,20000.0,One-Time,"Free motorized toolkits and collateral-free micro credit for traditional artisans. (₹20,000)"
53,andhra-pradesh-rural-youth-driving-heavy-machinery-training,Rural Youth Driving & Heavy Machinery Training,Asset & Equipment Subsidy,25000.0,One-Time,"100% sponsored commercial vehicle and excavator driver training. (₹25,000)"
54,andhra-pradesh-it-emerging-tech-bootcamp-voucher,IT & Emerging Tech Bootcamp Voucher,Scholarship & Academic Stipend,35000.0,One-Time,"Full tuition sponsorship for AI, Cloud, and Software certification bootcamps. (₹35,000)"
55,andhra-pradesh-self-employment-micro-credit-guarantee,Self-Employment Micro-Credit Guarantee,Subsidized / Collateral-Free Loan,500000.0,One-Time,"Collateral-free subsidized loan up to ₹5 Lakh for starting local enterprises. (₹100,000)"
56,andhra-pradesh-pucca-house-construction-subsidy,Pucca House Construction Subsidy,Asset & Equipment Subsidy,150000.0,Quarterly,"Direct installment financial grant for building disaster-resilient pucca home. (₹150,000)"
57,andhra-pradesh-rooftop-solar-green-energy-assistance,Rooftop Solar & Green Energy Assistance,Asset & Equipment Subsidy,50000.0,One-Time,"Capital subsidy for grid-connected rooftop solar installation for homeowners. (₹50,000)"
58,andhra-pradesh-slum-rehabilitation-ews-flat-allocation,Slum Rehabilitation & EWS Flat Allocation,Asset & Equipment Subsidy,250000.0,One-Time,"Subsidized ownership allotment of 1BHK flats with basic civic amenities. (₹250,000)"
59,andhra-pradesh-rural-toilet-water-tap-incentive,Rural Toilet & Water Tap Incentive,Direct Cash Transfer (DBT),12000.0,One-Time,"Financial assistance for individual household latrines and clean piped tap. (₹12,000)"
60,andhra-pradesh-micro-enterprise-collateral-free-loan,Micro Enterprise Collateral-Free Loan,Subsidized / Collateral-Free Loan,1000000.0,One-Time,"Guaranteed working capital and equipment loan up to ₹10 Lakh at subsidized interest. (₹200,000)"
61,andhra-pradesh-women-entrepreneur-startup-grant,Women Entrepreneur Startup Grant,Direct Cash Transfer (DBT),100000.0,One-Time,"Seed funding capital grant for innovative women-founded MSME ventures. (₹100,000)"
62,andhra-pradesh-export-promotion-quality-certification-subsidy,Export Promotion & Quality Certification Subsidy,Asset & Equipment Subsidy,75000.0,One-Time,"Reimbursement for ISO, ZED, and international trade mark registration costs. (₹75,000)"
63,andhra-pradesh-credit-linked-capital-subsidy-for-tech-upgradation,Credit Linked Capital Subsidy for Tech Upgradation,Asset & Equipment Subsidy,150000.0,One-Time,"15% upfront capital subsidy for machinery modernization in manufacturing. (₹150,000)"
64,andhra-pradesh-e-vehicle-green-mobility-subsidy,E-Vehicle & Green Mobility Subsidy,Asset & Equipment Subsidy,20000.0,One-Time,"Direct cash incentive on purchase of electric 2-wheelers and 3-wheelers. (₹20,000)"
65,andhra-pradesh-rainwater-harvesting-ground-water-recharge-grant,Rainwater Harvesting & Ground Water Recharge Grant,Asset & Equipment Subsidy,15000.0,One-Time,"Subsidized rooftop rainwater harvesting system for individual residences. (₹15,000)"
66,andhra-pradesh-bio-gas-cattle-dung-renewable-plant-subsidy,Bio-Gas & Cattle Dung Renewable Plant Subsidy,Asset & Equipment Subsidy,18000.0,One-Time,"Financial support for installing domestic Gobar-Dhan biogas units. (₹18,000)"
67,andhra-pradesh-phase-2-kisan-samriddhi-crop-assistance,Kisan Samriddhi & Crop Assistance,Asset & Equipment Subsidy,6000.0,One-Time,"Financial input subsidy for seed, fertilizer, and organic cultivation equipment. (₹6,000)"
68,andhra-pradesh-phase-2-solar-krishi-pump-subsidy,Solar Krishi Pump Subsidy,Asset & Equipment Subsidy,75000.0,One-Time,"Up to 90% capital subsidy for installing off-grid solar irrigation pumps. (₹75,000)"
69,andhra-pradesh-phase-2-horticulture-drip-irrigation-grant,Horticulture & Drip Irrigation Grant,Asset & Equipment Subsidy,25000.0,One-Time,"Direct subsidy for drip, sprinkler, and precision micro-irrigation installation. (₹25,000)"
70,andhra-pradesh-phase-2-dairy-cattle-development-incentive,Dairy & Cattle Development Incentive,Direct Cash Transfer (DBT),40000.0,One-Time,"Financial assistance for purchasing high-yield milch cows and buffaloes. (₹40,000)"
71,andhra-pradesh-phase-2-fodder-cultivation-animal-care-grant,Fodder Cultivation & Animal Care Grant,Asset & Equipment Subsidy,12000.0,One-Time,"Subsidized silage, quality seeds, and livestock health vaccination support. (₹12,000)"
72,andhra-pradesh-phase-2-fisheries-pond-biofloc-support,Fisheries Pond & Biofloc Support,Direct Cash Transfer (DBT),50000.0,One-Time,"Capital grant for biofloc fish farming, fingerling supply, and aerators. (₹50,000)"
73,andhra-pradesh-phase-2-soil-health-organic-farming-mission,Soil Health & Organic Farming Mission,Direct Cash Transfer (DBT),8000.0,One-Time,"Free soil nutrient testing kit and bio-compost financial top-up grant. (₹8,000)"
74,andhra-pradesh-phase-2-farm-mechanization-rotavator-subsidy,Farm Mechanization & Rotavator Subsidy,Asset & Equipment Subsidy,60000.0,One-Time,"Up to 50% subsidy on modern harvesters, rotavators, and custom hiring centers. (₹60,000)"
75,andhra-pradesh-phase-2-post-matric-merit-scholarship,Post-Matric Merit Scholarship,Scholarship & Academic Stipend,18000.0,One-Time,"Tuition fee waiver and maintenance stipend for higher collegiate education. (₹18,000)"
76,andhra-pradesh-phase-2-free-digital-tablet-laptop-distribution,Free Digital Tablet & Laptop Distribution,Asset & Equipment Subsidy,15000.0,One-Time,"High-speed digital learning devices distributed to meritorious board students. (₹15,000)"
77,andhra-pradesh-phase-2-competitive-exam-coaching-assistance,Competitive Exam Coaching Assistance,Scholarship & Academic Stipend,50000.0,One-Time,"100% sponsored classroom coaching for UPSC, PSC, JEE, and NEET exams. (₹50,000)"
78,andhra-pradesh-phase-2-girl-child-higher-education-incentive,Girl Child Higher Education Incentive,Direct Cash Transfer (DBT),25000.0,One-Time,"Direct milestone grant upon enrolling in undergraduate degree programs. (₹25,000)"
79,andhra-pradesh-phase-2-technical-polytechnic-skill-stipend,Technical & Polytechnic Skill Stipend,Scholarship & Academic Stipend,12000.0,Monthly,"Monthly allowance for students pursuing diploma and industrial training. (₹12,000)"
80,andhra-pradesh-phase-2-overseas-education-scholarship-for-ews,Overseas Education Scholarship for EWS,Subsidized / Collateral-Free Loan,500000.0,One-Time,"Educational loan interest subsidy for foreign universities. (₹500,000)"
81,andhra-pradesh-phase-2-special-education-aid-for-divyang-students,Special Education Aid for Divyang Students,Direct Cash Transfer (DBT),20000.0,One-Time,"Assistive braille, hearing aids, and transport allowance for disabled students. (₹20,000)"
82,andhra-pradesh-phase-2-matru-kalyan-nutrition-dbt,Matru Kalyan & Nutrition DBT,Subsidized Food & Nutrition,6000.0,One-Time,"Conditional cash transfer across pregnancy trimesters and post-natal care. (₹6,000)"
83,andhra-pradesh-phase-2-mahila-swavalamban-livelihood-grant,Mahila Swavalamban Livelihood Grant,Direct Cash Transfer (DBT),50000.0,One-Time,"Revolving seed fund for women Self-Help Groups (SHGs) to start enterprises. (₹50,000)"
84,andhra-pradesh-phase-2-kanya-vivah-marriage-assistance,Kanya Vivah & Marriage Assistance,Direct Cash Transfer (DBT),51000.0,One-Time,"Direct financial grant for marriage of daughters from economically weaker families. (₹51,000)"
85,andhra-pradesh-phase-2-working-women-hostel-transport-subsidy,Working Women Hostel & Transport Subsidy,Asset & Equipment Subsidy,15000.0,Monthly,"Subsidized secure safe housing and monthly urban commute pass. (₹15,000)"
86,andhra-pradesh-phase-2-single-mother-destitute-women-pension,Single Mother & Destitute Women Pension,Monthly Social Security Pension,15000.0,Monthly,"Monthly social security pension for widowed and abandoned women. (₹15,000)"
87,andhra-pradesh-phase-2-sukanya-samriddhi-high-interest-top-up,Sukanya Samriddhi High-Interest Top-Up,Asset & Equipment Subsidy,10000.0,One-Time,"State government interest subsidy top-up on girl child savings accounts. (₹10,000)"
88,andhra-pradesh-phase-2-universal-cashless-health-insurance,Universal Cashless Health Insurance,Health & Accidental Insurance Cover,500000.0,Annual,"Annual cashless hospitalization and surgical treatment cover in network hospitals. (₹500,000)"
89,andhra-pradesh-phase-2-critical-illness-relief-fund-cancer-kidney,Critical Illness Relief Fund (Cancer & Kidney),Health & Accidental Insurance Cover,200000.0,Claim-Based,"One-time financial relief grant for dialysis, chemotherapy, and heart surgery. (₹200,000)"
90,andhra-pradesh-phase-2-free-diagnostic-tests-medicine-scheme,Free Diagnostic Tests & Medicine Scheme,Direct Cash Transfer (DBT),10000.0,One-Time,"100% free prescription drugs and pathology tests at government clinics. (₹10,000)"
91,andhra-pradesh-phase-2-senior-citizen-specialized-geriatric-care,Senior Citizen Specialized Geriatric Care,Direct Cash Transfer (DBT),15000.0,One-Time,"Free cataract surgeries, hearing aids, and doorstep chronic care medicine. (₹15,000)"
92,andhra-pradesh-phase-2-emergency-accidental-trauma-insurance,Emergency Accidental Trauma Insurance,Health & Accidental Insurance Cover,100000.0,Claim-Based,"Immediate cashless golden-hour emergency trauma care coverage. (₹100,000)"
93,andhra-pradesh-phase-2-old-age-social-security-pension,Old Age Social Security Pension,Monthly Social Security Pension,12000.0,Monthly,"Monthly direct benefit transfer pension for elderly citizens aged 60 and above. (₹12,000)"
94,andhra-pradesh-phase-2-divyangjan-disability-monthly-pension,Divyangjan Disability Monthly Pension,Monthly Social Security Pension,18000.0,Monthly,"Monthly financial support and motorized tricycle allowance for disabled persons. (₹18,000)"
95,andhra-pradesh-phase-2-antyodaya-subsidized-food-security,Antyodaya Subsidized Food Security,Subsidized Food & Nutrition,8000.0,Monthly,"Subsidized monthly ration of 35kg foodgrains for poorest-of-poor households. (₹8,000)"
96,andhra-pradesh-phase-2-sanitation-workers-rehabilitation-grant,Sanitation Workers Rehabilitation Grant,Asset & Equipment Subsidy,40000.0,One-Time,"Capital subsidy and skill retraining for sanitary workers and sewer workers. (₹40,000)"
97,andhra-pradesh-phase-2-tribal-livelihood-forest-produce-grant,Tribal Livelihood & Forest Produce Grant,Asset & Equipment Subsidy,20000.0,One-Time,"Direct procurement support and value addition subsidy for minor forest produce. (₹20,000)"
98,andhra-pradesh-phase-2-youth-apprenticeship-monthly-stipend,Youth Apprenticeship Monthly Stipend,Scholarship & Academic Stipend,18000.0,Monthly,"Direct government stipend top-up for technical industrial apprenticeships. (₹18,000)"
99,andhra-pradesh-phase-2-artisan-craftsman-modern-tool-kit-grant,Artisan & Craftsman Modern Tool Kit Grant,Subsidized / Collateral-Free Loan,20000.0,One-Time,"Free motorized toolkits and collateral-free micro credit for traditional artisans. (₹20,000)"
100,andhra-pradesh-phase-2-rural-youth-driving-heavy-machinery-training,Rural Youth Driving & Heavy Machinery Training,Asset & Equipment Subsidy,25000.0,One-Time,"100% sponsored commercial vehicle and excavator driver training. (₹25,000)"
101,andhra-pradesh-phase-2-it-emerging-tech-bootcamp-voucher,IT & Emerging Tech Bootcamp Voucher,Scholarship & Academic Stipend,35000.0,One-Time,"Full tuition sponsorship for AI, Cloud, and Software certification bootcamps. (₹35,000)"
102,andhra-pradesh-phase-2-self-employment-micro-credit-guarantee,Self-Employment Micro-Credit Guarantee,Subsidized / Collateral-Free Loan,500000.0,One-Time,"Collateral-free subsidized loan up to ₹5 Lakh for starting local enterprises. (₹100,000)"
103,andhra-pradesh-phase-2-pucca-house-construction-subsidy,Pucca House Construction Subsidy,Asset & Equipment Subsidy,150000.0,Quarterly,"Direct installment financial grant for building disaster-resilient pucca home. (₹150,000)"
104,andhra-pradesh-phase-2-rooftop-solar-green-energy-assistance,Rooftop Solar & Green Energy Assistance,Asset & Equipment Subsidy,50000.0,One-Time,"Capital subsidy for grid-connected rooftop solar installation for homeowners. (₹50,000)"
105,andhra-pradesh-phase-2-slum-rehabilitation-ews-flat-allocation,Slum Rehabilitation & EWS Flat Allocation,Asset & Equipment Subsidy,250000.0,One-Time,"Subsidized ownership allotment of 1BHK flats with basic civic amenities. (₹250,000)"
106,andhra-pradesh-phase-2-rural-toilet-water-tap-incentive,Rural Toilet & Water Tap Incentive,Direct Cash Transfer (DBT),12000.0,One-Time,"Financial assistance for individual household latrines and clean piped tap. (₹12,000)"
107,andhra-pradesh-phase-2-micro-enterprise-collateral-free-loan,Micro Enterprise Collateral-Free Loan,Subsidized / Collateral-Free Loan,1000000.0,One-Time,"Guaranteed working capital and equipment loan up to ₹10 Lakh at subsidized interest. (₹200,000)"
108,andhra-pradesh-phase-2-women-entrepreneur-startup-grant,Women Entrepreneur Startup Grant,Direct Cash Transfer (DBT),100000.0,One-Time,"Seed funding capital grant for innovative women-founded MSME ventures. (₹100,000)"
109,andhra-pradesh-phase-2-export-promotion-quality-certification-subsidy,Export Promotion & Quality Certification Subsidy,Asset & Equipment Subsidy,75000.0,One-Time,"Reimbursement for ISO, ZED, and international trade mark registration costs. (₹75,000)"
110,andhra-pradesh-phase-2-credit-linked-capital-subsidy-for-tech-upgradation,Credit Linked Capital Subsidy for Tech Upgradation,Asset & Equipment Subsidy,150000.0,One-Time,"15% upfront capital subsidy for machinery modernization in manufacturing. (₹150,000)"
111,andhra-pradesh-phase-2-e-vehicle-green-mobility-subsidy,E-Vehicle & Green Mobility Subsidy,Asset & Equipment Subsidy,20000.0,One-Time,"Direct cash incentive on purchase of electric 2-wheelers and 3-wheelers. (₹20,000)"
112,andhra-pradesh-phase-2-rainwater-harvesting-ground-water-recharge-grant,Rainwater Harvesting & Ground Water Recharge Grant,Asset & Equipment Subsidy,15000.0,One-Time,"Subsidized rooftop rainwater harvesting system for individual residences. (₹15,000)"
113,andhra-pradesh-phase-2-bio-gas-cattle-dung-renewable-plant-subsidy,Bio-Gas & Cattle Dung Renewable Plant Subsidy,Asset & Equipment Subsidy,18000.0,One-Time,"Financial support for installing domestic Gobar-Dhan biogas units. (₹18,000)"
114,andhra-pradesh-phase-3-kisan-samriddhi-crop-assistance,Kisan Samriddhi & Crop Assistance,Asset & Equipment Subsidy,6000.0,One-Time,"Financial input subsidy for seed, fertilizer, and organic cultivation equipment. (₹6,000)"
115,andhra-pradesh-phase-3-solar-krishi-pump-subsidy,Solar Krishi Pump Subsidy,Asset & Equipment Subsidy,75000.0,One-Time,"Up to 90% capital subsidy for installing off-grid solar irrigation pumps. (₹75,000)"
116,andhra-pradesh-phase-3-horticulture-drip-irrigation-grant,Horticulture & Drip Irrigation Grant,Asset & Equipment Subsidy,25000.0,One-Time,"Direct subsidy for drip, sprinkler, and precision micro-irrigation installation. (₹25,000)"
117,andhra-pradesh-phase-3-dairy-cattle-development-incentive,Dairy & Cattle Development Incentive,Direct Cash Transfer (DBT),40000.0,One-Time,"Financial assistance for purchasing high-yield milch cows and buffaloes. (₹40,000)"
118,andhra-pradesh-phase-3-fodder-cultivation-animal-care-grant,Fodder Cultivation & Animal Care Grant,Asset & Equipment Subsidy,12000.0,One-Time,"Subsidized silage, quality seeds, and livestock health vaccination support. (₹12,000)"
119,andhra-pradesh-phase-3-fisheries-pond-biofloc-support,Fisheries Pond & Biofloc Support,Direct Cash Transfer (DBT),50000.0,One-Time,"Capital grant for biofloc fish farming, fingerling supply, and aerators. (₹50,000)"
120,andhra-pradesh-phase-3-soil-health-organic-farming-mission,Soil Health & Organic Farming Mission,Direct Cash Transfer (DBT),8000.0,One-Time,"Free soil nutrient testing kit and bio-compost financial top-up grant. (₹8,000)"
121,andhra-pradesh-phase-3-farm-mechanization-rotavator-subsidy,Farm Mechanization & Rotavator Subsidy,Asset & Equipment Subsidy,60000.0,One-Time,"Up to 50% subsidy on modern harvesters, rotavators, and custom hiring centers. (₹60,000)"
122,andhra-pradesh-phase-3-post-matric-merit-scholarship,Post-Matric Merit Scholarship,Scholarship & Academic Stipend,18000.0,One-Time,"Tuition fee waiver and maintenance stipend for higher collegiate education. (₹18,000)"
123,andhra-pradesh-phase-3-free-digital-tablet-laptop-distribution,Free Digital Tablet & Laptop Distribution,Asset & Equipment Subsidy,15000.0,One-Time,"High-speed digital learning devices distributed to meritorious board students. (₹15,000)"
124,andhra-pradesh-phase-3-competitive-exam-coaching-assistance,Competitive Exam Coaching Assistance,Scholarship & Academic Stipend,50000.0,One-Time,"100% sponsored classroom coaching for UPSC, PSC, JEE, and NEET exams. (₹50,000)"
125,andhra-pradesh-phase-3-girl-child-higher-education-incentive,Girl Child Higher Education Incentive,Direct Cash Transfer (DBT),25000.0,One-Time,"Direct milestone grant upon enrolling in undergraduate degree programs. (₹25,000)"
126,andhra-pradesh-phase-3-technical-polytechnic-skill-stipend,Technical & Polytechnic Skill Stipend,Scholarship & Academic Stipend,12000.0,Monthly,"Monthly allowance for students pursuing diploma and industrial training. (₹12,000)"
127,andhra-pradesh-phase-3-overseas-education-scholarship-for-ews,Overseas Education Scholarship for EWS,Subsidized / Collateral-Free Loan,500000.0,One-Time,"Educational loan interest subsidy for foreign universities. (₹500,000)"
128,andhra-pradesh-phase-3-special-education-aid-for-divyang-students,Special Education Aid for Divyang Students,Direct Cash Transfer (DBT),20000.0,One-Time,"Assistive braille, hearing aids, and transport allowance for disabled students. (₹20,000)"
129,andhra-pradesh-phase-3-matru-kalyan-nutrition-dbt,Matru Kalyan & Nutrition DBT,Subsidized Food & Nutrition,6000.0,One-Time,"Conditional cash transfer across pregnancy trimesters and post-natal care. (₹6,000)"
130,andhra-pradesh-phase-3-mahila-swavalamban-livelihood-grant,Mahila Swavalamban Livelihood Grant,Direct Cash Transfer (DBT),50000.0,One-Time,"Revolving seed fund for women Self-Help Groups (SHGs) to start enterprises. (₹50,000)"
131,andhra-pradesh-phase-3-kanya-vivah-marriage-assistance,Kanya Vivah & Marriage Assistance,Direct Cash Transfer (DBT),51000.0,One-Time,"Direct financial grant for marriage of daughters from economically weaker families. (₹51,000)"
132,andhra-pradesh-phase-3-working-women-hostel-transport-subsidy,Working Women Hostel & Transport Subsidy,Asset & Equipment Subsidy,15000.0,Monthly,"Subsidized secure safe housing and monthly urban commute pass. (₹15,000)"
133,andhra-pradesh-phase-3-single-mother-destitute-women-pension,Single Mother & Destitute Women Pension,Monthly Social Security Pension,15000.0,Monthly,"Monthly social security pension for widowed and abandoned women. (₹15,000)"
134,andhra-pradesh-phase-3-sukanya-samriddhi-high-interest-top-up,Sukanya Samriddhi High-Interest Top-Up,Asset & Equipment Subsidy,10000.0,One-Time,"State government interest subsidy top-up on girl child savings accounts. (₹10,000)"
135,andhra-pradesh-phase-3-universal-cashless-health-insurance,Universal Cashless Health Insurance,Health & Accidental Insurance Cover,500000.0,Annual,"Annual cashless hospitalization and surgical treatment cover in network hospitals. (₹500,000)"
136,andhra-pradesh-phase-3-critical-illness-relief-fund-cancer-kidney,Critical Illness Relief Fund (Cancer & Kidney),Health & Accidental Insurance Cover,200000.0,Claim-Based,"One-time financial relief grant for dialysis, chemotherapy, and heart surgery. (₹200,000)"
137,andhra-pradesh-phase-3-free-diagnostic-tests-medicine-scheme,Free Diagnostic Tests & Medicine Scheme,Direct Cash Transfer (DBT),10000.0,One-Time,"100% free prescription drugs and pathology tests at government clinics. (₹10,000)"
138,andhra-pradesh-phase-3-senior-citizen-specialized-geriatric-care,Senior Citizen Specialized Geriatric Care,Direct Cash Transfer (DBT),15000.0,One-Time,"Free cataract surgeries, hearing aids, and doorstep chronic care medicine. (₹15,000)"
139,andhra-pradesh-phase-3-emergency-accidental-trauma-insurance,Emergency Accidental Trauma Insurance,Health & Accidental Insurance Cover,100000.0,Claim-Based,"Immediate cashless golden-hour emergency trauma care coverage. (₹100,000)"
140,arunachal-pradesh-kisan-samriddhi-crop-assistance,Kisan Samriddhi & Crop Assistance,Asset & Equipment Subsidy,6000.0,One-Time,"Financial input subsidy for seed, fertilizer, and organic cultivation equipment. (₹6,000)"
141,arunachal-pradesh-solar-krishi-pump-subsidy,Solar Krishi Pump Subsidy,Asset & Equipment Subsidy,75000.0,One-Time,"Up to 90% capital subsidy for installing off-grid solar irrigation pumps. (₹75,000)"
142,arunachal-pradesh-horticulture-drip-irrigation-grant,Horticulture & Drip Irrigation Grant,Asset & Equipment Subsidy,25000.0,One-Time,"Direct subsidy for drip, sprinkler, and precision micro-irrigation installation. (₹25,000)"
143,arunachal-pradesh-dairy-cattle-development-incentive,Dairy & Cattle Development Incentive,Direct Cash Transfer (DBT),40000.0,One-Time,"Financial assistance for purchasing high-yield milch cows and buffaloes. (₹40,000)"
144,arunachal-pradesh-fodder-cultivation-animal-care-grant,Fodder Cultivation & Animal Care Grant,Asset & Equipment Subsidy,12000.0,One-Time,"Subsidized silage, quality seeds, and livestock health vaccination support. (₹12,000)"
145,arunachal-pradesh-fisheries-pond-biofloc-support,Fisheries Pond & Biofloc Support,Direct Cash Transfer (DBT),50000.0,One-Time,"Capital grant for biofloc fish farming, fingerling supply, and aerators. (₹50,000)"
146,arunachal-pradesh-soil-health-organic-farming-mission,Soil Health & Organic Farming Mission,Direct Cash Transfer (DBT),8000.0,One-Time,"Free soil nutrient testing kit and bio-compost financial top-up grant. (₹8,000)"
147,arunachal-pradesh-farm-mechanization-rotavator-subsidy,Farm Mechanization & Rotavator Subsidy,Asset & Equipment Subsidy,60000.0,One-Time,"Up to 50% subsidy on modern harvesters, rotavators, and custom hiring centers. (₹60,000)"
148,arunachal-pradesh-post-matric-merit-scholarship,Post-Matric Merit Scholarship,Scholarship & Academic Stipend,18000.0,One-Time,"Tuition fee waiver and maintenance stipend for higher collegiate education. (₹18,000)"
149,arunachal-pradesh-free-digital-tablet-laptop-distribution,Free Digital Tablet & Laptop Distribution,Asset & Equipment Subsidy,15000.0,One-Time,"High-speed digital learning devices distributed to meritorious board students. (₹15,000)"
150,arunachal-pradesh-competitive-exam-coaching-assistance,Competitive Exam Coaching Assistance,Scholarship & Academic Stipend,50000.0,One-Time,"100% sponsored classroom coaching for UPSC, PSC, JEE, and NEET exams. (₹50,000)"
151,arunachal-pradesh-girl-child-higher-education-incentive,Girl Child Higher Education Incentive,Direct Cash Transfer (DBT),25000.0,One-Time,"Direct milestone grant upon enrolling in undergraduate degree programs. (₹25,000)"
152,arunachal-pradesh-technical-polytechnic-skill-stipend,Technical & Polytechnic Skill Stipend,Scholarship & Academic Stipend,12000.0,Monthly,"Monthly allowance for students pursuing diploma and industrial training. (₹12,000)"
153,arunachal-pradesh-overseas-education-scholarship-for-ews,Overseas Education Scholarship for EWS,Subsidized / Collateral-Free Loan,500000.0,One-Time,"Educational loan interest subsidy for foreign universities. (₹500,000)"
154,arunachal-pradesh-special-education-aid-for-divyang-students,Special Education Aid for Divyang Students,Direct Cash Transfer (DBT),20000.0,One-Time,"Assistive braille, hearing aids, and transport allowance for disabled students. (₹20,000)"
155,arunachal-pradesh-matru-kalyan-nutrition-dbt,Matru Kalyan & Nutrition DBT,Subsidized Food & Nutrition,6000.0,One-Time,"Conditional cash transfer across pregnancy trimesters and post-natal care. (₹6,000)"
156,arunachal-pradesh-mahila-swavalamban-livelihood-grant,Mahila Swavalamban Livelihood Grant,Direct Cash Transfer (DBT),50000.0,One-Time,"Revolving seed fund for women Self-Help Groups (SHGs) to start enterprises. (₹50,000)"
157,arunachal-pradesh-kanya-vivah-marriage-assistance,Kanya Vivah & Marriage Assistance,Direct Cash Transfer (DBT),51000.0,One-Time,"Direct financial grant for marriage of daughters from economically weaker families. (₹51,000)"
158,arunachal-pradesh-working-women-hostel-transport-subsidy,Working Women Hostel & Transport Subsidy,Asset & Equipment Subsidy,15000.0,Monthly,"Subsidized secure safe housing and monthly urban commute pass. (₹15,000)"
159,arunachal-pradesh-single-mother-destitute-women-pension,Single Mother & Destitute Women Pension,Monthly Social Security Pension,15000.0,Monthly,"Monthly social security pension for widowed and abandoned women. (₹15,000)"
160,arunachal-pradesh-sukanya-samriddhi-high-interest-top-up,Sukanya Samriddhi High-Interest Top-Up,Asset & Equipment Subsidy,10000.0,One-Time,"State government interest subsidy top-up on girl child savings accounts. (₹10,000)"
161,arunachal-pradesh-universal-cashless-health-insurance,Universal Cashless Health Insurance,Health & Accidental Insurance Cover,500000.0,Annual,"Annual cashless hospitalization and surgical treatment cover in network hospitals. (₹500,000)"
162,arunachal-pradesh-critical-illness-relief-fund-cancer-kidney,Critical Illness Relief Fund (Cancer & Kidney),Health & Accidental Insurance Cover,200000.0,Claim-Based,"One-time financial relief grant for dialysis, chemotherapy, and heart surgery. (₹200,000)"
163,arunachal-pradesh-free-diagnostic-tests-medicine-scheme,Free Diagnostic Tests & Medicine Scheme,Direct Cash Transfer (DBT),10000.0,One-Time,"100% free prescription drugs and pathology tests at government clinics. (₹10,000)"
164,arunachal-pradesh-senior-citizen-specialized-geriatric-care,Senior Citizen Specialized Geriatric Care,Direct Cash Transfer (DBT),15000.0,One-Time,"Free cataract surgeries, hearing aids, and doorstep chronic care medicine. (₹15,000)"
165,arunachal-pradesh-emergency-accidental-trauma-insurance,Emergency Accidental Trauma Insurance,Health & Accidental Insurance Cover,100000.0,Claim-Based,"Immediate cashless golden-hour emergency trauma care coverage. (₹100,000)"
166,arunachal-pradesh-old-age-social-security-pension,Old Age Social Security Pension,Monthly Social Security Pension,12000.0,Monthly,"Monthly direct benefit transfer pension for elderly citizens aged 60 and above. (₹12,000)"
167,arunachal-pradesh-divyangjan-disability-monthly-pension,Divyangjan Disability Monthly Pension,Monthly Social Security Pension,18000.0,Monthly,"Monthly financial support and motorized tricycle allowance for disabled persons. (₹18,000)"
168,arunachal-pradesh-antyodaya-subsidized-food-security,Antyodaya Subsidized Food Security,Subsidized Food & Nutrition,8000.0,Monthly,"Subsidized monthly ration of 35kg foodgrains for poorest-of-poor households. (₹8,000)"
169,arunachal-pradesh-sanitation-workers-rehabilitation-grant,Sanitation Workers Rehabilitation Grant,Asset & Equipment Subsidy,40000.0,One-Time,"Capital subsidy and skill retraining for sanitary workers and sewer workers. (₹40,000)"
170,arunachal-pradesh-tribal-livelihood-forest-produce-grant,Tribal Livelihood & Forest Produce Grant,Asset & Equipment Subsidy,20000.0,One-Time,"Direct procurement support and value addition subsidy for minor forest produce. (₹20,000)"
171,arunachal-pradesh-youth-apprenticeship-monthly-stipend,Youth Apprenticeship Monthly Stipend,Scholarship & Academic Stipend,18000.0,Monthly,"Direct government stipend top-up for technical industrial apprenticeships. (₹18,000)"
172,arunachal-pradesh-artisan-craftsman-modern-tool-kit-grant,Artisan & Craftsman Modern Tool Kit Grant,Subsidized / Collateral-Free Loan,20000.0,One-Time,"Free motorized toolkits and collateral-free micro credit for traditional artisans. (₹20,000)"
173,arunachal-pradesh-rural-youth-driving-heavy-machinery-training,Rural Youth Driving & Heavy Machinery Training,Asset & Equipment Subsidy,25000.0,One-Time,"100% sponsored commercial vehicle and excavator driver training. (₹25,000)"
174,arunachal-pradesh-it-emerging-tech-bootcamp-voucher,IT & Emerging Tech Bootcamp Voucher,Scholarship & Academic Stipend,35000.0,One-Time,"Full tuition sponsorship for AI, Cloud, and Software certification bootcamps. (₹35,000)"
175,arunachal-pradesh-self-employment-micro-credit-guarantee,Self-Employment Micro-Credit Guarantee,Subsidized / Collateral-Free Loan,500000.0,One-Time,"Collateral-free subsidized loan up to ₹5 Lakh for starting local enterprises. (₹100,000)"
176,arunachal-pradesh-pucca-house-construction-subsidy,Pucca House Construction Subsidy,Asset & Equipment Subsidy,150000.0,Quarterly,"Direct installment financial grant for building disaster-resilient pucca home. (₹150,000)"
177,arunachal-pradesh-rooftop-solar-green-energy-assistance,Rooftop Solar & Green Energy Assistance,Asset & Equipment Subsidy,50000.0,One-Time,"Capital subsidy for grid-connected rooftop solar installation for homeowners. (₹50,000)"
178,arunachal-pradesh-slum-rehabilitation-ews-flat-allocation,Slum Rehabilitation & EWS Flat Allocation,Asset & Equipment Subsidy,250000.0,One-Time,"Subsidized ownership allotment of 1BHK flats with basic civic amenities. (₹250,000)"
179,arunachal-pradesh-rural-toilet-water-tap-incentive,Rural Toilet & Water Tap Incentive,Direct Cash Transfer (DBT),12000.0,One-Time,"Financial assistance for individual household latrines and clean piped tap. (₹12,000)"
180,arunachal-pradesh-micro-enterprise-collateral-free-loan,Micro Enterprise Collateral-Free Loan,Subsidized / Collateral-Free Loan,1000000.0,One-Time,"Guaranteed working capital and equipment loan up to ₹10 Lakh at subsidized interest. (₹200,000)"
181,arunachal-pradesh-women-entrepreneur-startup-grant,Women Entrepreneur Startup Grant,Direct Cash Transfer (DBT),100000.0,One-Time,"Seed funding capital grant for innovative women-founded MSME ventures. (₹100,000)"
182,arunachal-pradesh-export-promotion-quality-certification-subsidy,Export Promotion & Quality Certification Subsidy,Asset & Equipment Subsidy,75000.0,One-Time,"Reimbursement for ISO, ZED, and international trade mark registration costs. (₹75,000)"
183,arunachal-pradesh-credit-linked-capital-subsidy-for-tech-upgradation,Credit Linked Capital Subsidy for Tech Upgradation,Asset & Equipment Subsidy,150000.0,One-Time,"15% upfront capital subsidy for machinery modernization in manufacturing. (₹150,000)"
184,arunachal-pradesh-e-vehicle-green-mobility-subsidy,E-Vehicle & Green Mobility Subsidy,Asset & Equipment Subsidy,20000.0,One-Time,"Direct cash incentive on purchase of electric 2-wheelers and 3-wheelers. (₹20,000)"
185,arunachal-pradesh-rainwater-harvesting-ground-water-recharge-grant,Rainwater Harvesting & Ground Water Recharge Grant,Asset & Equipment Subsidy,15000.0,One-Time,"Subsidized rooftop rainwater harvesting system for individual residences. (₹15,000)"
186,arunachal-pradesh-bio-gas-cattle-dung-renewable-plant-subsidy,Bio-Gas & Cattle Dung Renewable Plant Subsidy,Asset & Equipment Subsidy,18000.0,One-Time,"Financial support for installing domestic Gobar-Dhan biogas units. (₹18,000)"
187,arunachal-pradesh-phase-2-kisan-samriddhi-crop-assistance,Kisan Samriddhi & Crop Assistance,Asset & Equipment Subsidy,6000.0,One-Time,"Financial input subsidy for seed, fertilizer, and organic cultivation equipment. (₹6,000)"
188,arunachal-pradesh-phase-2-solar-krishi-pump-subsidy,Solar Krishi Pump Subsidy,Asset & Equipment Subsidy,75000.0,One-Time,"Up to 90% capital subsidy for installing off-grid solar irrigation pumps. (₹75,000)"
189,arunachal-pradesh-phase-2-horticulture-drip-irrigation-grant,Horticulture & Drip Irrigation Grant,Asset & Equipment Subsidy,25000.0,One-Time,"Direct subsidy for drip, sprinkler, and precision micro-irrigation installation. (₹25,000)"
190,arunachal-pradesh-phase-2-dairy-cattle-development-incentive,Dairy & Cattle Development Incentive,Direct Cash Transfer (DBT),40000.0,One-Time,"Financial assistance for purchasing high-yield milch cows and buffaloes. (₹40,000)"
191,arunachal-pradesh-phase-2-fodder-cultivation-animal-care-grant,Fodder Cultivation & Animal Care Grant,Asset & Equipment Subsidy,12000.0,One-Time,"Subsidized silage, quality seeds, and livestock health vaccination support. (₹12,000)"
192,arunachal-pradesh-phase-2-fisheries-pond-biofloc-support,Fisheries Pond & Biofloc Support,Direct Cash Transfer (DBT),50000.0,One-Time,"Capital grant for biofloc fish farming, fingerling supply, and aerators. (₹50,000)"
193,arunachal-pradesh-phase-2-soil-health-organic-farming-mission,Soil Health & Organic Farming Mission,Direct Cash Transfer (DBT),8000.0,One-Time,"Free soil nutrient testing kit and bio-compost financial top-up grant. (₹8,000)"
194,arunachal-pradesh-phase-2-farm-mechanization-rotavator-subsidy,Farm Mechanization & Rotavator Subsidy,Asset & Equipment Subsidy,60000.0,One-Time,"Up to 50% subsidy on modern harvesters, rotavators, and custom hiring centers. (₹60,000)"
195,arunachal-pradesh-phase-2-post-matric-merit-scholarship,Post-Matric Merit Scholarship,Scholarship & Academic Stipend,18000.0,One-Time,"Tuition fee waiver and maintenance stipend for higher collegiate education. (₹18,000)"
196,arunachal-pradesh-phase-2-free-digital-tablet-laptop-distribution,Free Digital Tablet & Laptop Distribution,Asset & Equipment Subsidy,15000.0,One-Time,"High-speed digital learning devices distributed to meritorious board students. (₹15,000)"
197,arunachal-pradesh-phase-2-competitive-exam-coaching-assistance,Competitive Exam Coaching Assistance,Scholarship & Academic Stipend,50000.0,One-Time,"100% sponsored classroom coaching for UPSC, PSC, JEE, and NEET exams. (₹50,000)"
198,arunachal-pradesh-phase-2-girl-child-higher-education-incentive,Girl Child Higher Education Incentive,Direct Cash Transfer (DBT),25000.0,One-Time,"Direct milestone grant upon enrolling in undergraduate degree programs. (₹25,000)"
199,arunachal-pradesh-phase-2-technical-polytechnic-skill-stipend,Technical & Polytechnic Skill Stipend,Scholarship & Academic Stipend,12000.0,Monthly,"Monthly allowance for students pursuing diploma and industrial training. (₹12,000)"
200,assam-kisan-samriddhi-crop-assistance,Kisan Samriddhi & Crop Assistance,Asset & Equipment Subsidy,6000.0,One-Time,"Financial input subsidy for seed, fertilizer, and organic cultivation equipment. (₹6,000)"
202,assam-horticulture-drip-irrigation-grant,Horticulture & Drip Irrigation Grant,Asset & Equipment Subsidy,25000.0,One-Time,"Direct subsidy for drip, sprinkler, and precision micro-irrigation installation. (₹25,000)"
203,assam-dairy-cattle-development-incentive,Dairy & Cattle Development Incentive,Direct Cash Transfer (DBT),40000.0,One-Time,"Financial assistance for purchasing high-yield milch cows and buffaloes. (₹40,000)"
204,assam-fodder-cultivation-animal-care-grant,Fodder Cultivation & Animal Care Grant,Asset & Equipment Subsidy,12000.0,One-Time,"Subsidized silage, quality seeds, and livestock health vaccination support. (₹12,000)"
205,assam-fisheries-pond-biofloc-support,Fisheries Pond & Biofloc Support,Direct Cash Transfer (DBT),50000.0,One-Time,"Capital grant for biofloc fish farming, fingerling supply, and aerators. (₹50,000)"
206,assam-soil-health-organic-farming-mission,Soil Health & Organic Farming Mission,Direct Cash Transfer (DBT),8000.0,One-Time,"Free soil nutrient testing kit and bio-compost financial top-up grant. (₹8,000)"
207,assam-farm-mechanization-rotavator-subsidy,Farm Mechanization & Rotavator Subsidy,Asset & Equipment Subsidy,60000.0,One-Time,"Up to 50% subsidy on modern harvesters, rotavators, and custom hiring centers. (₹60,000)"
208,assam-post-matric-merit-scholarship,Post-Matric Merit Scholarship,Scholarship & Academic Stipend,18000.0,One-Time,"Tuition fee waiver and maintenance stipend for higher collegiate education. (₹18,000)"
209,assam-free-digital-tablet-laptop-distribution,Free Digital Tablet & Laptop Distribution,Asset & Equipment Subsidy,15000.0,One-Time,"High-speed digital learning devices distributed to meritorious board students. (₹15,000)"
210,assam-competitive-exam-coaching-assistance,Competitive Exam Coaching Assistance,Scholarship & Academic Stipend,50000.0,One-Time,"100% sponsored classroom coaching for UPSC, PSC, JEE, and NEET exams. (₹50,000)"
211,assam-girl-child-higher-education-incentive,Girl Child Higher Education Incentive,Direct Cash Transfer (DBT),25000.0,One-Time,"Direct milestone grant upon enrolling in undergraduate degree programs. (₹25,000)"
212,assam-technical-polytechnic-skill-stipend,Technical & Polytechnic Skill Stipend,Scholarship & Academic Stipend,12000.0,Monthly,"Monthly allowance for students pursuing diploma and industrial training. (₹12,000)"
213,assam-overseas-education-scholarship-for-ews,Overseas Education Scholarship for EWS,Subsidized / Collateral-Free Loan,500000.0,One-Time,"Educational loan interest subsidy for foreign universities. (₹500,000)"
214,assam-special-education-aid-for-divyang-students,Special Education Aid for Divyang Students,Direct Cash Transfer (DBT),20000.0,One-Time,"Assistive braille, hearing aids, and transport allowance for disabled students. (₹20,000)"
215,assam-matru-kalyan-nutrition-dbt,Matru Kalyan & Nutrition DBT,Subsidized Food & Nutrition,6000.0,One-Time,"Conditional cash transfer across pregnancy trimesters and post-natal care. (₹6,000)"
216,assam-mahila-swavalamban-livelihood-grant,Mahila Swavalamban Livelihood Grant,Direct Cash Transfer (DBT),50000.0,One-Time,"Revolving seed fund for women Self-Help Groups (SHGs) to start enterprises. (₹50,000)"
217,assam-kanya-vivah-marriage-assistance,Kanya Vivah & Marriage Assistance,Direct Cash Transfer (DBT),51000.0,One-Time,"Direct financial grant for marriage of daughters from economically weaker families. (₹51,000)"
218,assam-working-women-hostel-transport-subsidy,Working Women Hostel & Transport Subsidy,Asset & Equipment Subsidy,15000.0,Monthly,"Subsidized secure safe housing and monthly urban commute pass. (₹15,000)"
219,assam-single-mother-destitute-women-pension,Single Mother & Destitute Women Pension,Monthly Social Security Pension,15000.0,Monthly,"Monthly social security pension for widowed and abandoned women. (₹15,000)"
220,assam-sukanya-samriddhi-high-interest-top-up,Sukanya Samriddhi High-Interest Top-Up,Asset & Equipment Subsidy,10000.0,One-Time,"State government interest subsidy top-up on girl child savings accounts. (₹10,000)"
221,assam-universal-cashless-health-insurance,Universal Cashless Health Insurance,Health & Accidental Insurance Cover,500000.0,Annual,"Annual cashless hospitalization and surgical treatment cover in network hospitals. (₹500,000)"
222,assam-critical-illness-relief-fund-cancer-kidney,Critical Illness Relief Fund (Cancer & Kidney),Health & Accidental Insurance Cover,200000.0,Claim-Based,"One-time financial relief grant for dialysis, chemotherapy, and heart surgery. (₹200,000)"
223,assam-free-diagnostic-tests-medicine-scheme,Free Diagnostic Tests & Medicine Scheme,Direct Cash Transfer (DBT),10000.0,One-Time,"100% free prescription drugs and pathology tests at government clinics. (₹10,000)"
224,assam-senior-citizen-specialized-geriatric-care,Senior Citizen Specialized Geriatric Care,Direct Cash Transfer (DBT),15000.0,One-Time,"Free cataract surgeries, hearing aids, and doorstep chronic care medicine. (₹15,000)"
225,assam-emergency-accidental-trauma-insurance,Emergency Accidental Trauma Insurance,Health & Accidental Insurance Cover,100000.0,Claim-Based,"Immediate cashless golden-hour emergency trauma care coverage. (₹100,000)"
226,assam-old-age-social-security-pension,Old Age Social Security Pension,Monthly Social Security Pension,12000.0,Monthly,"Monthly direct benefit transfer pension for elderly citizens aged 60 and above. (₹12,000)"
227,assam-divyangjan-disability-monthly-pension,Divyangjan Disability Monthly Pension,Monthly Social Security Pension,18000.0,Monthly,"Monthly financial support and motorized tricycle allowance for disabled persons. (₹18,000)"
228,assam-antyodaya-subsidized-food-security,Antyodaya Subsidized Food Security,Subsidized Food & Nutrition,8000.0,Monthly,"Subsidized monthly ration of 35kg foodgrains for poorest-of-poor households. (₹8,000)"
229,assam-sanitation-workers-rehabilitation-grant,Sanitation Workers Rehabilitation Grant,Asset & Equipment Subsidy,40000.0,One-Time,"Capital subsidy and skill retraining for sanitary workers and sewer workers. (₹40,000)"
230,assam-tribal-livelihood-forest-produce-grant,Tribal Livelihood & Forest Produce Grant,Asset & Equipment Subsidy,20000.0,One-Time,"Direct procurement support and value addition subsidy for minor forest produce. (₹20,000)"
231,assam-youth-apprenticeship-monthly-stipend,Youth Apprenticeship Monthly Stipend,Scholarship & Academic Stipend,18000.0,Monthly,"Direct government stipend top-up for technical industrial apprenticeships. (₹18,000)"
232,assam-artisan-craftsman-modern-tool-kit-grant,Artisan & Craftsman Modern Tool Kit Grant,Subsidized / Collateral-Free Loan,20000.0,One-Time,"Free motorized toolkits and collateral-free micro credit for traditional artisans. (₹20,000)"
233,assam-rural-youth-driving-heavy-machinery-training,Rural Youth Driving & Heavy Machinery Training,Asset & Equipment Subsidy,25000.0,One-Time,"100% sponsored commercial vehicle and excavator driver training. (₹25,000)"
234,assam-it-emerging-tech-bootcamp-voucher,IT & Emerging Tech Bootcamp Voucher,Scholarship & Academic Stipend,35000.0,One-Time,"Full tuition sponsorship for AI, Cloud, and Software certification bootcamps. (₹35,000)"
252,assam-phase-2-fisheries-pond-biofloc-support,Fisheries Pond & Biofloc Support,Direct Cash Transfer (DBT),50000.0,One-Time,"Capital grant for biofloc fish farming, fingerling supply, and aerators. (₹50,000)"
235,assam-self-employment-micro-credit-guarantee,Self-Employment Micro-Credit Guarantee,Subsidized / Collateral-Free Loan,500000.0,One-Time,"Collateral-free subsidized loan up to ₹5 Lakh for starting local enterprises. (₹100,000)"
236,assam-pucca-house-construction-subsidy,Pucca House Construction Subsidy,Asset & Equipment Subsidy,150000.0,Quarterly,"Direct installment financial grant for building disaster-resilient pucca home. (₹150,000)"
237,assam-rooftop-solar-green-energy-assistance,Rooftop Solar & Green Energy Assistance,Asset & Equipment Subsidy,50000.0,One-Time,"Capital subsidy for grid-connected rooftop solar installation for homeowners. (₹50,000)"
238,assam-slum-rehabilitation-ews-flat-allocation,Slum Rehabilitation & EWS Flat Allocation,Asset & Equipment Subsidy,250000.0,One-Time,"Subsidized ownership allotment of 1BHK flats with basic civic amenities. (₹250,000)"
239,assam-rural-toilet-water-tap-incentive,Rural Toilet & Water Tap Incentive,Direct Cash Transfer (DBT),12000.0,One-Time,"Financial assistance for individual household latrines and clean piped tap. (₹12,000)"
240,assam-micro-enterprise-collateral-free-loan,Micro Enterprise Collateral-Free Loan,Subsidized / Collateral-Free Loan,1000000.0,One-Time,"Guaranteed working capital and equipment loan up to ₹10 Lakh at subsidized interest. (₹200,000)"
241,assam-women-entrepreneur-startup-grant,Women Entrepreneur Startup Grant,Direct Cash Transfer (DBT),100000.0,One-Time,"Seed funding capital grant for innovative women-founded MSME ventures. (₹100,000)"
242,assam-export-promotion-quality-certification-subsidy,Export Promotion & Quality Certification Subsidy,Asset & Equipment Subsidy,75000.0,One-Time,"Reimbursement for ISO, ZED, and international trade mark registration costs. (₹75,000)"
243,assam-credit-linked-capital-subsidy-for-tech-upgradation,Credit Linked Capital Subsidy for Tech Upgradation,Asset & Equipment Subsidy,150000.0,One-Time,"15% upfront capital subsidy for machinery modernization in manufacturing. (₹150,000)"
244,assam-e-vehicle-green-mobility-subsidy,E-Vehicle & Green Mobility Subsidy,Asset & Equipment Subsidy,20000.0,One-Time,"Direct cash incentive on purchase of electric 2-wheelers and 3-wheelers. (₹20,000)"
245,assam-rainwater-harvesting-ground-water-recharge-grant,Rainwater Harvesting & Ground Water Recharge Grant,Asset & Equipment Subsidy,15000.0,One-Time,"Subsidized rooftop rainwater harvesting system for individual residences. (₹15,000)"
246,assam-bio-gas-cattle-dung-renewable-plant-subsidy,Bio-Gas & Cattle Dung Renewable Plant Subsidy,Asset & Equipment Subsidy,18000.0,One-Time,"Financial support for installing domestic Gobar-Dhan biogas units. (₹18,000)"
247,assam-phase-2-kisan-samriddhi-crop-assistance,Kisan Samriddhi & Crop Assistance,Asset & Equipment Subsidy,6000.0,One-Time,"Financial input subsidy for seed, fertilizer, and organic cultivation equipment. (₹6,000)"
248,assam-phase-2-solar-krishi-pump-subsidy,Solar Krishi Pump Subsidy,Asset & Equipment Subsidy,75000.0,One-Time,"Up to 90% capital subsidy for installing off-grid solar irrigation pumps. (₹75,000)"
249,assam-phase-2-horticulture-drip-irrigation-grant,Horticulture & Drip Irrigation Grant,Asset & Equipment Subsidy,25000.0,One-Time,"Direct subsidy for drip, sprinkler, and precision micro-irrigation installation. (₹25,000)"
250,assam-phase-2-dairy-cattle-development-incentive,Dairy & Cattle Development Incentive,Direct Cash Transfer (DBT),40000.0,One-Time,"Financial assistance for purchasing high-yield milch cows and buffaloes. (₹40,000)"
251,assam-phase-2-fodder-cultivation-animal-care-grant,Fodder Cultivation & Animal Care Grant,Asset & Equipment Subsidy,12000.0,One-Time,"Subsidized silage, quality seeds, and livestock health vaccination support. (₹12,000)"
253,assam-phase-2-soil-health-organic-farming-mission,Soil Health & Organic Farming Mission,Direct Cash Transfer (DBT),8000.0,One-Time,"Free soil nutrient testing kit and bio-compost financial top-up grant. (₹8,000)"
254,assam-phase-2-farm-mechanization-rotavator-subsidy,Farm Mechanization & Rotavator Subsidy,Asset & Equipment Subsidy,60000.0,One-Time,"Up to 50% subsidy on modern harvesters, rotavators, and custom hiring centers. (₹60,000)"
255,assam-phase-2-post-matric-merit-scholarship,Post-Matric Merit Scholarship,Scholarship & Academic Stipend,18000.0,One-Time,"Tuition fee waiver and maintenance stipend for higher collegiate education. (₹18,000)"
256,assam-phase-2-free-digital-tablet-laptop-distribution,Free Digital Tablet & Laptop Distribution,Asset & Equipment Subsidy,15000.0,One-Time,"High-speed digital learning devices distributed to meritorious board students. (₹15,000)"
257,assam-phase-2-competitive-exam-coaching-assistance,Competitive Exam Coaching Assistance,Scholarship & Academic Stipend,50000.0,One-Time,"100% sponsored classroom coaching for UPSC, PSC, JEE, and NEET exams. (₹50,000)"
258,assam-phase-2-girl-child-higher-education-incentive,Girl Child Higher Education Incentive,Direct Cash Transfer (DBT),25000.0,One-Time,"Direct milestone grant upon enrolling in undergraduate degree programs. (₹25,000)"
259,assam-phase-2-technical-polytechnic-skill-stipend,Technical & Polytechnic Skill Stipend,Scholarship & Academic Stipend,12000.0,Monthly,"Monthly allowance for students pursuing diploma and industrial training. (₹12,000)"
260,assam-phase-2-overseas-education-scholarship-for-ews,Overseas Education Scholarship for EWS,Subsidized / Collateral-Free Loan,500000.0,One-Time,"Educational loan interest subsidy for foreign universities. (₹500,000)"
261,assam-phase-2-special-education-aid-for-divyang-students,Special Education Aid for Divyang Students,Direct Cash Transfer (DBT),20000.0,One-Time,"Assistive braille, hearing aids, and transport allowance for disabled students. (₹20,000)"
262,assam-phase-2-matru-kalyan-nutrition-dbt,Matru Kalyan & Nutrition DBT,Subsidized Food & Nutrition,6000.0,One-Time,"Conditional cash transfer across pregnancy trimesters and post-natal care. (₹6,000)"
263,assam-phase-2-mahila-swavalamban-livelihood-grant,Mahila Swavalamban Livelihood Grant,Direct Cash Transfer (DBT),50000.0,One-Time,"Revolving seed fund for women Self-Help Groups (SHGs) to start enterprises. (₹50,000)"
264,assam-phase-2-kanya-vivah-marriage-assistance,Kanya Vivah & Marriage Assistance,Direct Cash Transfer (DBT),51000.0,One-Time,"Direct financial grant for marriage of daughters from economically weaker families. (₹51,000)"
265,assam-phase-2-working-women-hostel-transport-subsidy,Working Women Hostel & Transport Subsidy,Asset & Equipment Subsidy,15000.0,Monthly,"Subsidized secure safe housing and monthly urban commute pass. (₹15,000)"
266,assam-phase-2-single-mother-destitute-women-pension,Single Mother & Destitute Women Pension,Monthly Social Security Pension,15000.0,Monthly,"Monthly social security pension for widowed and abandoned women. (₹15,000)"
267,assam-phase-2-sukanya-samriddhi-high-interest-top-up,Sukanya Samriddhi High-Interest Top-Up,Asset & Equipment Subsidy,10000.0,One-Time,"State government interest subsidy top-up on girl child savings accounts. (₹10,000)"
268,assam-phase-2-universal-cashless-health-insurance,Universal Cashless Health Insurance,Health & Accidental Insurance Cover,500000.0,Annual,"Annual cashless hospitalization and surgical treatment cover in network hospitals. (₹500,000)"
269,assam-phase-2-critical-illness-relief-fund-cancer-kidney,Critical Illness Relief Fund (Cancer & Kidney),Health & Accidental Insurance Cover,200000.0,Claim-Based,"One-time financial relief grant for dialysis, chemotherapy, and heart surgery. (₹200,000)"
270,assam-phase-2-free-diagnostic-tests-medicine-scheme,Free Diagnostic Tests & Medicine Scheme,Direct Cash Transfer (DBT),10000.0,One-Time,"100% free prescription drugs and pathology tests at government clinics. (₹10,000)"
271,assam-phase-2-senior-citizen-specialized-geriatric-care,Senior Citizen Specialized Geriatric Care,Direct Cash Transfer (DBT),15000.0,One-Time,"Free cataract surgeries, hearing aids, and doorstep chronic care medicine. (₹15,000)"
272,assam-phase-2-emergency-accidental-trauma-insurance,Emergency Accidental Trauma Insurance,Health & Accidental Insurance Cover,100000.0,Claim-Based,"Immediate cashless golden-hour emergency trauma care coverage. (₹100,000)"
273,assam-phase-2-old-age-social-security-pension,Old Age Social Security Pension,Monthly Social Security Pension,12000.0,Monthly,"Monthly direct benefit transfer pension for elderly citizens aged 60 and above. (₹12,000)"
274,assam-phase-2-divyangjan-disability-monthly-pension,Divyangjan Disability Monthly Pension,Monthly Social Security Pension,18000.0,Monthly,"Monthly financial support and motorized tricycle allowance for disabled persons. (₹18,000)"
275,assam-phase-2-antyodaya-subsidized-food-security,Antyodaya Subsidized Food Security,Subsidized Food & Nutrition,8000.0,Monthly,"Subsidized monthly ration of 35kg foodgrains for poorest-of-poor households. (₹8,000)"
276,assam-phase-2-sanitation-workers-rehabilitation-grant,Sanitation Workers Rehabilitation Grant,Asset & Equipment Subsidy,40000.0,One-Time,"Capital subsidy and skill retraining for sanitary workers and sewer workers. (₹40,000)"
277,assam-phase-2-tribal-livelihood-forest-produce-grant,Tribal Livelihood & Forest Produce Grant,Asset & Equipment Subsidy,20000.0,One-Time,"Direct procurement support and value addition subsidy for minor forest produce. (₹20,000)"
278,assam-phase-2-youth-apprenticeship-monthly-stipend,Youth Apprenticeship Monthly Stipend,Scholarship & Academic Stipend,18000.0,Monthly,"Direct government stipend top-up for technical industrial apprenticeships. (₹18,000)"
279,assam-phase-2-artisan-craftsman-modern-tool-kit-grant,Artisan & Craftsman Modern Tool Kit Grant,Subsidized / Collateral-Free Loan,20000.0,One-Time,"Free motorized toolkits and collateral-free micro credit for traditional artisans. (₹20,000)"
280,assam-phase-2-rural-youth-driving-heavy-machinery-training,Rural Youth Driving & Heavy Machinery Training,Asset & Equipment Subsidy,25000.0,One-Time,"100% sponsored commercial vehicle and excavator driver training. (₹25,000)"
281,assam-phase-2-it-emerging-tech-bootcamp-voucher,IT & Emerging Tech Bootcamp Voucher,Scholarship & Academic Stipend,35000.0,One-Time,"Full tuition sponsorship for AI, Cloud, and Software certification bootcamps. (₹35,000)"
282,assam-phase-2-self-employment-micro-credit-guarantee,Self-Employment Micro-Credit Guarantee,Subsidized / Collateral-Free Loan,500000.0,One-Time,"Collateral-free subsidized loan up to ₹5 Lakh for starting local enterprises. (₹100,000)"
283,assam-phase-2-pucca-house-construction-subsidy,Pucca House Construction Subsidy,Asset & Equipment Subsidy,150000.0,Quarterly,"Direct installment financial grant for building disaster-resilient pucca home. (₹150,000)"
284,assam-phase-2-rooftop-solar-green-energy-assistance,Rooftop Solar & Green Energy Assistance,Asset & Equipment Subsidy,50000.0,One-Time,"Capital subsidy for grid-connected rooftop solar installation for homeowners. (₹50,000)"
285,assam-phase-2-slum-rehabilitation-ews-flat-allocation,Slum Rehabilitation & EWS Flat Allocation,Asset & Equipment Subsidy,250000.0,One-Time,"Subsidized ownership allotment of 1BHK flats with basic civic amenities. (₹250,000)"
286,assam-phase-2-rural-toilet-water-tap-incentive,Rural Toilet & Water Tap Incentive,Direct Cash Transfer (DBT),12000.0,One-Time,"Financial assistance for individual household latrines and clean piped tap. (₹12,000)"
287,assam-phase-2-micro-enterprise-collateral-free-loan,Micro Enterprise Collateral-Free Loan,Subsidized / Collateral-Free Loan,1000000.0,One-Time,"Guaranteed working capital and equipment loan up to ₹10 Lakh at subsidized interest. (₹200,000)"
288,assam-phase-2-women-entrepreneur-startup-grant,Women Entrepreneur Startup Grant,Direct Cash Transfer (DBT),100000.0,One-Time,"Seed funding capital grant for innovative women-founded MSME ventures. (₹100,000)"
289,assam-phase-2-export-promotion-quality-certification-subsidy,Export Promotion & Quality Certification Subsidy,Asset & Equipment Subsidy,75000.0,One-Time,"Reimbursement for ISO, ZED, and international trade mark registration costs. (₹75,000)"
290,assam-phase-2-credit-linked-capital-subsidy-for-tech-upgradation,Credit Linked Capital Subsidy for Tech Upgradation,Asset & Equipment Subsidy,150000.0,One-Time,"15% upfront capital subsidy for machinery modernization in manufacturing. (₹150,000)"
291,assam-phase-2-e-vehicle-green-mobility-subsidy,E-Vehicle & Green Mobility Subsidy,Asset & Equipment Subsidy,20000.0,One-Time,"Direct cash incentive on purchase of electric 2-wheelers and 3-wheelers. (₹20,000)"
292,assam-phase-2-rainwater-harvesting-ground-water-recharge-grant,Rainwater Harvesting & Ground Water Recharge Grant,Asset & Equipment Subsidy,15000.0,One-Time,"Subsidized rooftop rainwater harvesting system for individual residences. (₹15,000)"
293,assam-phase-2-bio-gas-cattle-dung-renewable-plant-subsidy,Bio-Gas & Cattle Dung Renewable Plant Subsidy,Asset & Equipment Subsidy,18000.0,One-Time,"Financial support for installing domestic Gobar-Dhan biogas units. (₹18,000)"
294,assam-phase-3-kisan-samriddhi-crop-assistance,Kisan Samriddhi & Crop Assistance,Asset & Equipment Subsidy,6000.0,One-Time,"Financial input subsidy for seed, fertilizer, and organic cultivation equipment. (₹6,000)"
295,assam-phase-3-solar-krishi-pump-subsidy,Solar Krishi Pump Subsidy,Asset & Equipment Subsidy,75000.0,One-Time,"Up to 90% capital subsidy for installing off-grid solar irrigation pumps. (₹75,000)"
296,assam-phase-3-horticulture-drip-irrigation-grant,Horticulture & Drip Irrigation Grant,Asset & Equipment Subsidy,25000.0,One-Time,"Direct subsidy for drip, sprinkler, and precision micro-irrigation installation. (₹25,000)"
297,assam-phase-3-dairy-cattle-development-incentive,Dairy & Cattle Development Incentive,Direct Cash Transfer (DBT),40000.0,One-Time,"Financial assistance for purchasing high-yield milch cows and buffaloes. (₹40,000)"
298,assam-phase-3-fodder-cultivation-animal-care-grant,Fodder Cultivation & Animal Care Grant,Asset & Equipment Subsidy,12000.0,One-Time,"Subsidized silage, quality seeds, and livestock health vaccination support. (₹12,000)"
299,assam-phase-3-fisheries-pond-biofloc-support,Fisheries Pond & Biofloc Support,Direct Cash Transfer (DBT),50000.0,One-Time,"Capital grant for biofloc fish farming, fingerling supply, and aerators. (₹50,000)"
300,bihar-kisan-samriddhi-crop-assistance,Kisan Samriddhi & Crop Assistance,Asset & Equipment Subsidy,6000.0,One-Time,"Financial input subsidy for seed, fertilizer, and organic cultivation equipment. (₹6,000)"
301,bihar-solar-krishi-pump-subsidy,Solar Krishi Pump Subsidy,Asset & Equipment Subsidy,75000.0,One-Time,"Up to 90% capital subsidy for installing off-grid solar irrigation pumps. (₹75,000)"
302,bihar-horticulture-drip-irrigation-grant,Horticulture & Drip Irrigation Grant,Asset & Equipment Subsidy,25000.0,One-Time,"Direct subsidy for drip, sprinkler, and precision micro-irrigation installation. (₹25,000)"
303,bihar-dairy-cattle-development-incentive,Dairy & Cattle Development Incentive,Direct Cash Transfer (DBT),40000.0,One-Time,"Financial assistance for purchasing high-yield milch cows and buffaloes. (₹40,000)"
304,bihar-fodder-cultivation-animal-care-grant,Fodder Cultivation & Animal Care Grant,Asset & Equipment Subsidy,12000.0,One-Time,"Subsidized silage, quality seeds, and livestock health vaccination support. (₹12,000)"
305,bihar-fisheries-pond-biofloc-support,Fisheries Pond & Biofloc Support,Direct Cash Transfer (DBT),50000.0,One-Time,"Capital grant for biofloc fish farming, fingerling supply, and aerators. (₹50,000)"
306,bihar-soil-health-organic-farming-mission,Soil Health & Organic Farming Mission,Direct Cash Transfer (DBT),8000.0,One-Time,"Free soil nutrient testing kit and bio-compost financial top-up grant. (₹8,000)"
307,bihar-farm-mechanization-rotavator-subsidy,Farm Mechanization & Rotavator Subsidy,Asset & Equipment Subsidy,60000.0,One-Time,"Up to 50% subsidy on modern harvesters, rotavators, and custom hiring centers. (₹60,000)"
308,bihar-post-matric-merit-scholarship,Post-Matric Merit Scholarship,Scholarship & Academic Stipend,18000.0,One-Time,"Tuition fee waiver and maintenance stipend for higher collegiate education. (₹18,000)"
309,bihar-free-digital-tablet-laptop-distribution,Free Digital Tablet & Laptop Distribution,Asset & Equipment Subsidy,15000.0,One-Time,"High-speed digital learning devices distributed to meritorious board students. (₹15,000)"
310,bihar-competitive-exam-coaching-assistance,Competitive Exam Coaching Assistance,Scholarship & Academic Stipend,50000.0,One-Time,"100% sponsored classroom coaching for UPSC, PSC, JEE, and NEET exams. (₹50,000)"
311,bihar-girl-child-higher-education-incentive,Girl Child Higher Education Incentive,Direct Cash Transfer (DBT),25000.0,One-Time,"Direct milestone grant upon enrolling in undergraduate degree programs. (₹25,000)"
312,bihar-technical-polytechnic-skill-stipend,Technical & Polytechnic Skill Stipend,Scholarship & Academic Stipend,12000.0,Monthly,"Monthly allowance for students pursuing diploma and industrial training. (₹12,000)"
313,bihar-overseas-education-scholarship-for-ews,Overseas Education Scholarship for EWS,Subsidized / Collateral-Free Loan,500000.0,One-Time,"Educational loan interest subsidy for foreign universities. (₹500,000)"
314,bihar-special-education-aid-for-divyang-students,Special Education Aid for Divyang Students,Direct Cash Transfer (DBT),20000.0,One-Time,"Assistive braille, hearing aids, and transport allowance for disabled students. (₹20,000)"
315,bihar-matru-kalyan-nutrition-dbt,Matru Kalyan & Nutrition DBT,Subsidized Food & Nutrition,6000.0,One-Time,"Conditional cash transfer across pregnancy trimesters and post-natal care. (₹6,000)"
316,bihar-mahila-swavalamban-livelihood-grant,Mahila Swavalamban Livelihood Grant,Direct Cash Transfer (DBT),50000.0,One-Time,"Revolving seed fund for women Self-Help Groups (SHGs) to start enterprises. (₹50,000)"
317,bihar-kanya-vivah-marriage-assistance,Kanya Vivah & Marriage Assistance,Direct Cash Transfer (DBT),51000.0,One-Time,"Direct financial grant for marriage of daughters from economically weaker families. (₹51,000)"
318,bihar-working-women-hostel-transport-subsidy,Working Women Hostel & Transport Subsidy,Asset & Equipment Subsidy,15000.0,Monthly,"Subsidized secure safe housing and monthly urban commute pass. (₹15,000)"
319,bihar-single-mother-destitute-women-pension,Single Mother & Destitute Women Pension,Monthly Social Security Pension,15000.0,Monthly,"Monthly social security pension for widowed and abandoned women. (₹15,000)"
320,bihar-sukanya-samriddhi-high-interest-top-up,Sukanya Samriddhi High-Interest Top-Up,Asset & Equipment Subsidy,10000.0,One-Time,"State government interest subsidy top-up on girl child savings accounts. (₹10,000)"
321,bihar-universal-cashless-health-insurance,Universal Cashless Health Insurance,Health & Accidental Insurance Cover,500000.0,Annual,"Annual cashless hospitalization and surgical treatment cover in network hospitals. (₹500,000)"
322,bihar-critical-illness-relief-fund-cancer-kidney,Critical Illness Relief Fund (Cancer & Kidney),Health & Accidental Insurance Cover,200000.0,Claim-Based,"One-time financial relief grant for dialysis, chemotherapy, and heart surgery. (₹200,000)"
323,bihar-free-diagnostic-tests-medicine-scheme,Free Diagnostic Tests & Medicine Scheme,Direct Cash Transfer (DBT),10000.0,One-Time,"100% free prescription drugs and pathology tests at government clinics. (₹10,000)"
324,bihar-senior-citizen-specialized-geriatric-care,Senior Citizen Specialized Geriatric Care,Direct Cash Transfer (DBT),15000.0,One-Time,"Free cataract surgeries, hearing aids, and doorstep chronic care medicine. (₹15,000)"
325,bihar-emergency-accidental-trauma-insurance,Emergency Accidental Trauma Insurance,Health & Accidental Insurance Cover,100000.0,Claim-Based,"Immediate cashless golden-hour emergency trauma care coverage. (₹100,000)"
326,bihar-old-age-social-security-pension,Old Age Social Security Pension,Monthly Social Security Pension,12000.0,Monthly,"Monthly direct benefit transfer pension for elderly citizens aged 60 and above. (₹12,000)"
327,bihar-divyangjan-disability-monthly-pension,Divyangjan Disability Monthly Pension,Monthly Social Security Pension,18000.0,Monthly,"Monthly financial support and motorized tricycle allowance for disabled persons. (₹18,000)"
328,bihar-antyodaya-subsidized-food-security,Antyodaya Subsidized Food Security,Subsidized Food & Nutrition,8000.0,Monthly,"Subsidized monthly ration of 35kg foodgrains for poorest-of-poor households. (₹8,000)"
329,bihar-sanitation-workers-rehabilitation-grant,Sanitation Workers Rehabilitation Grant,Asset & Equipment Subsidy,40000.0,One-Time,"Capital subsidy and skill retraining for sanitary workers and sewer workers. (₹40,000)"
330,bihar-tribal-livelihood-forest-produce-grant,Tribal Livelihood & Forest Produce Grant,Asset & Equipment Subsidy,20000.0,One-Time,"Direct procurement support and value addition subsidy for minor forest produce. (₹20,000)"
331,bihar-youth-apprenticeship-monthly-stipend,Youth Apprenticeship Monthly Stipend,Scholarship & Academic Stipend,18000.0,Monthly,"Direct government stipend top-up for technical industrial apprenticeships. (₹18,000)"
332,bihar-artisan-craftsman-modern-tool-kit-grant,Artisan & Craftsman Modern Tool Kit Grant,Subsidized / Collateral-Free Loan,20000.0,One-Time,"Free motorized toolkits and collateral-free micro credit for traditional artisans. (₹20,000)"
333,bihar-rural-youth-driving-heavy-machinery-training,Rural Youth Driving & Heavy Machinery Training,Asset & Equipment Subsidy,25000.0,One-Time,"100% sponsored commercial vehicle and excavator driver training. (₹25,000)"
334,bihar-it-emerging-tech-bootcamp-voucher,IT & Emerging Tech Bootcamp Voucher,Scholarship & Academic Stipend,35000.0,One-Time,"Full tuition sponsorship for AI, Cloud, and Software certification bootcamps. (₹35,000)"
352,bihar-phase-2-fisheries-pond-biofloc-support,Fisheries Pond & Biofloc Support,Direct Cash Transfer (DBT),50000.0,One-Time,"Capital grant for biofloc fish farming, fingerling supply, and aerators. (₹50,000)"
335,bihar-self-employment-micro-credit-guarantee,Self-Employment Micro-Credit Guarantee,Subsidized / Collateral-Free Loan,500000.0,One-Time,"Collateral-free subsidized loan up to ₹5 Lakh for starting local enterprises. (₹100,000)"
336,bihar-pucca-house-construction-subsidy,Pucca House Construction Subsidy,Asset & Equipment Subsidy,150000.0,Quarterly,"Direct installment financial grant for building disaster-resilient pucca home. (₹150,000)"
337,bihar-rooftop-solar-green-energy-assistance,Rooftop Solar & Green Energy Assistance,Asset & Equipment Subsidy,50000.0,One-Time,"Capital subsidy for grid-connected rooftop solar installation for homeowners. (₹50,000)"
338,bihar-slum-rehabilitation-ews-flat-allocation,Slum Rehabilitation & EWS Flat Allocation,Asset & Equipment Subsidy,250000.0,One-Time,"Subsidized ownership allotment of 1BHK flats with basic civic amenities. (₹250,000)"
339,bihar-rural-toilet-water-tap-incentive,Rural Toilet & Water Tap Incentive,Direct Cash Transfer (DBT),12000.0,One-Time,"Financial assistance for individual household latrines and clean piped tap. (₹12,000)"
340,bihar-micro-enterprise-collateral-free-loan,Micro Enterprise Collateral-Free Loan,Subsidized / Collateral-Free Loan,1000000.0,One-Time,"Guaranteed working capital and equipment loan up to ₹10 Lakh at subsidized interest. (₹200,000)"
341,bihar-women-entrepreneur-startup-grant,Women Entrepreneur Startup Grant,Direct Cash Transfer (DBT),100000.0,One-Time,"Seed funding capital grant for innovative women-founded MSME ventures. (₹100,000)"
342,bihar-export-promotion-quality-certification-subsidy,Export Promotion & Quality Certification Subsidy,Asset & Equipment Subsidy,75000.0,One-Time,"Reimbursement for ISO, ZED, and international trade mark registration costs. (₹75,000)"
343,bihar-credit-linked-capital-subsidy-for-tech-upgradation,Credit Linked Capital Subsidy for Tech Upgradation,Asset & Equipment Subsidy,150000.0,One-Time,"15% upfront capital subsidy for machinery modernization in manufacturing. (₹150,000)"
344,bihar-e-vehicle-green-mobility-subsidy,E-Vehicle & Green Mobility Subsidy,Asset & Equipment Subsidy,20000.0,One-Time,"Direct cash incentive on purchase of electric 2-wheelers and 3-wheelers. (₹20,000)"
345,bihar-rainwater-harvesting-ground-water-recharge-grant,Rainwater Harvesting & Ground Water Recharge Grant,Asset & Equipment Subsidy,15000.0,One-Time,"Subsidized rooftop rainwater harvesting system for individual residences. (₹15,000)"
346,bihar-bio-gas-cattle-dung-renewable-plant-subsidy,Bio-Gas & Cattle Dung Renewable Plant Subsidy,Asset & Equipment Subsidy,18000.0,One-Time,"Financial support for installing domestic Gobar-Dhan biogas units. (₹18,000)"
347,bihar-phase-2-kisan-samriddhi-crop-assistance,Kisan Samriddhi & Crop Assistance,Asset & Equipment Subsidy,6000.0,One-Time,"Financial input subsidy for seed, fertilizer, and organic cultivation equipment. (₹6,000)"
348,bihar-phase-2-solar-krishi-pump-subsidy,Solar Krishi Pump Subsidy,Asset & Equipment Subsidy,75000.0,One-Time,"Up to 90% capital subsidy for installing off-grid solar irrigation pumps. (₹75,000)"
349,bihar-phase-2-horticulture-drip-irrigation-grant,Horticulture & Drip Irrigation Grant,Asset & Equipment Subsidy,25000.0,One-Time,"Direct subsidy for drip, sprinkler, and precision micro-irrigation installation. (₹25,000)"
350,bihar-phase-2-dairy-cattle-development-incentive,Dairy & Cattle Development Incentive,Direct Cash Transfer (DBT),40000.0,One-Time,"Financial assistance for purchasing high-yield milch cows and buffaloes. (₹40,000)"
351,bihar-phase-2-fodder-cultivation-animal-care-grant,Fodder Cultivation & Animal Care Grant,Asset & Equipment Subsidy,12000.0,One-Time,"Subsidized silage, quality seeds, and livestock health vaccination support. (₹12,000)"
353,bihar-phase-2-soil-health-organic-farming-mission,Soil Health & Organic Farming Mission,Direct Cash Transfer (DBT),8000.0,One-Time,"Free soil nutrient testing kit and bio-compost financial top-up grant. (₹8,000)"
354,bihar-phase-2-farm-mechanization-rotavator-subsidy,Farm Mechanization & Rotavator Subsidy,Asset & Equipment Subsidy,60000.0,One-Time,"Up to 50% subsidy on modern harvesters, rotavators, and custom hiring centers. (₹60,000)"
355,bihar-phase-2-post-matric-merit-scholarship,Post-Matric Merit Scholarship,Scholarship & Academic Stipend,18000.0,One-Time,"Tuition fee waiver and maintenance stipend for higher collegiate education. (₹18,000)"
356,bihar-phase-2-free-digital-tablet-laptop-distribution,Free Digital Tablet & Laptop Distribution,Asset & Equipment Subsidy,15000.0,One-Time,"High-speed digital learning devices distributed to meritorious board students. (₹15,000)"
357,bihar-phase-2-competitive-exam-coaching-assistance,Competitive Exam Coaching Assistance,Scholarship & Academic Stipend,50000.0,One-Time,"100% sponsored classroom coaching for UPSC, PSC, JEE, and NEET exams. (₹50,000)"
358,bihar-phase-2-girl-child-higher-education-incentive,Girl Child Higher Education Incentive,Direct Cash Transfer (DBT),25000.0,One-Time,"Direct milestone grant upon enrolling in undergraduate degree programs. (₹25,000)"
359,bihar-phase-2-technical-polytechnic-skill-stipend,Technical & Polytechnic Skill Stipend,Scholarship & Academic Stipend,12000.0,Monthly,"Monthly allowance for students pursuing diploma and industrial training. (₹12,000)"
360,bihar-phase-2-overseas-education-scholarship-for-ews,Overseas Education Scholarship for EWS,Subsidized / Collateral-Free Loan,500000.0,One-Time,"Educational loan interest subsidy for foreign universities. (₹500,000)"
361,bihar-phase-2-special-education-aid-for-divyang-students,Special Education Aid for Divyang Students,Direct Cash Transfer (DBT),20000.0,One-Time,"Assistive braille, hearing aids, and transport allowance for disabled students. (₹20,000)"
362,bihar-phase-2-matru-kalyan-nutrition-dbt,Matru Kalyan & Nutrition DBT,Subsidized Food & Nutrition,6000.0,One-Time,"Conditional cash transfer across pregnancy trimesters and post-natal care. (₹6,000)"
363,bihar-phase-2-mahila-swavalamban-livelihood-grant,Mahila Swavalamban Livelihood Grant,Direct Cash Transfer (DBT),50000.0,One-Time,"Revolving seed fund for women Self-Help Groups (SHGs) to start enterprises. (₹50,000)"
364,bihar-phase-2-kanya-vivah-marriage-assistance,Kanya Vivah & Marriage Assistance,Direct Cash Transfer (DBT),51000.0,One-Time,"Direct financial grant for marriage of daughters from economically weaker families. (₹51,000)"
365,bihar-phase-2-working-women-hostel-transport-subsidy,Working Women Hostel & Transport Subsidy,Asset & Equipment Subsidy,15000.0,Monthly,"Subsidized secure safe housing and monthly urban commute pass. (₹15,000)"
366,bihar-phase-2-single-mother-destitute-women-pension,Single Mother & Destitute Women Pension,Monthly Social Security Pension,15000.0,Monthly,"Monthly social security pension for widowed and abandoned women. (₹15,000)"
367,bihar-phase-2-sukanya-samriddhi-high-interest-top-up,Sukanya Samriddhi High-Interest Top-Up,Asset & Equipment Subsidy,10000.0,One-Time,"State government interest subsidy top-up on girl child savings accounts. (₹10,000)"
368,bihar-phase-2-universal-cashless-health-insurance,Universal Cashless Health Insurance,Health & Accidental Insurance Cover,500000.0,Annual,"Annual cashless hospitalization and surgical treatment cover in network hospitals. (₹500,000)"
369,bihar-phase-2-critical-illness-relief-fund-cancer-kidney,Critical Illness Relief Fund (Cancer & Kidney),Health & Accidental Insurance Cover,200000.0,Claim-Based,"One-time financial relief grant for dialysis, chemotherapy, and heart surgery. (₹200,000)"
370,bihar-phase-2-free-diagnostic-tests-medicine-scheme,Free Diagnostic Tests & Medicine Scheme,Direct Cash Transfer (DBT),10000.0,One-Time,"100% free prescription drugs and pathology tests at government clinics. (₹10,000)"
371,bihar-phase-2-senior-citizen-specialized-geriatric-care,Senior Citizen Specialized Geriatric Care,Direct Cash Transfer (DBT),15000.0,One-Time,"Free cataract surgeries, hearing aids, and doorstep chronic care medicine. (₹15,000)"
372,bihar-phase-2-emergency-accidental-trauma-insurance,Emergency Accidental Trauma Insurance,Health & Accidental Insurance Cover,100000.0,Claim-Based,"Immediate cashless golden-hour emergency trauma care coverage. (₹100,000)"
373,bihar-phase-2-old-age-social-security-pension,Old Age Social Security Pension,Monthly Social Security Pension,12000.0,Monthly,"Monthly direct benefit transfer pension for elderly citizens aged 60 and above. (₹12,000)"
374,bihar-phase-2-divyangjan-disability-monthly-pension,Divyangjan Disability Monthly Pension,Monthly Social Security Pension,18000.0,Monthly,"Monthly financial support and motorized tricycle allowance for disabled persons. (₹18,000)"
375,bihar-phase-2-antyodaya-subsidized-food-security,Antyodaya Subsidized Food Security,Subsidized Food & Nutrition,8000.0,Monthly,"Subsidized monthly ration of 35kg foodgrains for poorest-of-poor households. (₹8,000)"
376,bihar-phase-2-sanitation-workers-rehabilitation-grant,Sanitation Workers Rehabilitation Grant,Asset & Equipment Subsidy,40000.0,One-Time,"Capital subsidy and skill retraining for sanitary workers and sewer workers. (₹40,000)"
377,bihar-phase-2-tribal-livelihood-forest-produce-grant,Tribal Livelihood & Forest Produce Grant,Asset & Equipment Subsidy,20000.0,One-Time,"Direct procurement support and value addition subsidy for minor forest produce. (₹20,000)"
378,bihar-phase-2-youth-apprenticeship-monthly-stipend,Youth Apprenticeship Monthly Stipend,Scholarship & Academic Stipend,18000.0,Monthly,"Direct government stipend top-up for technical industrial apprenticeships. (₹18,000)"
379,bihar-phase-2-artisan-craftsman-modern-tool-kit-grant,Artisan & Craftsman Modern Tool Kit Grant,Subsidized / Collateral-Free Loan,20000.0,One-Time,"Free motorized toolkits and collateral-free micro credit for traditional artisans. (₹20,000)"
380,bihar-phase-2-rural-youth-driving-heavy-machinery-training,Rural Youth Driving & Heavy Machinery Training,Asset & Equipment Subsidy,25000.0,One-Time,"100% sponsored commercial vehicle and excavator driver training. (₹25,000)"
381,bihar-phase-2-it-emerging-tech-bootcamp-voucher,IT & Emerging Tech Bootcamp Voucher,Scholarship & Academic Stipend,35000.0,One-Time,"Full tuition sponsorship for AI, Cloud, and Software certification bootcamps. (₹35,000)"
382,bihar-phase-2-self-employment-micro-credit-guarantee,Self-Employment Micro-Credit Guarantee,Subsidized / Collateral-Free Loan,500000.0,One-Time,"Collateral-free subsidized loan up to ₹5 Lakh for starting local enterprises. (₹100,000)"
383,bihar-phase-2-pucca-house-construction-subsidy,Pucca House Construction Subsidy,Asset & Equipment Subsidy,150000.0,Quarterly,"Direct installment financial grant for building disaster-resilient pucca home. (₹150,000)"
384,bihar-phase-2-rooftop-solar-green-energy-assistance,Rooftop Solar & Green Energy Assistance,Asset & Equipment Subsidy,50000.0,One-Time,"Capital subsidy for grid-connected rooftop solar installation for homeowners. (₹50,000)"
385,bihar-phase-2-slum-rehabilitation-ews-flat-allocation,Slum Rehabilitation & EWS Flat Allocation,Asset & Equipment Subsidy,250000.0,One-Time,"Subsidized ownership allotment of 1BHK flats with basic civic amenities. (₹250,000)"
386,bihar-phase-2-rural-toilet-water-tap-incentive,Rural Toilet & Water Tap Incentive,Direct Cash Transfer (DBT),12000.0,One-Time,"Financial assistance for individual household latrines and clean piped tap. (₹12,000)"
387,bihar-phase-2-micro-enterprise-collateral-free-loan,Micro Enterprise Collateral-Free Loan,Subsidized / Collateral-Free Loan,1000000.0,One-Time,"Guaranteed working capital and equipment loan up to ₹10 Lakh at subsidized interest. (₹200,000)"
388,bihar-phase-2-women-entrepreneur-startup-grant,Women Entrepreneur Startup Grant,Direct Cash Transfer (DBT),100000.0,One-Time,"Seed funding capital grant for innovative women-founded MSME ventures. (₹100,000)"
389,bihar-phase-2-export-promotion-quality-certification-subsidy,Export Promotion & Quality Certification Subsidy,Asset & Equipment Subsidy,75000.0,One-Time,"Reimbursement for ISO, ZED, and international trade mark registration costs. (₹75,000)"
390,bihar-phase-2-credit-linked-capital-subsidy-for-tech-upgradation,Credit Linked Capital Subsidy for Tech Upgradation,Asset & Equipment Subsidy,150000.0,One-Time,"15% upfront capital subsidy for machinery modernization in manufacturing. (₹150,000)"
391,bihar-phase-2-e-vehicle-green-mobility-subsidy,E-Vehicle & Green Mobility Subsidy,Asset & Equipment Subsidy,20000.0,One-Time,"Direct cash incentive on purchase of electric 2-wheelers and 3-wheelers. (₹20,000)"
392,bihar-phase-2-rainwater-harvesting-ground-water-recharge-grant,Rainwater Harvesting & Ground Water Recharge Grant,Asset & Equipment Subsidy,15000.0,One-Time,"Subsidized rooftop rainwater harvesting system for individual residences. (₹15,000)"
393,bihar-phase-2-bio-gas-cattle-dung-renewable-plant-subsidy,Bio-Gas & Cattle Dung Renewable Plant Subsidy,Asset & Equipment Subsidy,18000.0,One-Time,"Financial support for installing domestic Gobar-Dhan biogas units. (₹18,000)"
394,bihar-phase-3-kisan-samriddhi-crop-assistance,Kisan Samriddhi & Crop Assistance,Asset & Equipment Subsidy,6000.0,One-Time,"Financial input subsidy for seed, fertilizer, and organic cultivation equipment. (₹6,000)"
395,bihar-phase-3-solar-krishi-pump-subsidy,Solar Krishi Pump Subsidy,Asset & Equipment Subsidy,75000.0,One-Time,"Up to 90% capital subsidy for installing off-grid solar irrigation pumps. (₹75,000)"
396,bihar-phase-3-horticulture-drip-irrigation-grant,Horticulture & Drip Irrigation Grant,Asset & Equipment Subsidy,25000.0,One-Time,"Direct subsidy for drip, sprinkler, and precision micro-irrigation installation. (₹25,000)"
397,bihar-phase-3-dairy-cattle-development-incentive,Dairy & Cattle Development Incentive,Direct Cash Transfer (DBT),40000.0,One-Time,"Financial assistance for purchasing high-yield milch cows and buffaloes. (₹40,000)"
398,bihar-phase-3-fodder-cultivation-animal-care-grant,Fodder Cultivation & Animal Care Grant,Asset & Equipment Subsidy,12000.0,One-Time,"Subsidized silage, quality seeds, and livestock health vaccination support. (₹12,000)"
399,bihar-phase-3-fisheries-pond-biofloc-support,Fisheries Pond & Biofloc Support,Direct Cash Transfer (DBT),50000.0,One-Time,"Capital grant for biofloc fish farming, fingerling supply, and aerators. (₹50,000)"
400,bihar-phase-3-soil-health-organic-farming-mission,Soil Health & Organic Farming Mission,Direct Cash Transfer (DBT),8000.0,One-Time,"Free soil nutrient testing kit and bio-compost financial top-up grant. (₹8,000)"
401,bihar-phase-3-farm-mechanization-rotavator-subsidy,Farm Mechanization & Rotavator Subsidy,Asset & Equipment Subsidy,60000.0,One-Time,"Up to 50% subsidy on modern harvesters, rotavators, and custom hiring centers. (₹60,000)"
402,bihar-phase-3-post-matric-merit-scholarship,Post-Matric Merit Scholarship,Scholarship & Academic Stipend,18000.0,One-Time,"Tuition fee waiver and maintenance stipend for higher collegiate education. (₹18,000)"
403,bihar-phase-3-free-digital-tablet-laptop-distribution,Free Digital Tablet & Laptop Distribution,Asset & Equipment Subsidy,15000.0,One-Time,"High-speed digital learning devices distributed to meritorious board students. (₹15,000)"
404,bihar-phase-3-competitive-exam-coaching-assistance,Competitive Exam Coaching Assistance,Scholarship & Academic Stipend,50000.0,One-Time,"100% sponsored classroom coaching for UPSC, PSC, JEE, and NEET exams. (₹50,000)"
405,bihar-phase-3-girl-child-higher-education-incentive,Girl Child Higher Education Incentive,Direct Cash Transfer (DBT),25000.0,One-Time,"Direct milestone grant upon enrolling in undergraduate degree programs. (₹25,000)"
406,bihar-phase-3-technical-polytechnic-skill-stipend,Technical & Polytechnic Skill Stipend,Scholarship & Academic Stipend,12000.0,Monthly,"Monthly allowance for students pursuing diploma and industrial training. (₹12,000)"
407,bihar-phase-3-overseas-education-scholarship-for-ews,Overseas Education Scholarship for EWS,Subsidized / Collateral-Free Loan,500000.0,One-Time,"Educational loan interest subsidy for foreign universities. (₹500,000)"
408,bihar-phase-3-special-education-aid-for-divyang-students,Special Education Aid for Divyang Students,Direct Cash Transfer (DBT),20000.0,One-Time,"Assistive braille, hearing aids, and transport allowance for disabled students. (₹20,000)"
409,bihar-phase-3-matru-kalyan-nutrition-dbt,Matru Kalyan & Nutrition DBT,Subsidized Food & Nutrition,6000.0,One-Time,"Conditional cash transfer across pregnancy trimesters and post-natal care. (₹6,000)"
410,bihar-phase-3-mahila-swavalamban-livelihood-grant,Mahila Swavalamban Livelihood Grant,Direct Cash Transfer (DBT),50000.0,One-Time,"Revolving seed fund for women Self-Help Groups (SHGs) to start enterprises. (₹50,000)"
411,bihar-phase-3-kanya-vivah-marriage-assistance,Kanya Vivah & Marriage Assistance,Direct Cash Transfer (DBT),51000.0,One-Time,"Direct financial grant for marriage of daughters from economically weaker families. (₹51,000)"
412,bihar-phase-3-working-women-hostel-transport-subsidy,Working Women Hostel & Transport Subsidy,Asset & Equipment Subsidy,15000.0,Monthly,"Subsidized secure safe housing and monthly urban commute pass. (₹15,000)"
413,bihar-phase-3-single-mother-destitute-women-pension,Single Mother & Destitute Women Pension,Monthly Social Security Pension,15000.0,Monthly,"Monthly social security pension for widowed and abandoned women. (₹15,000)"
414,bihar-phase-3-sukanya-samriddhi-high-interest-top-up,Sukanya Samriddhi High-Interest Top-Up,Asset & Equipment Subsidy,10000.0,One-Time,"State government interest subsidy top-up on girl child savings accounts. (₹10,000)"
415,bihar-phase-3-universal-cashless-health-insurance,Universal Cashless Health Insurance,Health & Accidental Insurance Cover,500000.0,Annual,"Annual cashless hospitalization and surgical treatment cover in network hospitals. (₹500,000)"
416,bihar-phase-3-critical-illness-relief-fund-cancer-kidney,Critical Illness Relief Fund (Cancer & Kidney),Health & Accidental Insurance Cover,200000.0,Claim-Based,"One-time financial relief grant for dialysis, chemotherapy, and heart surgery. (₹200,000)"
417,bihar-phase-3-free-diagnostic-tests-medicine-scheme,Free Diagnostic Tests & Medicine Scheme,Direct Cash Transfer (DBT),10000.0,One-Time,"100% free prescription drugs and pathology tests at government clinics. (₹10,000)"
418,bihar-phase-3-senior-citizen-specialized-geriatric-care,Senior Citizen Specialized Geriatric Care,Direct Cash Transfer (DBT),15000.0,One-Time,"Free cataract surgeries, hearing aids, and doorstep chronic care medicine. (₹15,000)"
419,bihar-phase-3-emergency-accidental-trauma-insurance,Emergency Accidental Trauma Insurance,Health & Accidental Insurance Cover,100000.0,Claim-Based,"Immediate cashless golden-hour emergency trauma care coverage. (₹100,000)"
420,bihar-phase-3-old-age-social-security-pension,Old Age Social Security Pension,Monthly Social Security Pension,12000.0,Monthly,"Monthly direct benefit transfer pension for elderly citizens aged 60 and above. (₹12,000)"
421,bihar-phase-3-divyangjan-disability-monthly-pension,Divyangjan Disability Monthly Pension,Monthly Social Security Pension,18000.0,Monthly,"Monthly financial support and motorized tricycle allowance for disabled persons. (₹18,000)"
422,bihar-phase-3-antyodaya-subsidized-food-security,Antyodaya Subsidized Food Security,Subsidized Food & Nutrition,8000.0,Monthly,"Subsidized monthly ration of 35kg foodgrains for poorest-of-poor households. (₹8,000)"
423,bihar-phase-3-sanitation-workers-rehabilitation-grant,Sanitation Workers Rehabilitation Grant,Asset & Equipment Subsidy,40000.0,One-Time,"Capital subsidy and skill retraining for sanitary workers and sewer workers. (₹40,000)"
424,bihar-phase-3-tribal-livelihood-forest-produce-grant,Tribal Livelihood & Forest Produce Grant,Asset & Equipment Subsidy,20000.0,One-Time,"Direct procurement support and value addition subsidy for minor forest produce. (₹20,000)"
425,bihar-phase-3-youth-apprenticeship-monthly-stipend,Youth Apprenticeship Monthly Stipend,Scholarship & Academic Stipend,18000.0,Monthly,"Direct government stipend top-up for technical industrial apprenticeships. (₹18,000)"
426,bihar-phase-3-artisan-craftsman-modern-tool-kit-grant,Artisan & Craftsman Modern Tool Kit Grant,Subsidized / Collateral-Free Loan,20000.0,One-Time,"Free motorized toolkits and collateral-free micro credit for traditional artisans. (₹20,000)"
427,bihar-phase-3-rural-youth-driving-heavy-machinery-training,Rural Youth Driving & Heavy Machinery Training,Asset & Equipment Subsidy,25000.0,One-Time,"100% sponsored commercial vehicle and excavator driver training. (₹25,000)"
428,bihar-phase-3-it-emerging-tech-bootcamp-voucher,IT & Emerging Tech Bootcamp Voucher,Scholarship & Academic Stipend,35000.0,One-Time,"Full tuition sponsorship for AI, Cloud, and Software certification bootcamps. (₹35,000)"
429,bihar-phase-3-self-employment-micro-credit-guarantee,Self-Employment Micro-Credit Guarantee,Subsidized / Collateral-Free Loan,500000.0,One-Time,"Collateral-free subsidized loan up to ₹5 Lakh for starting local enterprises. (₹100,000)"
430,bihar-phase-3-pucca-house-construction-subsidy,Pucca House Construction Subsidy,Asset & Equipment Subsidy,150000.0,Quarterly,"Direct installment financial grant for building disaster-resilient pucca home. (₹150,000)"
431,bihar-phase-3-rooftop-solar-green-energy-assistance,Rooftop Solar & Green Energy Assistance,Asset & Equipment Subsidy,50000.0,One-Time,"Capital subsidy for grid-connected rooftop solar installation for homeowners. (₹50,000)"
432,bihar-phase-3-slum-rehabilitation-ews-flat-allocation,Slum Rehabilitation & EWS Flat Allocation,Asset & Equipment Subsidy,250000.0,One-Time,"Subsidized ownership allotment of 1BHK flats with basic civic amenities. (₹250,000)"
433,bihar-phase-3-rural-toilet-water-tap-incentive,Rural Toilet & Water Tap Incentive,Direct Cash Transfer (DBT),12000.0,One-Time,"Financial assistance for individual household latrines and clean piped tap. (₹12,000)"
434,bihar-phase-3-micro-enterprise-collateral-free-loan,Micro Enterprise Collateral-Free Loan,Subsidized / Collateral-Free Loan,1000000.0,One-Time,"Guaranteed working capital and equipment loan up to ₹10 Lakh at subsidized interest. (₹200,000)"
435,bihar-phase-3-women-entrepreneur-startup-grant,Women Entrepreneur Startup Grant,Direct Cash Transfer (DBT),100000.0,One-Time,"Seed funding capital grant for innovative women-founded MSME ventures. (₹100,000)"
436,bihar-phase-3-export-promotion-quality-certification-subsidy,Export Promotion & Quality Certification Subsidy,Asset & Equipment Subsidy,75000.0,One-Time,"Reimbursement for ISO, ZED, and international trade mark registration costs. (₹75,000)"
437,bihar-phase-3-credit-linked-capital-subsidy-for-tech-upgradation,Credit Linked Capital Subsidy for Tech Upgradation,Asset & Equipment Subsidy,150000.0,One-Time,"15% upfront capital subsidy for machinery modernization in manufacturing. (₹150,000)"
438,bihar-phase-3-e-vehicle-green-mobility-subsidy,E-Vehicle & Green Mobility Subsidy,Asset & Equipment Subsidy,20000.0,One-Time,"Direct cash incentive on purchase of electric 2-wheelers and 3-wheelers. (₹20,000)"
439,bihar-phase-3-rainwater-harvesting-ground-water-recharge-grant,Rainwater Harvesting & Ground Water Recharge Grant,Asset & Equipment Subsidy,15000.0,One-Time,"Subsidized rooftop rainwater harvesting system for individual residences. (₹15,000)"
440,chhattisgarh-kisan-samriddhi-crop-assistance,Kisan Samriddhi & Crop Assistance,Asset & Equipment Subsidy,6000.0,One-Time,"Financial input subsidy for seed, fertilizer, and organic cultivation equipment. (₹6,000)"
441,chhattisgarh-solar-krishi-pump-subsidy,Solar Krishi Pump Subsidy,Asset & Equipment Subsidy,75000.0,One-Time,"Up to 90% capital subsidy for installing off-grid solar irrigation pumps. (₹75,000)"
442,chhattisgarh-horticulture-drip-irrigation-grant,Horticulture & Drip Irrigation Grant,Asset & Equipment Subsidy,25000.0,One-Time,"Direct subsidy for drip, sprinkler, and precision micro-irrigation installation. (₹25,000)"
443,chhattisgarh-dairy-cattle-development-incentive,Dairy & Cattle Development Incentive,Direct Cash Transfer (DBT),40000.0,One-Time,"Financial assistance for purchasing high-yield milch cows and buffaloes. (₹40,000)"
444,chhattisgarh-fodder-cultivation-animal-care-grant,Fodder Cultivation & Animal Care Grant,Asset & Equipment Subsidy,12000.0,One-Time,"Subsidized silage, quality seeds, and livestock health vaccination support. (₹12,000)"
445,chhattisgarh-fisheries-pond-biofloc-support,Fisheries Pond & Biofloc Support,Direct Cash Transfer (DBT),50000.0,One-Time,"Capital grant for biofloc fish farming, fingerling supply, and aerators. (₹50,000)"
446,chhattisgarh-soil-health-organic-farming-mission,Soil Health & Organic Farming Mission,Direct Cash Transfer (DBT),8000.0,One-Time,"Free soil nutrient testing kit and bio-compost financial top-up grant. (₹8,000)"
447,chhattisgarh-farm-mechanization-rotavator-subsidy,Farm Mechanization & Rotavator Subsidy,Asset & Equipment Subsidy,60000.0,One-Time,"Up to 50% subsidy on modern harvesters, rotavators, and custom hiring centers. (₹60,000)"
448,chhattisgarh-post-matric-merit-scholarship,Post-Matric Merit Scholarship,Scholarship & Academic Stipend,18000.0,One-Time,"Tuition fee waiver and maintenance stipend for higher collegiate education. (₹18,000)"
449,chhattisgarh-free-digital-tablet-laptop-distribution,Free Digital Tablet & Laptop Distribution,Asset & Equipment Subsidy,15000.0,One-Time,"High-speed digital learning devices distributed to meritorious board students. (₹15,000)"
539,goa-fodder-cultivation-animal-care-grant,Fodder Cultivation & Animal Care Grant,Asset & Equipment Subsidy,12000.0,One-Time,"Subsidized silage, quality seeds, and livestock health vaccination support. (₹12,000)"
450,chhattisgarh-competitive-exam-coaching-assistance,Competitive Exam Coaching Assistance,Scholarship & Academic Stipend,50000.0,One-Time,"100% sponsored classroom coaching for UPSC, PSC, JEE, and NEET exams. (₹50,000)"
451,chhattisgarh-girl-child-higher-education-incentive,Girl Child Higher Education Incentive,Direct Cash Transfer (DBT),25000.0,One-Time,"Direct milestone grant upon enrolling in undergraduate degree programs. (₹25,000)"
452,chhattisgarh-technical-polytechnic-skill-stipend,Technical & Polytechnic Skill Stipend,Scholarship & Academic Stipend,12000.0,Monthly,"Monthly allowance for students pursuing diploma and industrial training. (₹12,000)"
453,chhattisgarh-overseas-education-scholarship-for-ews,Overseas Education Scholarship for EWS,Subsidized / Collateral-Free Loan,500000.0,One-Time,"Educational loan interest subsidy for foreign universities. (₹500,000)"
454,chhattisgarh-special-education-aid-for-divyang-students,Special Education Aid for Divyang Students,Direct Cash Transfer (DBT),20000.0,One-Time,"Assistive braille, hearing aids, and transport allowance for disabled students. (₹20,000)"
455,chhattisgarh-matru-kalyan-nutrition-dbt,Matru Kalyan & Nutrition DBT,Subsidized Food & Nutrition,6000.0,One-Time,"Conditional cash transfer across pregnancy trimesters and post-natal care. (₹6,000)"
456,chhattisgarh-mahila-swavalamban-livelihood-grant,Mahila Swavalamban Livelihood Grant,Direct Cash Transfer (DBT),50000.0,One-Time,"Revolving seed fund for women Self-Help Groups (SHGs) to start enterprises. (₹50,000)"
457,chhattisgarh-kanya-vivah-marriage-assistance,Kanya Vivah & Marriage Assistance,Direct Cash Transfer (DBT),51000.0,One-Time,"Direct financial grant for marriage of daughters from economically weaker families. (₹51,000)"
458,chhattisgarh-working-women-hostel-transport-subsidy,Working Women Hostel & Transport Subsidy,Asset & Equipment Subsidy,15000.0,Monthly,"Subsidized secure safe housing and monthly urban commute pass. (₹15,000)"
459,chhattisgarh-single-mother-destitute-women-pension,Single Mother & Destitute Women Pension,Monthly Social Security Pension,15000.0,Monthly,"Monthly social security pension for widowed and abandoned women. (₹15,000)"
460,chhattisgarh-sukanya-samriddhi-high-interest-top-up,Sukanya Samriddhi High-Interest Top-Up,Asset & Equipment Subsidy,10000.0,One-Time,"State government interest subsidy top-up on girl child savings accounts. (₹10,000)"
461,chhattisgarh-universal-cashless-health-insurance,Universal Cashless Health Insurance,Health & Accidental Insurance Cover,500000.0,Annual,"Annual cashless hospitalization and surgical treatment cover in network hospitals. (₹500,000)"
462,chhattisgarh-critical-illness-relief-fund-cancer-kidney,Critical Illness Relief Fund (Cancer & Kidney),Health & Accidental Insurance Cover,200000.0,Claim-Based,"One-time financial relief grant for dialysis, chemotherapy, and heart surgery. (₹200,000)"
463,chhattisgarh-free-diagnostic-tests-medicine-scheme,Free Diagnostic Tests & Medicine Scheme,Direct Cash Transfer (DBT),10000.0,One-Time,"100% free prescription drugs and pathology tests at government clinics. (₹10,000)"
464,chhattisgarh-senior-citizen-specialized-geriatric-care,Senior Citizen Specialized Geriatric Care,Direct Cash Transfer (DBT),15000.0,One-Time,"Free cataract surgeries, hearing aids, and doorstep chronic care medicine. (₹15,000)"
465,chhattisgarh-emergency-accidental-trauma-insurance,Emergency Accidental Trauma Insurance,Health & Accidental Insurance Cover,100000.0,Claim-Based,"Immediate cashless golden-hour emergency trauma care coverage. (₹100,000)"
466,chhattisgarh-old-age-social-security-pension,Old Age Social Security Pension,Monthly Social Security Pension,12000.0,Monthly,"Monthly direct benefit transfer pension for elderly citizens aged 60 and above. (₹12,000)"
467,chhattisgarh-divyangjan-disability-monthly-pension,Divyangjan Disability Monthly Pension,Monthly Social Security Pension,18000.0,Monthly,"Monthly financial support and motorized tricycle allowance for disabled persons. (₹18,000)"
468,chhattisgarh-antyodaya-subsidized-food-security,Antyodaya Subsidized Food Security,Subsidized Food & Nutrition,8000.0,Monthly,"Subsidized monthly ration of 35kg foodgrains for poorest-of-poor households. (₹8,000)"
469,chhattisgarh-sanitation-workers-rehabilitation-grant,Sanitation Workers Rehabilitation Grant,Asset & Equipment Subsidy,40000.0,One-Time,"Capital subsidy and skill retraining for sanitary workers and sewer workers. (₹40,000)"
470,chhattisgarh-tribal-livelihood-forest-produce-grant,Tribal Livelihood & Forest Produce Grant,Asset & Equipment Subsidy,20000.0,One-Time,"Direct procurement support and value addition subsidy for minor forest produce. (₹20,000)"
471,chhattisgarh-youth-apprenticeship-monthly-stipend,Youth Apprenticeship Monthly Stipend,Scholarship & Academic Stipend,18000.0,Monthly,"Direct government stipend top-up for technical industrial apprenticeships. (₹18,000)"
472,chhattisgarh-artisan-craftsman-modern-tool-kit-grant,Artisan & Craftsman Modern Tool Kit Grant,Subsidized / Collateral-Free Loan,20000.0,One-Time,"Free motorized toolkits and collateral-free micro credit for traditional artisans. (₹20,000)"
473,chhattisgarh-rural-youth-driving-heavy-machinery-training,Rural Youth Driving & Heavy Machinery Training,Asset & Equipment Subsidy,25000.0,One-Time,"100% sponsored commercial vehicle and excavator driver training. (₹25,000)"
474,chhattisgarh-it-emerging-tech-bootcamp-voucher,IT & Emerging Tech Bootcamp Voucher,Scholarship & Academic Stipend,35000.0,One-Time,"Full tuition sponsorship for AI, Cloud, and Software certification bootcamps. (₹35,000)"
475,chhattisgarh-self-employment-micro-credit-guarantee,Self-Employment Micro-Credit Guarantee,Subsidized / Collateral-Free Loan,500000.0,One-Time,"Collateral-free subsidized loan up to ₹5 Lakh for starting local enterprises. (₹100,000)"
476,chhattisgarh-pucca-house-construction-subsidy,Pucca House Construction Subsidy,Asset & Equipment Subsidy,150000.0,Quarterly,"Direct installment financial grant for building disaster-resilient pucca home. (₹150,000)"
477,chhattisgarh-rooftop-solar-green-energy-assistance,Rooftop Solar & Green Energy Assistance,Asset & Equipment Subsidy,50000.0,One-Time,"Capital subsidy for grid-connected rooftop solar installation for homeowners. (₹50,000)"
478,chhattisgarh-slum-rehabilitation-ews-flat-allocation,Slum Rehabilitation & EWS Flat Allocation,Asset & Equipment Subsidy,250000.0,One-Time,"Subsidized ownership allotment of 1BHK flats with basic civic amenities. (₹250,000)"
479,chhattisgarh-rural-toilet-water-tap-incentive,Rural Toilet & Water Tap Incentive,Direct Cash Transfer (DBT),12000.0,One-Time,"Financial assistance for individual household latrines and clean piped tap. (₹12,000)"
480,chhattisgarh-micro-enterprise-collateral-free-loan,Micro Enterprise Collateral-Free Loan,Subsidized / Collateral-Free Loan,1000000.0,One-Time,"Guaranteed working capital and equipment loan up to ₹10 Lakh at subsidized interest. (₹200,000)"
481,chhattisgarh-women-entrepreneur-startup-grant,Women Entrepreneur Startup Grant,Direct Cash Transfer (DBT),100000.0,One-Time,"Seed funding capital grant for innovative women-founded MSME ventures. (₹100,000)"
482,chhattisgarh-export-promotion-quality-certification-subsidy,Export Promotion & Quality Certification Subsidy,Asset & Equipment Subsidy,75000.0,One-Time,"Reimbursement for ISO, ZED, and international trade mark registration costs. (₹75,000)"
483,chhattisgarh-credit-linked-capital-subsidy-for-tech-upgradation,Credit Linked Capital Subsidy for Tech Upgradation,Asset & Equipment Subsidy,150000.0,One-Time,"15% upfront capital subsidy for machinery modernization in manufacturing. (₹150,000)"
484,chhattisgarh-e-vehicle-green-mobility-subsidy,E-Vehicle & Green Mobility Subsidy,Asset & Equipment Subsidy,20000.0,One-Time,"Direct cash incentive on purchase of electric 2-wheelers and 3-wheelers. (₹20,000)"
485,chhattisgarh-rainwater-harvesting-ground-water-recharge-grant,Rainwater Harvesting & Ground Water Recharge Grant,Asset & Equipment Subsidy,15000.0,One-Time,"Subsidized rooftop rainwater harvesting system for individual residences. (₹15,000)"
486,chhattisgarh-bio-gas-cattle-dung-renewable-plant-subsidy,Bio-Gas & Cattle Dung Renewable Plant Subsidy,Asset & Equipment Subsidy,18000.0,One-Time,"Financial support for installing domestic Gobar-Dhan biogas units. (₹18,000)"
487,chhattisgarh-phase-2-kisan-samriddhi-crop-assistance,Kisan Samriddhi & Crop Assistance,Asset & Equipment Subsidy,6000.0,One-Time,"Financial input subsidy for seed, fertilizer, and organic cultivation equipment. (₹6,000)"
488,chhattisgarh-phase-2-solar-krishi-pump-subsidy,Solar Krishi Pump Subsidy,Asset & Equipment Subsidy,75000.0,One-Time,"Up to 90% capital subsidy for installing off-grid solar irrigation pumps. (₹75,000)"
489,chhattisgarh-phase-2-horticulture-drip-irrigation-grant,Horticulture & Drip Irrigation Grant,Asset & Equipment Subsidy,25000.0,One-Time,"Direct subsidy for drip, sprinkler, and precision micro-irrigation installation. (₹25,000)"
490,chhattisgarh-phase-2-dairy-cattle-development-incentive,Dairy & Cattle Development Incentive,Direct Cash Transfer (DBT),40000.0,One-Time,"Financial assistance for purchasing high-yield milch cows and buffaloes. (₹40,000)"
491,chhattisgarh-phase-2-fodder-cultivation-animal-care-grant,Fodder Cultivation & Animal Care Grant,Asset & Equipment Subsidy,12000.0,One-Time,"Subsidized silage, quality seeds, and livestock health vaccination support. (₹12,000)"
492,chhattisgarh-phase-2-fisheries-pond-biofloc-support,Fisheries Pond & Biofloc Support,Direct Cash Transfer (DBT),50000.0,One-Time,"Capital grant for biofloc fish farming, fingerling supply, and aerators. (₹50,000)"
493,chhattisgarh-phase-2-soil-health-organic-farming-mission,Soil Health & Organic Farming Mission,Direct Cash Transfer (DBT),8000.0,One-Time,"Free soil nutrient testing kit and bio-compost financial top-up grant. (₹8,000)"
494,chhattisgarh-phase-2-farm-mechanization-rotavator-subsidy,Farm Mechanization & Rotavator Subsidy,Asset & Equipment Subsidy,60000.0,One-Time,"Up to 50% subsidy on modern harvesters, rotavators, and custom hiring centers. (₹60,000)"
495,chhattisgarh-phase-2-post-matric-merit-scholarship,Post-Matric Merit Scholarship,Scholarship & Academic Stipend,18000.0,One-Time,"Tuition fee waiver and maintenance stipend for higher collegiate education. (₹18,000)"
496,chhattisgarh-phase-2-free-digital-tablet-laptop-distribution,Free Digital Tablet & Laptop Distribution,Asset & Equipment Subsidy,15000.0,One-Time,"High-speed digital learning devices distributed to meritorious board students. (₹15,000)"
497,chhattisgarh-phase-2-competitive-exam-coaching-assistance,Competitive Exam Coaching Assistance,Scholarship & Academic Stipend,50000.0,One-Time,"100% sponsored classroom coaching for UPSC, PSC, JEE, and NEET exams. (₹50,000)"
498,chhattisgarh-phase-2-girl-child-higher-education-incentive,Girl Child Higher Education Incentive,Direct Cash Transfer (DBT),25000.0,One-Time,"Direct milestone grant upon enrolling in undergraduate degree programs. (₹25,000)"
499,chhattisgarh-phase-2-technical-polytechnic-skill-stipend,Technical & Polytechnic Skill Stipend,Scholarship & Academic Stipend,12000.0,Monthly,"Monthly allowance for students pursuing diploma and industrial training. (₹12,000)"
500,chhattisgarh-phase-2-overseas-education-scholarship-for-ews,Overseas Education Scholarship for EWS,Subsidized / Collateral-Free Loan,500000.0,One-Time,"Educational loan interest subsidy for foreign universities. (₹500,000)"
501,chhattisgarh-phase-2-special-education-aid-for-divyang-students,Special Education Aid for Divyang Students,Direct Cash Transfer (DBT),20000.0,One-Time,"Assistive braille, hearing aids, and transport allowance for disabled students. (₹20,000)"
502,chhattisgarh-phase-2-matru-kalyan-nutrition-dbt,Matru Kalyan & Nutrition DBT,Subsidized Food & Nutrition,6000.0,One-Time,"Conditional cash transfer across pregnancy trimesters and post-natal care. (₹6,000)"
503,chhattisgarh-phase-2-mahila-swavalamban-livelihood-grant,Mahila Swavalamban Livelihood Grant,Direct Cash Transfer (DBT),50000.0,One-Time,"Revolving seed fund for women Self-Help Groups (SHGs) to start enterprises. (₹50,000)"
504,chhattisgarh-phase-2-kanya-vivah-marriage-assistance,Kanya Vivah & Marriage Assistance,Direct Cash Transfer (DBT),51000.0,One-Time,"Direct financial grant for marriage of daughters from economically weaker families. (₹51,000)"
505,chhattisgarh-phase-2-working-women-hostel-transport-subsidy,Working Women Hostel & Transport Subsidy,Asset & Equipment Subsidy,15000.0,Monthly,"Subsidized secure safe housing and monthly urban commute pass. (₹15,000)"
506,chhattisgarh-phase-2-single-mother-destitute-women-pension,Single Mother & Destitute Women Pension,Monthly Social Security Pension,15000.0,Monthly,"Monthly social security pension for widowed and abandoned women. (₹15,000)"
507,chhattisgarh-phase-2-sukanya-samriddhi-high-interest-top-up,Sukanya Samriddhi High-Interest Top-Up,Asset & Equipment Subsidy,10000.0,One-Time,"State government interest subsidy top-up on girl child savings accounts. (₹10,000)"
508,chhattisgarh-phase-2-universal-cashless-health-insurance,Universal Cashless Health Insurance,Health & Accidental Insurance Cover,500000.0,Annual,"Annual cashless hospitalization and surgical treatment cover in network hospitals. (₹500,000)"
509,chhattisgarh-phase-2-critical-illness-relief-fund-cancer-kidney,Critical Illness Relief Fund (Cancer & Kidney),Health & Accidental Insurance Cover,200000.0,Claim-Based,"One-time financial relief grant for dialysis, chemotherapy, and heart surgery. (₹200,000)"
510,chhattisgarh-phase-2-free-diagnostic-tests-medicine-scheme,Free Diagnostic Tests & Medicine Scheme,Direct Cash Transfer (DBT),10000.0,One-Time,"100% free prescription drugs and pathology tests at government clinics. (₹10,000)"
511,chhattisgarh-phase-2-senior-citizen-specialized-geriatric-care,Senior Citizen Specialized Geriatric Care,Direct Cash Transfer (DBT),15000.0,One-Time,"Free cataract surgeries, hearing aids, and doorstep chronic care medicine. (₹15,000)"
512,chhattisgarh-phase-2-emergency-accidental-trauma-insurance,Emergency Accidental Trauma Insurance,Health & Accidental Insurance Cover,100000.0,Claim-Based,"Immediate cashless golden-hour emergency trauma care coverage. (₹100,000)"
513,chhattisgarh-phase-2-old-age-social-security-pension,Old Age Social Security Pension,Monthly Social Security Pension,12000.0,Monthly,"Monthly direct benefit transfer pension for elderly citizens aged 60 and above. (₹12,000)"
514,chhattisgarh-phase-2-divyangjan-disability-monthly-pension,Divyangjan Disability Monthly Pension,Monthly Social Security Pension,18000.0,Monthly,"Monthly financial support and motorized tricycle allowance for disabled persons. (₹18,000)"
515,chhattisgarh-phase-2-antyodaya-subsidized-food-security,Antyodaya Subsidized Food Security,Subsidized Food & Nutrition,8000.0,Monthly,"Subsidized monthly ration of 35kg foodgrains for poorest-of-poor households. (₹8,000)"
516,chhattisgarh-phase-2-sanitation-workers-rehabilitation-grant,Sanitation Workers Rehabilitation Grant,Asset & Equipment Subsidy,40000.0,One-Time,"Capital subsidy and skill retraining for sanitary workers and sewer workers. (₹40,000)"
517,chhattisgarh-phase-2-tribal-livelihood-forest-produce-grant,Tribal Livelihood & Forest Produce Grant,Asset & Equipment Subsidy,20000.0,One-Time,"Direct procurement support and value addition subsidy for minor forest produce. (₹20,000)"
518,chhattisgarh-phase-2-youth-apprenticeship-monthly-stipend,Youth Apprenticeship Monthly Stipend,Scholarship & Academic Stipend,18000.0,Monthly,"Direct government stipend top-up for technical industrial apprenticeships. (₹18,000)"
519,chhattisgarh-phase-2-artisan-craftsman-modern-tool-kit-grant,Artisan & Craftsman Modern Tool Kit Grant,Subsidized / Collateral-Free Loan,20000.0,One-Time,"Free motorized toolkits and collateral-free micro credit for traditional artisans. (₹20,000)"
520,chhattisgarh-phase-2-rural-youth-driving-heavy-machinery-training,Rural Youth Driving & Heavy Machinery Training,Asset & Equipment Subsidy,25000.0,One-Time,"100% sponsored commercial vehicle and excavator driver training. (₹25,000)"
521,chhattisgarh-phase-2-it-emerging-tech-bootcamp-voucher,IT & Emerging Tech Bootcamp Voucher,Scholarship & Academic Stipend,35000.0,One-Time,"Full tuition sponsorship for AI, Cloud, and Software certification bootcamps. (₹35,000)"
522,chhattisgarh-phase-2-self-employment-micro-credit-guarantee,Self-Employment Micro-Credit Guarantee,Subsidized / Collateral-Free Loan,500000.0,One-Time,"Collateral-free subsidized loan up to ₹5 Lakh for starting local enterprises. (₹100,000)"
523,chhattisgarh-phase-2-pucca-house-construction-subsidy,Pucca House Construction Subsidy,Asset & Equipment Subsidy,150000.0,Quarterly,"Direct installment financial grant for building disaster-resilient pucca home. (₹150,000)"
4151,pmmy,Financial Assistance,Direct Cash Transfer (DBT),1000000.0,One-Time,Direct financial or procedural assistance as per scheme guidelines.
524,chhattisgarh-phase-2-rooftop-solar-green-energy-assistance,Rooftop Solar & Green Energy Assistance,Asset & Equipment Subsidy,50000.0,One-Time,"Capital subsidy for grid-connected rooftop solar installation for homeowners. (₹50,000)"
525,chhattisgarh-phase-2-slum-rehabilitation-ews-flat-allocation,Slum Rehabilitation & EWS Flat Allocation,Asset & Equipment Subsidy,250000.0,One-Time,"Subsidized ownership allotment of 1BHK flats with basic civic amenities. (₹250,000)"
526,chhattisgarh-phase-2-rural-toilet-water-tap-incentive,Rural Toilet & Water Tap Incentive,Direct Cash Transfer (DBT),12000.0,One-Time,"Financial assistance for individual household latrines and clean piped tap. (₹12,000)"
527,chhattisgarh-phase-2-micro-enterprise-collateral-free-loan,Micro Enterprise Collateral-Free Loan,Subsidized / Collateral-Free Loan,1000000.0,One-Time,"Guaranteed working capital and equipment loan up to ₹10 Lakh at subsidized interest. (₹200,000)"
528,chhattisgarh-phase-2-women-entrepreneur-startup-grant,Women Entrepreneur Startup Grant,Direct Cash Transfer (DBT),100000.0,One-Time,"Seed funding capital grant for innovative women-founded MSME ventures. (₹100,000)"
529,chhattisgarh-phase-2-export-promotion-quality-certification-subsidy,Export Promotion & Quality Certification Subsidy,Asset & Equipment Subsidy,75000.0,One-Time,"Reimbursement for ISO, ZED, and international trade mark registration costs. (₹75,000)"
530,chhattisgarh-phase-2-credit-linked-capital-subsidy-for-tech-upgradation,Credit Linked Capital Subsidy for Tech Upgradation,Asset & Equipment Subsidy,150000.0,One-Time,"15% upfront capital subsidy for machinery modernization in manufacturing. (₹150,000)"
531,chhattisgarh-phase-2-e-vehicle-green-mobility-subsidy,E-Vehicle & Green Mobility Subsidy,Asset & Equipment Subsidy,20000.0,One-Time,"Direct cash incentive on purchase of electric 2-wheelers and 3-wheelers. (₹20,000)"
532,chhattisgarh-phase-2-rainwater-harvesting-ground-water-recharge-grant,Rainwater Harvesting & Ground Water Recharge Grant,Asset & Equipment Subsidy,15000.0,One-Time,"Subsidized rooftop rainwater harvesting system for individual residences. (₹15,000)"
533,chhattisgarh-phase-2-bio-gas-cattle-dung-renewable-plant-subsidy,Bio-Gas & Cattle Dung Renewable Plant Subsidy,Asset & Equipment Subsidy,18000.0,One-Time,"Financial support for installing domestic Gobar-Dhan biogas units. (₹18,000)"
534,chhattisgarh-phase-3-kisan-samriddhi-crop-assistance,Kisan Samriddhi & Crop Assistance,Asset & Equipment Subsidy,6000.0,One-Time,"Financial input subsidy for seed, fertilizer, and organic cultivation equipment. (₹6,000)"
535,goa-kisan-samriddhi-crop-assistance,Kisan Samriddhi & Crop Assistance,Asset & Equipment Subsidy,6000.0,One-Time,"Financial input subsidy for seed, fertilizer, and organic cultivation equipment. (₹6,000)"
536,goa-solar-krishi-pump-subsidy,Solar Krishi Pump Subsidy,Asset & Equipment Subsidy,75000.0,One-Time,"Up to 90% capital subsidy for installing off-grid solar irrigation pumps. (₹75,000)"
537,goa-horticulture-drip-irrigation-grant,Horticulture & Drip Irrigation Grant,Asset & Equipment Subsidy,25000.0,One-Time,"Direct subsidy for drip, sprinkler, and precision micro-irrigation installation. (₹25,000)"
538,goa-dairy-cattle-development-incentive,Dairy & Cattle Development Incentive,Direct Cash Transfer (DBT),40000.0,One-Time,"Financial assistance for purchasing high-yield milch cows and buffaloes. (₹40,000)"
540,goa-fisheries-pond-biofloc-support,Fisheries Pond & Biofloc Support,Direct Cash Transfer (DBT),50000.0,One-Time,"Capital grant for biofloc fish farming, fingerling supply, and aerators. (₹50,000)"
541,goa-soil-health-organic-farming-mission,Soil Health & Organic Farming Mission,Direct Cash Transfer (DBT),8000.0,One-Time,"Free soil nutrient testing kit and bio-compost financial top-up grant. (₹8,000)"
542,goa-farm-mechanization-rotavator-subsidy,Farm Mechanization & Rotavator Subsidy,Asset & Equipment Subsidy,60000.0,One-Time,"Up to 50% subsidy on modern harvesters, rotavators, and custom hiring centers. (₹60,000)"
543,goa-post-matric-merit-scholarship,Post-Matric Merit Scholarship,Scholarship & Academic Stipend,18000.0,One-Time,"Tuition fee waiver and maintenance stipend for higher collegiate education. (₹18,000)"
544,goa-free-digital-tablet-laptop-distribution,Free Digital Tablet & Laptop Distribution,Asset & Equipment Subsidy,15000.0,One-Time,"High-speed digital learning devices distributed to meritorious board students. (₹15,000)"
545,goa-competitive-exam-coaching-assistance,Competitive Exam Coaching Assistance,Scholarship & Academic Stipend,50000.0,One-Time,"100% sponsored classroom coaching for UPSC, PSC, JEE, and NEET exams. (₹50,000)"
546,goa-girl-child-higher-education-incentive,Girl Child Higher Education Incentive,Direct Cash Transfer (DBT),25000.0,One-Time,"Direct milestone grant upon enrolling in undergraduate degree programs. (₹25,000)"
547,goa-technical-polytechnic-skill-stipend,Technical & Polytechnic Skill Stipend,Scholarship & Academic Stipend,12000.0,Monthly,"Monthly allowance for students pursuing diploma and industrial training. (₹12,000)"
548,goa-overseas-education-scholarship-for-ews,Overseas Education Scholarship for EWS,Subsidized / Collateral-Free Loan,500000.0,One-Time,"Educational loan interest subsidy for foreign universities. (₹500,000)"
549,goa-special-education-aid-for-divyang-students,Special Education Aid for Divyang Students,Direct Cash Transfer (DBT),20000.0,One-Time,"Assistive braille, hearing aids, and transport allowance for disabled students. (₹20,000)"
550,goa-matru-kalyan-nutrition-dbt,Matru Kalyan & Nutrition DBT,Subsidized Food & Nutrition,6000.0,One-Time,"Conditional cash transfer across pregnancy trimesters and post-natal care. (₹6,000)"
551,goa-mahila-swavalamban-livelihood-grant,Mahila Swavalamban Livelihood Grant,Direct Cash Transfer (DBT),50000.0,One-Time,"Revolving seed fund for women Self-Help Groups (SHGs) to start enterprises. (₹50,000)"
552,goa-kanya-vivah-marriage-assistance,Kanya Vivah & Marriage Assistance,Direct Cash Transfer (DBT),51000.0,One-Time,"Direct financial grant for marriage of daughters from economically weaker families. (₹51,000)"
553,goa-working-women-hostel-transport-subsidy,Working Women Hostel & Transport Subsidy,Asset & Equipment Subsidy,15000.0,Monthly,"Subsidized secure safe housing and monthly urban commute pass. (₹15,000)"
554,goa-single-mother-destitute-women-pension,Single Mother & Destitute Women Pension,Monthly Social Security Pension,15000.0,Monthly,"Monthly social security pension for widowed and abandoned women. (₹15,000)"
555,goa-sukanya-samriddhi-high-interest-top-up,Sukanya Samriddhi High-Interest Top-Up,Asset & Equipment Subsidy,10000.0,One-Time,"State government interest subsidy top-up on girl child savings accounts. (₹10,000)"
556,goa-universal-cashless-health-insurance,Universal Cashless Health Insurance,Health & Accidental Insurance Cover,500000.0,Annual,"Annual cashless hospitalization and surgical treatment cover in network hospitals. (₹500,000)"
557,goa-critical-illness-relief-fund-cancer-kidney,Critical Illness Relief Fund (Cancer & Kidney),Health & Accidental Insurance Cover,200000.0,Claim-Based,"One-time financial relief grant for dialysis, chemotherapy, and heart surgery. (₹200,000)"
558,goa-free-diagnostic-tests-medicine-scheme,Free Diagnostic Tests & Medicine Scheme,Direct Cash Transfer (DBT),10000.0,One-Time,"100% free prescription drugs and pathology tests at government clinics. (₹10,000)"
559,goa-senior-citizen-specialized-geriatric-care,Senior Citizen Specialized Geriatric Care,Direct Cash Transfer (DBT),15000.0,One-Time,"Free cataract surgeries, hearing aids, and doorstep chronic care medicine. (₹15,000)"
560,goa-emergency-accidental-trauma-insurance,Emergency Accidental Trauma Insurance,Health & Accidental Insurance Cover,100000.0,Claim-Based,"Immediate cashless golden-hour emergency trauma care coverage. (₹100,000)"
561,goa-old-age-social-security-pension,Old Age Social Security Pension,Monthly Social Security Pension,12000.0,Monthly,"Monthly direct benefit transfer pension for elderly citizens aged 60 and above. (₹12,000)"
562,goa-divyangjan-disability-monthly-pension,Divyangjan Disability Monthly Pension,Monthly Social Security Pension,18000.0,Monthly,"Monthly financial support and motorized tricycle allowance for disabled persons. (₹18,000)"
563,goa-antyodaya-subsidized-food-security,Antyodaya Subsidized Food Security,Subsidized Food & Nutrition,8000.0,Monthly,"Subsidized monthly ration of 35kg foodgrains for poorest-of-poor households. (₹8,000)"
564,goa-sanitation-workers-rehabilitation-grant,Sanitation Workers Rehabilitation Grant,Asset & Equipment Subsidy,40000.0,One-Time,"Capital subsidy and skill retraining for sanitary workers and sewer workers. (₹40,000)"
565,goa-tribal-livelihood-forest-produce-grant,Tribal Livelihood & Forest Produce Grant,Asset & Equipment Subsidy,20000.0,One-Time,"Direct procurement support and value addition subsidy for minor forest produce. (₹20,000)"
566,goa-youth-apprenticeship-monthly-stipend,Youth Apprenticeship Monthly Stipend,Scholarship & Academic Stipend,18000.0,Monthly,"Direct government stipend top-up for technical industrial apprenticeships. (₹18,000)"
567,goa-artisan-craftsman-modern-tool-kit-grant,Artisan & Craftsman Modern Tool Kit Grant,Subsidized / Collateral-Free Loan,20000.0,One-Time,"Free motorized toolkits and collateral-free micro credit for traditional artisans. (₹20,000)"
568,goa-rural-youth-driving-heavy-machinery-training,Rural Youth Driving & Heavy Machinery Training,Asset & Equipment Subsidy,25000.0,One-Time,"100% sponsored commercial vehicle and excavator driver training. (₹25,000)"
569,goa-it-emerging-tech-bootcamp-voucher,IT & Emerging Tech Bootcamp Voucher,Scholarship & Academic Stipend,35000.0,One-Time,"Full tuition sponsorship for AI, Cloud, and Software certification bootcamps. (₹35,000)"
570,goa-self-employment-micro-credit-guarantee,Self-Employment Micro-Credit Guarantee,Subsidized / Collateral-Free Loan,500000.0,One-Time,"Collateral-free subsidized loan up to ₹5 Lakh for starting local enterprises. (₹100,000)"
571,goa-pucca-house-construction-subsidy,Pucca House Construction Subsidy,Asset & Equipment Subsidy,150000.0,Quarterly,"Direct installment financial grant for building disaster-resilient pucca home. (₹150,000)"
572,goa-rooftop-solar-green-energy-assistance,Rooftop Solar & Green Energy Assistance,Asset & Equipment Subsidy,50000.0,One-Time,"Capital subsidy for grid-connected rooftop solar installation for homeowners. (₹50,000)"
573,goa-slum-rehabilitation-ews-flat-allocation,Slum Rehabilitation & EWS Flat Allocation,Asset & Equipment Subsidy,250000.0,One-Time,"Subsidized ownership allotment of 1BHK flats with basic civic amenities. (₹250,000)"
574,goa-rural-toilet-water-tap-incentive,Rural Toilet & Water Tap Incentive,Direct Cash Transfer (DBT),12000.0,One-Time,"Financial assistance for individual household latrines and clean piped tap. (₹12,000)"
575,goa-micro-enterprise-collateral-free-loan,Micro Enterprise Collateral-Free Loan,Subsidized / Collateral-Free Loan,1000000.0,One-Time,"Guaranteed working capital and equipment loan up to ₹10 Lakh at subsidized interest. (₹200,000)"
576,goa-women-entrepreneur-startup-grant,Women Entrepreneur Startup Grant,Direct Cash Transfer (DBT),100000.0,One-Time,"Seed funding capital grant for innovative women-founded MSME ventures. (₹100,000)"
577,goa-export-promotion-quality-certification-subsidy,Export Promotion & Quality Certification Subsidy,Asset & Equipment Subsidy,75000.0,One-Time,"Reimbursement for ISO, ZED, and international trade mark registration costs. (₹75,000)"
578,goa-credit-linked-capital-subsidy-for-tech-upgradation,Credit Linked Capital Subsidy for Tech Upgradation,Asset & Equipment Subsidy,150000.0,One-Time,"15% upfront capital subsidy for machinery modernization in manufacturing. (₹150,000)"
579,goa-e-vehicle-green-mobility-subsidy,E-Vehicle & Green Mobility Subsidy,Asset & Equipment Subsidy,20000.0,One-Time,"Direct cash incentive on purchase of electric 2-wheelers and 3-wheelers. (₹20,000)"
580,goa-rainwater-harvesting-ground-water-recharge-grant,Rainwater Harvesting & Ground Water Recharge Grant,Asset & Equipment Subsidy,15000.0,One-Time,"Subsidized rooftop rainwater harvesting system for individual residences. (₹15,000)"
581,goa-bio-gas-cattle-dung-renewable-plant-subsidy,Bio-Gas & Cattle Dung Renewable Plant Subsidy,Asset & Equipment Subsidy,18000.0,One-Time,"Financial support for installing domestic Gobar-Dhan biogas units. (₹18,000)"
582,goa-phase-2-kisan-samriddhi-crop-assistance,Kisan Samriddhi & Crop Assistance,Asset & Equipment Subsidy,6000.0,One-Time,"Financial input subsidy for seed, fertilizer, and organic cultivation equipment. (₹6,000)"
583,goa-phase-2-solar-krishi-pump-subsidy,Solar Krishi Pump Subsidy,Asset & Equipment Subsidy,75000.0,One-Time,"Up to 90% capital subsidy for installing off-grid solar irrigation pumps. (₹75,000)"
584,goa-phase-2-horticulture-drip-irrigation-grant,Horticulture & Drip Irrigation Grant,Asset & Equipment Subsidy,25000.0,One-Time,"Direct subsidy for drip, sprinkler, and precision micro-irrigation installation. (₹25,000)"
585,gujarat-kisan-samriddhi-crop-assistance,Kisan Samriddhi & Crop Assistance,Asset & Equipment Subsidy,6000.0,One-Time,"Financial input subsidy for seed, fertilizer, and organic cultivation equipment. (₹6,000)"
586,gujarat-solar-krishi-pump-subsidy,Solar Krishi Pump Subsidy,Asset & Equipment Subsidy,75000.0,One-Time,"Up to 90% capital subsidy for installing off-grid solar irrigation pumps. (₹75,000)"
587,gujarat-horticulture-drip-irrigation-grant,Horticulture & Drip Irrigation Grant,Asset & Equipment Subsidy,25000.0,One-Time,"Direct subsidy for drip, sprinkler, and precision micro-irrigation installation. (₹25,000)"
588,gujarat-dairy-cattle-development-incentive,Dairy & Cattle Development Incentive,Direct Cash Transfer (DBT),40000.0,One-Time,"Financial assistance for purchasing high-yield milch cows and buffaloes. (₹40,000)"
589,gujarat-fodder-cultivation-animal-care-grant,Fodder Cultivation & Animal Care Grant,Asset & Equipment Subsidy,12000.0,One-Time,"Subsidized silage, quality seeds, and livestock health vaccination support. (₹12,000)"
590,gujarat-fisheries-pond-biofloc-support,Fisheries Pond & Biofloc Support,Direct Cash Transfer (DBT),50000.0,One-Time,"Capital grant for biofloc fish farming, fingerling supply, and aerators. (₹50,000)"
591,gujarat-soil-health-organic-farming-mission,Soil Health & Organic Farming Mission,Direct Cash Transfer (DBT),8000.0,One-Time,"Free soil nutrient testing kit and bio-compost financial top-up grant. (₹8,000)"
592,gujarat-farm-mechanization-rotavator-subsidy,Farm Mechanization & Rotavator Subsidy,Asset & Equipment Subsidy,60000.0,One-Time,"Up to 50% subsidy on modern harvesters, rotavators, and custom hiring centers. (₹60,000)"
593,gujarat-post-matric-merit-scholarship,Post-Matric Merit Scholarship,Scholarship & Academic Stipend,18000.0,One-Time,"Tuition fee waiver and maintenance stipend for higher collegiate education. (₹18,000)"
594,gujarat-free-digital-tablet-laptop-distribution,Free Digital Tablet & Laptop Distribution,Asset & Equipment Subsidy,15000.0,One-Time,"High-speed digital learning devices distributed to meritorious board students. (₹15,000)"
595,gujarat-competitive-exam-coaching-assistance,Competitive Exam Coaching Assistance,Scholarship & Academic Stipend,50000.0,One-Time,"100% sponsored classroom coaching for UPSC, PSC, JEE, and NEET exams. (₹50,000)"
596,gujarat-girl-child-higher-education-incentive,Girl Child Higher Education Incentive,Direct Cash Transfer (DBT),25000.0,One-Time,"Direct milestone grant upon enrolling in undergraduate degree programs. (₹25,000)"
597,gujarat-technical-polytechnic-skill-stipend,Technical & Polytechnic Skill Stipend,Scholarship & Academic Stipend,12000.0,Monthly,"Monthly allowance for students pursuing diploma and industrial training. (₹12,000)"
598,gujarat-overseas-education-scholarship-for-ews,Overseas Education Scholarship for EWS,Subsidized / Collateral-Free Loan,500000.0,One-Time,"Educational loan interest subsidy for foreign universities. (₹500,000)"
599,gujarat-special-education-aid-for-divyang-students,Special Education Aid for Divyang Students,Direct Cash Transfer (DBT),20000.0,One-Time,"Assistive braille, hearing aids, and transport allowance for disabled students. (₹20,000)"
600,gujarat-matru-kalyan-nutrition-dbt,Matru Kalyan & Nutrition DBT,Subsidized Food & Nutrition,6000.0,One-Time,"Conditional cash transfer across pregnancy trimesters and post-natal care. (₹6,000)"
601,gujarat-mahila-swavalamban-livelihood-grant,Mahila Swavalamban Livelihood Grant,Direct Cash Transfer (DBT),50000.0,One-Time,"Revolving seed fund for women Self-Help Groups (SHGs) to start enterprises. (₹50,000)"
602,gujarat-kanya-vivah-marriage-assistance,Kanya Vivah & Marriage Assistance,Direct Cash Transfer (DBT),51000.0,One-Time,"Direct financial grant for marriage of daughters from economically weaker families. (₹51,000)"
603,gujarat-working-women-hostel-transport-subsidy,Working Women Hostel & Transport Subsidy,Asset & Equipment Subsidy,15000.0,Monthly,"Subsidized secure safe housing and monthly urban commute pass. (₹15,000)"
604,gujarat-single-mother-destitute-women-pension,Single Mother & Destitute Women Pension,Monthly Social Security Pension,15000.0,Monthly,"Monthly social security pension for widowed and abandoned women. (₹15,000)"
605,gujarat-sukanya-samriddhi-high-interest-top-up,Sukanya Samriddhi High-Interest Top-Up,Asset & Equipment Subsidy,10000.0,One-Time,"State government interest subsidy top-up on girl child savings accounts. (₹10,000)"
606,gujarat-universal-cashless-health-insurance,Universal Cashless Health Insurance,Health & Accidental Insurance Cover,500000.0,Annual,"Annual cashless hospitalization and surgical treatment cover in network hospitals. (₹500,000)"
607,gujarat-critical-illness-relief-fund-cancer-kidney,Critical Illness Relief Fund (Cancer & Kidney),Health & Accidental Insurance Cover,200000.0,Claim-Based,"One-time financial relief grant for dialysis, chemotherapy, and heart surgery. (₹200,000)"
608,gujarat-free-diagnostic-tests-medicine-scheme,Free Diagnostic Tests & Medicine Scheme,Direct Cash Transfer (DBT),10000.0,One-Time,"100% free prescription drugs and pathology tests at government clinics. (₹10,000)"
609,gujarat-senior-citizen-specialized-geriatric-care,Senior Citizen Specialized Geriatric Care,Direct Cash Transfer (DBT),15000.0,One-Time,"Free cataract surgeries, hearing aids, and doorstep chronic care medicine. (₹15,000)"
610,gujarat-emergency-accidental-trauma-insurance,Emergency Accidental Trauma Insurance,Health & Accidental Insurance Cover,100000.0,Claim-Based,"Immediate cashless golden-hour emergency trauma care coverage. (₹100,000)"
611,gujarat-old-age-social-security-pension,Old Age Social Security Pension,Monthly Social Security Pension,12000.0,Monthly,"Monthly direct benefit transfer pension for elderly citizens aged 60 and above. (₹12,000)"
612,gujarat-divyangjan-disability-monthly-pension,Divyangjan Disability Monthly Pension,Monthly Social Security Pension,18000.0,Monthly,"Monthly financial support and motorized tricycle allowance for disabled persons. (₹18,000)"
613,gujarat-antyodaya-subsidized-food-security,Antyodaya Subsidized Food Security,Subsidized Food & Nutrition,8000.0,Monthly,"Subsidized monthly ration of 35kg foodgrains for poorest-of-poor households. (₹8,000)"
614,gujarat-sanitation-workers-rehabilitation-grant,Sanitation Workers Rehabilitation Grant,Asset & Equipment Subsidy,40000.0,One-Time,"Capital subsidy and skill retraining for sanitary workers and sewer workers. (₹40,000)"
615,gujarat-tribal-livelihood-forest-produce-grant,Tribal Livelihood & Forest Produce Grant,Asset & Equipment Subsidy,20000.0,One-Time,"Direct procurement support and value addition subsidy for minor forest produce. (₹20,000)"
616,gujarat-youth-apprenticeship-monthly-stipend,Youth Apprenticeship Monthly Stipend,Scholarship & Academic Stipend,18000.0,Monthly,"Direct government stipend top-up for technical industrial apprenticeships. (₹18,000)"
617,gujarat-artisan-craftsman-modern-tool-kit-grant,Artisan & Craftsman Modern Tool Kit Grant,Subsidized / Collateral-Free Loan,20000.0,One-Time,"Free motorized toolkits and collateral-free micro credit for traditional artisans. (₹20,000)"
618,gujarat-rural-youth-driving-heavy-machinery-training,Rural Youth Driving & Heavy Machinery Training,Asset & Equipment Subsidy,25000.0,One-Time,"100% sponsored commercial vehicle and excavator driver training. (₹25,000)"
619,gujarat-it-emerging-tech-bootcamp-voucher,IT & Emerging Tech Bootcamp Voucher,Scholarship & Academic Stipend,35000.0,One-Time,"Full tuition sponsorship for AI, Cloud, and Software certification bootcamps. (₹35,000)"
620,gujarat-self-employment-micro-credit-guarantee,Self-Employment Micro-Credit Guarantee,Subsidized / Collateral-Free Loan,500000.0,One-Time,"Collateral-free subsidized loan up to ₹5 Lakh for starting local enterprises. (₹100,000)"
621,gujarat-pucca-house-construction-subsidy,Pucca House Construction Subsidy,Asset & Equipment Subsidy,150000.0,Quarterly,"Direct installment financial grant for building disaster-resilient pucca home. (₹150,000)"
622,gujarat-rooftop-solar-green-energy-assistance,Rooftop Solar & Green Energy Assistance,Asset & Equipment Subsidy,50000.0,One-Time,"Capital subsidy for grid-connected rooftop solar installation for homeowners. (₹50,000)"
623,gujarat-slum-rehabilitation-ews-flat-allocation,Slum Rehabilitation & EWS Flat Allocation,Asset & Equipment Subsidy,250000.0,One-Time,"Subsidized ownership allotment of 1BHK flats with basic civic amenities. (₹250,000)"
624,gujarat-rural-toilet-water-tap-incentive,Rural Toilet & Water Tap Incentive,Direct Cash Transfer (DBT),12000.0,One-Time,"Financial assistance for individual household latrines and clean piped tap. (₹12,000)"
625,gujarat-micro-enterprise-collateral-free-loan,Micro Enterprise Collateral-Free Loan,Subsidized / Collateral-Free Loan,1000000.0,One-Time,"Guaranteed working capital and equipment loan up to ₹10 Lakh at subsidized interest. (₹200,000)"
626,gujarat-women-entrepreneur-startup-grant,Women Entrepreneur Startup Grant,Direct Cash Transfer (DBT),100000.0,One-Time,"Seed funding capital grant for innovative women-founded MSME ventures. (₹100,000)"
627,gujarat-export-promotion-quality-certification-subsidy,Export Promotion & Quality Certification Subsidy,Asset & Equipment Subsidy,75000.0,One-Time,"Reimbursement for ISO, ZED, and international trade mark registration costs. (₹75,000)"
628,gujarat-credit-linked-capital-subsidy-for-tech-upgradation,Credit Linked Capital Subsidy for Tech Upgradation,Asset & Equipment Subsidy,150000.0,One-Time,"15% upfront capital subsidy for machinery modernization in manufacturing. (₹150,000)"
629,gujarat-e-vehicle-green-mobility-subsidy,E-Vehicle & Green Mobility Subsidy,Asset & Equipment Subsidy,20000.0,One-Time,"Direct cash incentive on purchase of electric 2-wheelers and 3-wheelers. (₹20,000)"
630,gujarat-rainwater-harvesting-ground-water-recharge-grant,Rainwater Harvesting & Ground Water Recharge Grant,Asset & Equipment Subsidy,15000.0,One-Time,"Subsidized rooftop rainwater harvesting system for individual residences. (₹15,000)"
631,gujarat-bio-gas-cattle-dung-renewable-plant-subsidy,Bio-Gas & Cattle Dung Renewable Plant Subsidy,Asset & Equipment Subsidy,18000.0,One-Time,"Financial support for installing domestic Gobar-Dhan biogas units. (₹18,000)"
632,gujarat-phase-2-kisan-samriddhi-crop-assistance,Kisan Samriddhi & Crop Assistance,Asset & Equipment Subsidy,6000.0,One-Time,"Financial input subsidy for seed, fertilizer, and organic cultivation equipment. (₹6,000)"
633,gujarat-phase-2-solar-krishi-pump-subsidy,Solar Krishi Pump Subsidy,Asset & Equipment Subsidy,75000.0,One-Time,"Up to 90% capital subsidy for installing off-grid solar irrigation pumps. (₹75,000)"
634,gujarat-phase-2-horticulture-drip-irrigation-grant,Horticulture & Drip Irrigation Grant,Asset & Equipment Subsidy,25000.0,One-Time,"Direct subsidy for drip, sprinkler, and precision micro-irrigation installation. (₹25,000)"
635,gujarat-phase-2-dairy-cattle-development-incentive,Dairy & Cattle Development Incentive,Direct Cash Transfer (DBT),40000.0,One-Time,"Financial assistance for purchasing high-yield milch cows and buffaloes. (₹40,000)"
636,gujarat-phase-2-fodder-cultivation-animal-care-grant,Fodder Cultivation & Animal Care Grant,Asset & Equipment Subsidy,12000.0,One-Time,"Subsidized silage, quality seeds, and livestock health vaccination support. (₹12,000)"
637,gujarat-phase-2-fisheries-pond-biofloc-support,Fisheries Pond & Biofloc Support,Direct Cash Transfer (DBT),50000.0,One-Time,"Capital grant for biofloc fish farming, fingerling supply, and aerators. (₹50,000)"
638,gujarat-phase-2-soil-health-organic-farming-mission,Soil Health & Organic Farming Mission,Direct Cash Transfer (DBT),8000.0,One-Time,"Free soil nutrient testing kit and bio-compost financial top-up grant. (₹8,000)"
639,gujarat-phase-2-farm-mechanization-rotavator-subsidy,Farm Mechanization & Rotavator Subsidy,Asset & Equipment Subsidy,60000.0,One-Time,"Up to 50% subsidy on modern harvesters, rotavators, and custom hiring centers. (₹60,000)"
640,gujarat-phase-2-post-matric-merit-scholarship,Post-Matric Merit Scholarship,Scholarship & Academic Stipend,18000.0,One-Time,"Tuition fee waiver and maintenance stipend for higher collegiate education. (₹18,000)"
641,gujarat-phase-2-free-digital-tablet-laptop-distribution,Free Digital Tablet & Laptop Distribution,Asset & Equipment Subsidy,15000.0,One-Time,"High-speed digital learning devices distributed to meritorious board students. (₹15,000)"
642,gujarat-phase-2-competitive-exam-coaching-assistance,Competitive Exam Coaching Assistance,Scholarship & Academic Stipend,50000.0,One-Time,"100% sponsored classroom coaching for UPSC, PSC, JEE, and NEET exams. (₹50,000)"
643,gujarat-phase-2-girl-child-higher-education-incentive,Girl Child Higher Education Incentive,Direct Cash Transfer (DBT),25000.0,One-Time,"Direct milestone grant upon enrolling in undergraduate degree programs. (₹25,000)"
644,gujarat-phase-2-technical-polytechnic-skill-stipend,Technical & Polytechnic Skill Stipend,Scholarship & Academic Stipend,12000.0,Monthly,"Monthly allowance for students pursuing diploma and industrial training. (₹12,000)"
645,gujarat-phase-2-overseas-education-scholarship-for-ews,Overseas Education Scholarship for EWS,Subsidized / Collateral-Free Loan,500000.0,One-Time,"Educational loan interest subsidy for foreign universities. (₹500,000)"
646,gujarat-phase-2-special-education-aid-for-divyang-students,Special Education Aid for Divyang Students,Direct Cash Transfer (DBT),20000.0,One-Time,"Assistive braille, hearing aids, and transport allowance for disabled students. (₹20,000)"
647,gujarat-phase-2-matru-kalyan-nutrition-dbt,Matru Kalyan & Nutrition DBT,Subsidized Food & Nutrition,6000.0,One-Time,"Conditional cash transfer across pregnancy trimesters and post-natal care. (₹6,000)"
648,gujarat-phase-2-mahila-swavalamban-livelihood-grant,Mahila Swavalamban Livelihood Grant,Direct Cash Transfer (DBT),50000.0,One-Time,"Revolving seed fund for women Self-Help Groups (SHGs) to start enterprises. (₹50,000)"
649,gujarat-phase-2-kanya-vivah-marriage-assistance,Kanya Vivah & Marriage Assistance,Direct Cash Transfer (DBT),51000.0,One-Time,"Direct financial grant for marriage of daughters from economically weaker families. (₹51,000)"
650,gujarat-phase-2-working-women-hostel-transport-subsidy,Working Women Hostel & Transport Subsidy,Asset & Equipment Subsidy,15000.0,Monthly,"Subsidized secure safe housing and monthly urban commute pass. (₹15,000)"
651,gujarat-phase-2-single-mother-destitute-women-pension,Single Mother & Destitute Women Pension,Monthly Social Security Pension,15000.0,Monthly,"Monthly social security pension for widowed and abandoned women. (₹15,000)"
652,gujarat-phase-2-sukanya-samriddhi-high-interest-top-up,Sukanya Samriddhi High-Interest Top-Up,Asset & Equipment Subsidy,10000.0,One-Time,"State government interest subsidy top-up on girl child savings accounts. (₹10,000)"
653,gujarat-phase-2-universal-cashless-health-insurance,Universal Cashless Health Insurance,Health & Accidental Insurance Cover,500000.0,Annual,"Annual cashless hospitalization and surgical treatment cover in network hospitals. (₹500,000)"
654,gujarat-phase-2-critical-illness-relief-fund-cancer-kidney,Critical Illness Relief Fund (Cancer & Kidney),Health & Accidental Insurance Cover,200000.0,Claim-Based,"One-time financial relief grant for dialysis, chemotherapy, and heart surgery. (₹200,000)"
655,gujarat-phase-2-free-diagnostic-tests-medicine-scheme,Free Diagnostic Tests & Medicine Scheme,Direct Cash Transfer (DBT),10000.0,One-Time,"100% free prescription drugs and pathology tests at government clinics. (₹10,000)"
656,gujarat-phase-2-senior-citizen-specialized-geriatric-care,Senior Citizen Specialized Geriatric Care,Direct Cash Transfer (DBT),15000.0,One-Time,"Free cataract surgeries, hearing aids, and doorstep chronic care medicine. (₹15,000)"
657,gujarat-phase-2-emergency-accidental-trauma-insurance,Emergency Accidental Trauma Insurance,Health & Accidental Insurance Cover,100000.0,Claim-Based,"Immediate cashless golden-hour emergency trauma care coverage. (₹100,000)"
658,gujarat-phase-2-old-age-social-security-pension,Old Age Social Security Pension,Monthly Social Security Pension,12000.0,Monthly,"Monthly direct benefit transfer pension for elderly citizens aged 60 and above. (₹12,000)"
659,gujarat-phase-2-divyangjan-disability-monthly-pension,Divyangjan Disability Monthly Pension,Monthly Social Security Pension,18000.0,Monthly,"Monthly financial support and motorized tricycle allowance for disabled persons. (₹18,000)"
660,gujarat-phase-2-antyodaya-subsidized-food-security,Antyodaya Subsidized Food Security,Subsidized Food & Nutrition,8000.0,Monthly,"Subsidized monthly ration of 35kg foodgrains for poorest-of-poor households. (₹8,000)"
661,gujarat-phase-2-sanitation-workers-rehabilitation-grant,Sanitation Workers Rehabilitation Grant,Asset & Equipment Subsidy,40000.0,One-Time,"Capital subsidy and skill retraining for sanitary workers and sewer workers. (₹40,000)"
662,gujarat-phase-2-tribal-livelihood-forest-produce-grant,Tribal Livelihood & Forest Produce Grant,Asset & Equipment Subsidy,20000.0,One-Time,"Direct procurement support and value addition subsidy for minor forest produce. (₹20,000)"
663,gujarat-phase-2-youth-apprenticeship-monthly-stipend,Youth Apprenticeship Monthly Stipend,Scholarship & Academic Stipend,18000.0,Monthly,"Direct government stipend top-up for technical industrial apprenticeships. (₹18,000)"
664,gujarat-phase-2-artisan-craftsman-modern-tool-kit-grant,Artisan & Craftsman Modern Tool Kit Grant,Subsidized / Collateral-Free Loan,20000.0,One-Time,"Free motorized toolkits and collateral-free micro credit for traditional artisans. (₹20,000)"
665,gujarat-phase-2-rural-youth-driving-heavy-machinery-training,Rural Youth Driving & Heavy Machinery Training,Asset & Equipment Subsidy,25000.0,One-Time,"100% sponsored commercial vehicle and excavator driver training. (₹25,000)"
666,gujarat-phase-2-it-emerging-tech-bootcamp-voucher,IT & Emerging Tech Bootcamp Voucher,Scholarship & Academic Stipend,35000.0,One-Time,"Full tuition sponsorship for AI, Cloud, and Software certification bootcamps. (₹35,000)"
667,gujarat-phase-2-self-employment-micro-credit-guarantee,Self-Employment Micro-Credit Guarantee,Subsidized / Collateral-Free Loan,500000.0,One-Time,"Collateral-free subsidized loan up to ₹5 Lakh for starting local enterprises. (₹100,000)"
668,gujarat-phase-2-pucca-house-construction-subsidy,Pucca House Construction Subsidy,Asset & Equipment Subsidy,150000.0,Quarterly,"Direct installment financial grant for building disaster-resilient pucca home. (₹150,000)"
669,gujarat-phase-2-rooftop-solar-green-energy-assistance,Rooftop Solar & Green Energy Assistance,Asset & Equipment Subsidy,50000.0,One-Time,"Capital subsidy for grid-connected rooftop solar installation for homeowners. (₹50,000)"
670,gujarat-phase-2-slum-rehabilitation-ews-flat-allocation,Slum Rehabilitation & EWS Flat Allocation,Asset & Equipment Subsidy,250000.0,One-Time,"Subsidized ownership allotment of 1BHK flats with basic civic amenities. (₹250,000)"
671,gujarat-phase-2-rural-toilet-water-tap-incentive,Rural Toilet & Water Tap Incentive,Direct Cash Transfer (DBT),12000.0,One-Time,"Financial assistance for individual household latrines and clean piped tap. (₹12,000)"
672,gujarat-phase-2-micro-enterprise-collateral-free-loan,Micro Enterprise Collateral-Free Loan,Subsidized / Collateral-Free Loan,1000000.0,One-Time,"Guaranteed working capital and equipment loan up to ₹10 Lakh at subsidized interest. (₹200,000)"
673,gujarat-phase-2-women-entrepreneur-startup-grant,Women Entrepreneur Startup Grant,Direct Cash Transfer (DBT),100000.0,One-Time,"Seed funding capital grant for innovative women-founded MSME ventures. (₹100,000)"
674,gujarat-phase-2-export-promotion-quality-certification-subsidy,Export Promotion & Quality Certification Subsidy,Asset & Equipment Subsidy,75000.0,One-Time,"Reimbursement for ISO, ZED, and international trade mark registration costs. (₹75,000)"
675,gujarat-phase-2-credit-linked-capital-subsidy-for-tech-upgradation,Credit Linked Capital Subsidy for Tech Upgradation,Asset & Equipment Subsidy,150000.0,One-Time,"15% upfront capital subsidy for machinery modernization in manufacturing. (₹150,000)"
676,gujarat-phase-2-e-vehicle-green-mobility-subsidy,E-Vehicle & Green Mobility Subsidy,Asset & Equipment Subsidy,20000.0,One-Time,"Direct cash incentive on purchase of electric 2-wheelers and 3-wheelers. (₹20,000)"
677,gujarat-phase-2-rainwater-harvesting-ground-water-recharge-grant,Rainwater Harvesting & Ground Water Recharge Grant,Asset & Equipment Subsidy,15000.0,One-Time,"Subsidized rooftop rainwater harvesting system for individual residences. (₹15,000)"
678,gujarat-phase-2-bio-gas-cattle-dung-renewable-plant-subsidy,Bio-Gas & Cattle Dung Renewable Plant Subsidy,Asset & Equipment Subsidy,18000.0,One-Time,"Financial support for installing domestic Gobar-Dhan biogas units. (₹18,000)"
679,gujarat-phase-3-kisan-samriddhi-crop-assistance,Kisan Samriddhi & Crop Assistance,Asset & Equipment Subsidy,6000.0,One-Time,"Financial input subsidy for seed, fertilizer, and organic cultivation equipment. (₹6,000)"
680,gujarat-phase-3-solar-krishi-pump-subsidy,Solar Krishi Pump Subsidy,Asset & Equipment Subsidy,75000.0,One-Time,"Up to 90% capital subsidy for installing off-grid solar irrigation pumps. (₹75,000)"
681,gujarat-phase-3-horticulture-drip-irrigation-grant,Horticulture & Drip Irrigation Grant,Asset & Equipment Subsidy,25000.0,One-Time,"Direct subsidy for drip, sprinkler, and precision micro-irrigation installation. (₹25,000)"
682,gujarat-phase-3-dairy-cattle-development-incentive,Dairy & Cattle Development Incentive,Direct Cash Transfer (DBT),40000.0,One-Time,"Financial assistance for purchasing high-yield milch cows and buffaloes. (₹40,000)"
683,gujarat-phase-3-fodder-cultivation-animal-care-grant,Fodder Cultivation & Animal Care Grant,Asset & Equipment Subsidy,12000.0,One-Time,"Subsidized silage, quality seeds, and livestock health vaccination support. (₹12,000)"
684,gujarat-phase-3-fisheries-pond-biofloc-support,Fisheries Pond & Biofloc Support,Direct Cash Transfer (DBT),50000.0,One-Time,"Capital grant for biofloc fish farming, fingerling supply, and aerators. (₹50,000)"
685,gujarat-phase-3-soil-health-organic-farming-mission,Soil Health & Organic Farming Mission,Direct Cash Transfer (DBT),8000.0,One-Time,"Free soil nutrient testing kit and bio-compost financial top-up grant. (₹8,000)"
686,gujarat-phase-3-farm-mechanization-rotavator-subsidy,Farm Mechanization & Rotavator Subsidy,Asset & Equipment Subsidy,60000.0,One-Time,"Up to 50% subsidy on modern harvesters, rotavators, and custom hiring centers. (₹60,000)"
687,gujarat-phase-3-post-matric-merit-scholarship,Post-Matric Merit Scholarship,Scholarship & Academic Stipend,18000.0,One-Time,"Tuition fee waiver and maintenance stipend for higher collegiate education. (₹18,000)"
688,gujarat-phase-3-free-digital-tablet-laptop-distribution,Free Digital Tablet & Laptop Distribution,Asset & Equipment Subsidy,15000.0,One-Time,"High-speed digital learning devices distributed to meritorious board students. (₹15,000)"
689,gujarat-phase-3-competitive-exam-coaching-assistance,Competitive Exam Coaching Assistance,Scholarship & Academic Stipend,50000.0,One-Time,"100% sponsored classroom coaching for UPSC, PSC, JEE, and NEET exams. (₹50,000)"
690,gujarat-phase-3-girl-child-higher-education-incentive,Girl Child Higher Education Incentive,Direct Cash Transfer (DBT),25000.0,One-Time,"Direct milestone grant upon enrolling in undergraduate degree programs. (₹25,000)"
691,gujarat-phase-3-technical-polytechnic-skill-stipend,Technical & Polytechnic Skill Stipend,Scholarship & Academic Stipend,12000.0,Monthly,"Monthly allowance for students pursuing diploma and industrial training. (₹12,000)"
692,gujarat-phase-3-overseas-education-scholarship-for-ews,Overseas Education Scholarship for EWS,Subsidized / Collateral-Free Loan,500000.0,One-Time,"Educational loan interest subsidy for foreign universities. (₹500,000)"
693,gujarat-phase-3-special-education-aid-for-divyang-students,Special Education Aid for Divyang Students,Direct Cash Transfer (DBT),20000.0,One-Time,"Assistive braille, hearing aids, and transport allowance for disabled students. (₹20,000)"
694,gujarat-phase-3-matru-kalyan-nutrition-dbt,Matru Kalyan & Nutrition DBT,Subsidized Food & Nutrition,6000.0,One-Time,"Conditional cash transfer across pregnancy trimesters and post-natal care. (₹6,000)"
695,gujarat-phase-3-mahila-swavalamban-livelihood-grant,Mahila Swavalamban Livelihood Grant,Direct Cash Transfer (DBT),50000.0,One-Time,"Revolving seed fund for women Self-Help Groups (SHGs) to start enterprises. (₹50,000)"
696,gujarat-phase-3-kanya-vivah-marriage-assistance,Kanya Vivah & Marriage Assistance,Direct Cash Transfer (DBT),51000.0,One-Time,"Direct financial grant for marriage of daughters from economically weaker families. (₹51,000)"
697,gujarat-phase-3-working-women-hostel-transport-subsidy,Working Women Hostel & Transport Subsidy,Asset & Equipment Subsidy,15000.0,Monthly,"Subsidized secure safe housing and monthly urban commute pass. (₹15,000)"
698,gujarat-phase-3-single-mother-destitute-women-pension,Single Mother & Destitute Women Pension,Monthly Social Security Pension,15000.0,Monthly,"Monthly social security pension for widowed and abandoned women. (₹15,000)"
699,gujarat-phase-3-sukanya-samriddhi-high-interest-top-up,Sukanya Samriddhi High-Interest Top-Up,Asset & Equipment Subsidy,10000.0,One-Time,"State government interest subsidy top-up on girl child savings accounts. (₹10,000)"
700,gujarat-phase-3-universal-cashless-health-insurance,Universal Cashless Health Insurance,Health & Accidental Insurance Cover,500000.0,Annual,"Annual cashless hospitalization and surgical treatment cover in network hospitals. (₹500,000)"
701,gujarat-phase-3-critical-illness-relief-fund-cancer-kidney,Critical Illness Relief Fund (Cancer & Kidney),Health & Accidental Insurance Cover,200000.0,Claim-Based,"One-time financial relief grant for dialysis, chemotherapy, and heart surgery. (₹200,000)"
702,gujarat-phase-3-free-diagnostic-tests-medicine-scheme,Free Diagnostic Tests & Medicine Scheme,Direct Cash Transfer (DBT),10000.0,One-Time,"100% free prescription drugs and pathology tests at government clinics. (₹10,000)"
703,gujarat-phase-3-senior-citizen-specialized-geriatric-care,Senior Citizen Specialized Geriatric Care,Direct Cash Transfer (DBT),15000.0,One-Time,"Free cataract surgeries, hearing aids, and doorstep chronic care medicine. (₹15,000)"
704,gujarat-phase-3-emergency-accidental-trauma-insurance,Emergency Accidental Trauma Insurance,Health & Accidental Insurance Cover,100000.0,Claim-Based,"Immediate cashless golden-hour emergency trauma care coverage. (₹100,000)"
705,gujarat-phase-3-old-age-social-security-pension,Old Age Social Security Pension,Monthly Social Security Pension,12000.0,Monthly,"Monthly direct benefit transfer pension for elderly citizens aged 60 and above. (₹12,000)"
706,gujarat-phase-3-divyangjan-disability-monthly-pension,Divyangjan Disability Monthly Pension,Monthly Social Security Pension,18000.0,Monthly,"Monthly financial support and motorized tricycle allowance for disabled persons. (₹18,000)"
707,gujarat-phase-3-antyodaya-subsidized-food-security,Antyodaya Subsidized Food Security,Subsidized Food & Nutrition,8000.0,Monthly,"Subsidized monthly ration of 35kg foodgrains for poorest-of-poor households. (₹8,000)"
708,gujarat-phase-3-sanitation-workers-rehabilitation-grant,Sanitation Workers Rehabilitation Grant,Asset & Equipment Subsidy,40000.0,One-Time,"Capital subsidy and skill retraining for sanitary workers and sewer workers. (₹40,000)"
709,gujarat-phase-3-tribal-livelihood-forest-produce-grant,Tribal Livelihood & Forest Produce Grant,Asset & Equipment Subsidy,20000.0,One-Time,"Direct procurement support and value addition subsidy for minor forest produce. (₹20,000)"
710,gujarat-phase-3-youth-apprenticeship-monthly-stipend,Youth Apprenticeship Monthly Stipend,Scholarship & Academic Stipend,18000.0,Monthly,"Direct government stipend top-up for technical industrial apprenticeships. (₹18,000)"
711,gujarat-phase-3-artisan-craftsman-modern-tool-kit-grant,Artisan & Craftsman Modern Tool Kit Grant,Subsidized / Collateral-Free Loan,20000.0,One-Time,"Free motorized toolkits and collateral-free micro credit for traditional artisans. (₹20,000)"
712,gujarat-phase-3-rural-youth-driving-heavy-machinery-training,Rural Youth Driving & Heavy Machinery Training,Asset & Equipment Subsidy,25000.0,One-Time,"100% sponsored commercial vehicle and excavator driver training. (₹25,000)"
713,gujarat-phase-3-it-emerging-tech-bootcamp-voucher,IT & Emerging Tech Bootcamp Voucher,Scholarship & Academic Stipend,35000.0,One-Time,"Full tuition sponsorship for AI, Cloud, and Software certification bootcamps. (₹35,000)"
714,gujarat-phase-3-self-employment-micro-credit-guarantee,Self-Employment Micro-Credit Guarantee,Subsidized / Collateral-Free Loan,500000.0,One-Time,"Collateral-free subsidized loan up to ₹5 Lakh for starting local enterprises. (₹100,000)"
715,gujarat-phase-3-pucca-house-construction-subsidy,Pucca House Construction Subsidy,Asset & Equipment Subsidy,150000.0,Quarterly,"Direct installment financial grant for building disaster-resilient pucca home. (₹150,000)"
716,gujarat-phase-3-rooftop-solar-green-energy-assistance,Rooftop Solar & Green Energy Assistance,Asset & Equipment Subsidy,50000.0,One-Time,"Capital subsidy for grid-connected rooftop solar installation for homeowners. (₹50,000)"
717,gujarat-phase-3-slum-rehabilitation-ews-flat-allocation,Slum Rehabilitation & EWS Flat Allocation,Asset & Equipment Subsidy,250000.0,One-Time,"Subsidized ownership allotment of 1BHK flats with basic civic amenities. (₹250,000)"
718,gujarat-phase-3-rural-toilet-water-tap-incentive,Rural Toilet & Water Tap Incentive,Direct Cash Transfer (DBT),12000.0,One-Time,"Financial assistance for individual household latrines and clean piped tap. (₹12,000)"
719,gujarat-phase-3-micro-enterprise-collateral-free-loan,Micro Enterprise Collateral-Free Loan,Subsidized / Collateral-Free Loan,1000000.0,One-Time,"Guaranteed working capital and equipment loan up to ₹10 Lakh at subsidized interest. (₹200,000)"
720,gujarat-phase-3-women-entrepreneur-startup-grant,Women Entrepreneur Startup Grant,Direct Cash Transfer (DBT),100000.0,One-Time,"Seed funding capital grant for innovative women-founded MSME ventures. (₹100,000)"
721,gujarat-phase-3-export-promotion-quality-certification-subsidy,Export Promotion & Quality Certification Subsidy,Asset & Equipment Subsidy,75000.0,One-Time,"Reimbursement for ISO, ZED, and international trade mark registration costs. (₹75,000)"
722,gujarat-phase-3-credit-linked-capital-subsidy-for-tech-upgradation,Credit Linked Capital Subsidy for Tech Upgradation,Asset & Equipment Subsidy,150000.0,One-Time,"15% upfront capital subsidy for machinery modernization in manufacturing. (₹150,000)"
723,gujarat-phase-3-e-vehicle-green-mobility-subsidy,E-Vehicle & Green Mobility Subsidy,Asset & Equipment Subsidy,20000.0,One-Time,"Direct cash incentive on purchase of electric 2-wheelers and 3-wheelers. (₹20,000)"
724,gujarat-phase-3-rainwater-harvesting-ground-water-recharge-grant,Rainwater Harvesting & Ground Water Recharge Grant,Asset & Equipment Subsidy,15000.0,One-Time,"Subsidized rooftop rainwater harvesting system for individual residences. (₹15,000)"
725,haryana-kisan-samriddhi-crop-assistance,Kisan Samriddhi & Crop Assistance,Asset & Equipment Subsidy,6000.0,One-Time,"Financial input subsidy for seed, fertilizer, and organic cultivation equipment. (₹6,000)"
726,haryana-solar-krishi-pump-subsidy,Solar Krishi Pump Subsidy,Asset & Equipment Subsidy,75000.0,One-Time,"Up to 90% capital subsidy for installing off-grid solar irrigation pumps. (₹75,000)"
727,haryana-horticulture-drip-irrigation-grant,Horticulture & Drip Irrigation Grant,Asset & Equipment Subsidy,25000.0,One-Time,"Direct subsidy for drip, sprinkler, and precision micro-irrigation installation. (₹25,000)"
728,haryana-dairy-cattle-development-incentive,Dairy & Cattle Development Incentive,Direct Cash Transfer (DBT),40000.0,One-Time,"Financial assistance for purchasing high-yield milch cows and buffaloes. (₹40,000)"
729,haryana-fodder-cultivation-animal-care-grant,Fodder Cultivation & Animal Care Grant,Asset & Equipment Subsidy,12000.0,One-Time,"Subsidized silage, quality seeds, and livestock health vaccination support. (₹12,000)"
730,haryana-fisheries-pond-biofloc-support,Fisheries Pond & Biofloc Support,Direct Cash Transfer (DBT),50000.0,One-Time,"Capital grant for biofloc fish farming, fingerling supply, and aerators. (₹50,000)"
731,haryana-soil-health-organic-farming-mission,Soil Health & Organic Farming Mission,Direct Cash Transfer (DBT),8000.0,One-Time,"Free soil nutrient testing kit and bio-compost financial top-up grant. (₹8,000)"
732,haryana-farm-mechanization-rotavator-subsidy,Farm Mechanization & Rotavator Subsidy,Asset & Equipment Subsidy,60000.0,One-Time,"Up to 50% subsidy on modern harvesters, rotavators, and custom hiring centers. (₹60,000)"
733,haryana-post-matric-merit-scholarship,Post-Matric Merit Scholarship,Scholarship & Academic Stipend,18000.0,One-Time,"Tuition fee waiver and maintenance stipend for higher collegiate education. (₹18,000)"
734,haryana-free-digital-tablet-laptop-distribution,Free Digital Tablet & Laptop Distribution,Asset & Equipment Subsidy,15000.0,One-Time,"High-speed digital learning devices distributed to meritorious board students. (₹15,000)"
735,haryana-competitive-exam-coaching-assistance,Competitive Exam Coaching Assistance,Scholarship & Academic Stipend,50000.0,One-Time,"100% sponsored classroom coaching for UPSC, PSC, JEE, and NEET exams. (₹50,000)"
736,haryana-girl-child-higher-education-incentive,Girl Child Higher Education Incentive,Direct Cash Transfer (DBT),25000.0,One-Time,"Direct milestone grant upon enrolling in undergraduate degree programs. (₹25,000)"
737,haryana-technical-polytechnic-skill-stipend,Technical & Polytechnic Skill Stipend,Scholarship & Academic Stipend,12000.0,Monthly,"Monthly allowance for students pursuing diploma and industrial training. (₹12,000)"
738,haryana-overseas-education-scholarship-for-ews,Overseas Education Scholarship for EWS,Subsidized / Collateral-Free Loan,500000.0,One-Time,"Educational loan interest subsidy for foreign universities. (₹500,000)"
739,haryana-special-education-aid-for-divyang-students,Special Education Aid for Divyang Students,Direct Cash Transfer (DBT),20000.0,One-Time,"Assistive braille, hearing aids, and transport allowance for disabled students. (₹20,000)"
740,haryana-matru-kalyan-nutrition-dbt,Matru Kalyan & Nutrition DBT,Subsidized Food & Nutrition,6000.0,One-Time,"Conditional cash transfer across pregnancy trimesters and post-natal care. (₹6,000)"
741,haryana-mahila-swavalamban-livelihood-grant,Mahila Swavalamban Livelihood Grant,Direct Cash Transfer (DBT),50000.0,One-Time,"Revolving seed fund for women Self-Help Groups (SHGs) to start enterprises. (₹50,000)"
742,haryana-kanya-vivah-marriage-assistance,Kanya Vivah & Marriage Assistance,Direct Cash Transfer (DBT),51000.0,One-Time,"Direct financial grant for marriage of daughters from economically weaker families. (₹51,000)"
743,haryana-working-women-hostel-transport-subsidy,Working Women Hostel & Transport Subsidy,Asset & Equipment Subsidy,15000.0,Monthly,"Subsidized secure safe housing and monthly urban commute pass. (₹15,000)"
744,haryana-single-mother-destitute-women-pension,Single Mother & Destitute Women Pension,Monthly Social Security Pension,15000.0,Monthly,"Monthly social security pension for widowed and abandoned women. (₹15,000)"
745,haryana-sukanya-samriddhi-high-interest-top-up,Sukanya Samriddhi High-Interest Top-Up,Asset & Equipment Subsidy,10000.0,One-Time,"State government interest subsidy top-up on girl child savings accounts. (₹10,000)"
746,haryana-universal-cashless-health-insurance,Universal Cashless Health Insurance,Health & Accidental Insurance Cover,500000.0,Annual,"Annual cashless hospitalization and surgical treatment cover in network hospitals. (₹500,000)"
747,haryana-critical-illness-relief-fund-cancer-kidney,Critical Illness Relief Fund (Cancer & Kidney),Health & Accidental Insurance Cover,200000.0,Claim-Based,"One-time financial relief grant for dialysis, chemotherapy, and heart surgery. (₹200,000)"
748,haryana-free-diagnostic-tests-medicine-scheme,Free Diagnostic Tests & Medicine Scheme,Direct Cash Transfer (DBT),10000.0,One-Time,"100% free prescription drugs and pathology tests at government clinics. (₹10,000)"
749,haryana-senior-citizen-specialized-geriatric-care,Senior Citizen Specialized Geriatric Care,Direct Cash Transfer (DBT),15000.0,One-Time,"Free cataract surgeries, hearing aids, and doorstep chronic care medicine. (₹15,000)"
750,haryana-emergency-accidental-trauma-insurance,Emergency Accidental Trauma Insurance,Health & Accidental Insurance Cover,100000.0,Claim-Based,"Immediate cashless golden-hour emergency trauma care coverage. (₹100,000)"
751,haryana-old-age-social-security-pension,Old Age Social Security Pension,Monthly Social Security Pension,12000.0,Monthly,"Monthly direct benefit transfer pension for elderly citizens aged 60 and above. (₹12,000)"
752,haryana-divyangjan-disability-monthly-pension,Divyangjan Disability Monthly Pension,Monthly Social Security Pension,18000.0,Monthly,"Monthly financial support and motorized tricycle allowance for disabled persons. (₹18,000)"
753,haryana-antyodaya-subsidized-food-security,Antyodaya Subsidized Food Security,Subsidized Food & Nutrition,8000.0,Monthly,"Subsidized monthly ration of 35kg foodgrains for poorest-of-poor households. (₹8,000)"
754,haryana-sanitation-workers-rehabilitation-grant,Sanitation Workers Rehabilitation Grant,Asset & Equipment Subsidy,40000.0,One-Time,"Capital subsidy and skill retraining for sanitary workers and sewer workers. (₹40,000)"
755,haryana-tribal-livelihood-forest-produce-grant,Tribal Livelihood & Forest Produce Grant,Asset & Equipment Subsidy,20000.0,One-Time,"Direct procurement support and value addition subsidy for minor forest produce. (₹20,000)"
756,haryana-youth-apprenticeship-monthly-stipend,Youth Apprenticeship Monthly Stipend,Scholarship & Academic Stipend,18000.0,Monthly,"Direct government stipend top-up for technical industrial apprenticeships. (₹18,000)"
757,haryana-artisan-craftsman-modern-tool-kit-grant,Artisan & Craftsman Modern Tool Kit Grant,Subsidized / Collateral-Free Loan,20000.0,One-Time,"Free motorized toolkits and collateral-free micro credit for traditional artisans. (₹20,000)"
758,haryana-rural-youth-driving-heavy-machinery-training,Rural Youth Driving & Heavy Machinery Training,Asset & Equipment Subsidy,25000.0,One-Time,"100% sponsored commercial vehicle and excavator driver training. (₹25,000)"
759,haryana-it-emerging-tech-bootcamp-voucher,IT & Emerging Tech Bootcamp Voucher,Scholarship & Academic Stipend,35000.0,One-Time,"Full tuition sponsorship for AI, Cloud, and Software certification bootcamps. (₹35,000)"
760,haryana-self-employment-micro-credit-guarantee,Self-Employment Micro-Credit Guarantee,Subsidized / Collateral-Free Loan,500000.0,One-Time,"Collateral-free subsidized loan up to ₹5 Lakh for starting local enterprises. (₹100,000)"
761,haryana-pucca-house-construction-subsidy,Pucca House Construction Subsidy,Asset & Equipment Subsidy,150000.0,Quarterly,"Direct installment financial grant for building disaster-resilient pucca home. (₹150,000)"
762,haryana-rooftop-solar-green-energy-assistance,Rooftop Solar & Green Energy Assistance,Asset & Equipment Subsidy,50000.0,One-Time,"Capital subsidy for grid-connected rooftop solar installation for homeowners. (₹50,000)"
763,haryana-slum-rehabilitation-ews-flat-allocation,Slum Rehabilitation & EWS Flat Allocation,Asset & Equipment Subsidy,250000.0,One-Time,"Subsidized ownership allotment of 1BHK flats with basic civic amenities. (₹250,000)"
764,haryana-rural-toilet-water-tap-incentive,Rural Toilet & Water Tap Incentive,Direct Cash Transfer (DBT),12000.0,One-Time,"Financial assistance for individual household latrines and clean piped tap. (₹12,000)"
765,haryana-micro-enterprise-collateral-free-loan,Micro Enterprise Collateral-Free Loan,Subsidized / Collateral-Free Loan,1000000.0,One-Time,"Guaranteed working capital and equipment loan up to ₹10 Lakh at subsidized interest. (₹200,000)"
766,haryana-women-entrepreneur-startup-grant,Women Entrepreneur Startup Grant,Direct Cash Transfer (DBT),100000.0,One-Time,"Seed funding capital grant for innovative women-founded MSME ventures. (₹100,000)"
767,haryana-export-promotion-quality-certification-subsidy,Export Promotion & Quality Certification Subsidy,Asset & Equipment Subsidy,75000.0,One-Time,"Reimbursement for ISO, ZED, and international trade mark registration costs. (₹75,000)"
768,haryana-credit-linked-capital-subsidy-for-tech-upgradation,Credit Linked Capital Subsidy for Tech Upgradation,Asset & Equipment Subsidy,150000.0,One-Time,"15% upfront capital subsidy for machinery modernization in manufacturing. (₹150,000)"
769,haryana-e-vehicle-green-mobility-subsidy,E-Vehicle & Green Mobility Subsidy,Asset & Equipment Subsidy,20000.0,One-Time,"Direct cash incentive on purchase of electric 2-wheelers and 3-wheelers. (₹20,000)"
770,haryana-rainwater-harvesting-ground-water-recharge-grant,Rainwater Harvesting & Ground Water Recharge Grant,Asset & Equipment Subsidy,15000.0,One-Time,"Subsidized rooftop rainwater harvesting system for individual residences. (₹15,000)"
771,haryana-bio-gas-cattle-dung-renewable-plant-subsidy,Bio-Gas & Cattle Dung Renewable Plant Subsidy,Asset & Equipment Subsidy,18000.0,One-Time,"Financial support for installing domestic Gobar-Dhan biogas units. (₹18,000)"
772,haryana-phase-2-kisan-samriddhi-crop-assistance,Kisan Samriddhi & Crop Assistance,Asset & Equipment Subsidy,6000.0,One-Time,"Financial input subsidy for seed, fertilizer, and organic cultivation equipment. (₹6,000)"
773,haryana-phase-2-solar-krishi-pump-subsidy,Solar Krishi Pump Subsidy,Asset & Equipment Subsidy,75000.0,One-Time,"Up to 90% capital subsidy for installing off-grid solar irrigation pumps. (₹75,000)"
774,haryana-phase-2-horticulture-drip-irrigation-grant,Horticulture & Drip Irrigation Grant,Asset & Equipment Subsidy,25000.0,One-Time,"Direct subsidy for drip, sprinkler, and precision micro-irrigation installation. (₹25,000)"
775,haryana-phase-2-dairy-cattle-development-incentive,Dairy & Cattle Development Incentive,Direct Cash Transfer (DBT),40000.0,One-Time,"Financial assistance for purchasing high-yield milch cows and buffaloes. (₹40,000)"
776,haryana-phase-2-fodder-cultivation-animal-care-grant,Fodder Cultivation & Animal Care Grant,Asset & Equipment Subsidy,12000.0,One-Time,"Subsidized silage, quality seeds, and livestock health vaccination support. (₹12,000)"
777,haryana-phase-2-fisheries-pond-biofloc-support,Fisheries Pond & Biofloc Support,Direct Cash Transfer (DBT),50000.0,One-Time,"Capital grant for biofloc fish farming, fingerling supply, and aerators. (₹50,000)"
778,haryana-phase-2-soil-health-organic-farming-mission,Soil Health & Organic Farming Mission,Direct Cash Transfer (DBT),8000.0,One-Time,"Free soil nutrient testing kit and bio-compost financial top-up grant. (₹8,000)"
779,haryana-phase-2-farm-mechanization-rotavator-subsidy,Farm Mechanization & Rotavator Subsidy,Asset & Equipment Subsidy,60000.0,One-Time,"Up to 50% subsidy on modern harvesters, rotavators, and custom hiring centers. (₹60,000)"
780,haryana-phase-2-post-matric-merit-scholarship,Post-Matric Merit Scholarship,Scholarship & Academic Stipend,18000.0,One-Time,"Tuition fee waiver and maintenance stipend for higher collegiate education. (₹18,000)"
781,haryana-phase-2-free-digital-tablet-laptop-distribution,Free Digital Tablet & Laptop Distribution,Asset & Equipment Subsidy,15000.0,One-Time,"High-speed digital learning devices distributed to meritorious board students. (₹15,000)"
782,haryana-phase-2-competitive-exam-coaching-assistance,Competitive Exam Coaching Assistance,Scholarship & Academic Stipend,50000.0,One-Time,"100% sponsored classroom coaching for UPSC, PSC, JEE, and NEET exams. (₹50,000)"
783,haryana-phase-2-girl-child-higher-education-incentive,Girl Child Higher Education Incentive,Direct Cash Transfer (DBT),25000.0,One-Time,"Direct milestone grant upon enrolling in undergraduate degree programs. (₹25,000)"
784,haryana-phase-2-technical-polytechnic-skill-stipend,Technical & Polytechnic Skill Stipend,Scholarship & Academic Stipend,12000.0,Monthly,"Monthly allowance for students pursuing diploma and industrial training. (₹12,000)"
785,haryana-phase-2-overseas-education-scholarship-for-ews,Overseas Education Scholarship for EWS,Subsidized / Collateral-Free Loan,500000.0,One-Time,"Educational loan interest subsidy for foreign universities. (₹500,000)"
786,haryana-phase-2-special-education-aid-for-divyang-students,Special Education Aid for Divyang Students,Direct Cash Transfer (DBT),20000.0,One-Time,"Assistive braille, hearing aids, and transport allowance for disabled students. (₹20,000)"
787,haryana-phase-2-matru-kalyan-nutrition-dbt,Matru Kalyan & Nutrition DBT,Subsidized Food & Nutrition,6000.0,One-Time,"Conditional cash transfer across pregnancy trimesters and post-natal care. (₹6,000)"
788,haryana-phase-2-mahila-swavalamban-livelihood-grant,Mahila Swavalamban Livelihood Grant,Direct Cash Transfer (DBT),50000.0,One-Time,"Revolving seed fund for women Self-Help Groups (SHGs) to start enterprises. (₹50,000)"
789,haryana-phase-2-kanya-vivah-marriage-assistance,Kanya Vivah & Marriage Assistance,Direct Cash Transfer (DBT),51000.0,One-Time,"Direct financial grant for marriage of daughters from economically weaker families. (₹51,000)"
790,haryana-phase-2-working-women-hostel-transport-subsidy,Working Women Hostel & Transport Subsidy,Asset & Equipment Subsidy,15000.0,Monthly,"Subsidized secure safe housing and monthly urban commute pass. (₹15,000)"
791,haryana-phase-2-single-mother-destitute-women-pension,Single Mother & Destitute Women Pension,Monthly Social Security Pension,15000.0,Monthly,"Monthly social security pension for widowed and abandoned women. (₹15,000)"
792,haryana-phase-2-sukanya-samriddhi-high-interest-top-up,Sukanya Samriddhi High-Interest Top-Up,Asset & Equipment Subsidy,10000.0,One-Time,"State government interest subsidy top-up on girl child savings accounts. (₹10,000)"
793,haryana-phase-2-universal-cashless-health-insurance,Universal Cashless Health Insurance,Health & Accidental Insurance Cover,500000.0,Annual,"Annual cashless hospitalization and surgical treatment cover in network hospitals. (₹500,000)"
794,haryana-phase-2-critical-illness-relief-fund-cancer-kidney,Critical Illness Relief Fund (Cancer & Kidney),Health & Accidental Insurance Cover,200000.0,Claim-Based,"One-time financial relief grant for dialysis, chemotherapy, and heart surgery. (₹200,000)"
795,haryana-phase-2-free-diagnostic-tests-medicine-scheme,Free Diagnostic Tests & Medicine Scheme,Direct Cash Transfer (DBT),10000.0,One-Time,"100% free prescription drugs and pathology tests at government clinics. (₹10,000)"
796,haryana-phase-2-senior-citizen-specialized-geriatric-care,Senior Citizen Specialized Geriatric Care,Direct Cash Transfer (DBT),15000.0,One-Time,"Free cataract surgeries, hearing aids, and doorstep chronic care medicine. (₹15,000)"
797,haryana-phase-2-emergency-accidental-trauma-insurance,Emergency Accidental Trauma Insurance,Health & Accidental Insurance Cover,100000.0,Claim-Based,"Immediate cashless golden-hour emergency trauma care coverage. (₹100,000)"
798,haryana-phase-2-old-age-social-security-pension,Old Age Social Security Pension,Monthly Social Security Pension,12000.0,Monthly,"Monthly direct benefit transfer pension for elderly citizens aged 60 and above. (₹12,000)"
799,haryana-phase-2-divyangjan-disability-monthly-pension,Divyangjan Disability Monthly Pension,Monthly Social Security Pension,18000.0,Monthly,"Monthly financial support and motorized tricycle allowance for disabled persons. (₹18,000)"
800,haryana-phase-2-antyodaya-subsidized-food-security,Antyodaya Subsidized Food Security,Subsidized Food & Nutrition,8000.0,Monthly,"Subsidized monthly ration of 35kg foodgrains for poorest-of-poor households. (₹8,000)"
801,haryana-phase-2-sanitation-workers-rehabilitation-grant,Sanitation Workers Rehabilitation Grant,Asset & Equipment Subsidy,40000.0,One-Time,"Capital subsidy and skill retraining for sanitary workers and sewer workers. (₹40,000)"
802,haryana-phase-2-tribal-livelihood-forest-produce-grant,Tribal Livelihood & Forest Produce Grant,Asset & Equipment Subsidy,20000.0,One-Time,"Direct procurement support and value addition subsidy for minor forest produce. (₹20,000)"
803,haryana-phase-2-youth-apprenticeship-monthly-stipend,Youth Apprenticeship Monthly Stipend,Scholarship & Academic Stipend,18000.0,Monthly,"Direct government stipend top-up for technical industrial apprenticeships. (₹18,000)"
804,haryana-phase-2-artisan-craftsman-modern-tool-kit-grant,Artisan & Craftsman Modern Tool Kit Grant,Subsidized / Collateral-Free Loan,20000.0,One-Time,"Free motorized toolkits and collateral-free micro credit for traditional artisans. (₹20,000)"
805,haryana-phase-2-rural-youth-driving-heavy-machinery-training,Rural Youth Driving & Heavy Machinery Training,Asset & Equipment Subsidy,25000.0,One-Time,"100% sponsored commercial vehicle and excavator driver training. (₹25,000)"
806,haryana-phase-2-it-emerging-tech-bootcamp-voucher,IT & Emerging Tech Bootcamp Voucher,Scholarship & Academic Stipend,35000.0,One-Time,"Full tuition sponsorship for AI, Cloud, and Software certification bootcamps. (₹35,000)"
807,haryana-phase-2-self-employment-micro-credit-guarantee,Self-Employment Micro-Credit Guarantee,Subsidized / Collateral-Free Loan,500000.0,One-Time,"Collateral-free subsidized loan up to ₹5 Lakh for starting local enterprises. (₹100,000)"
808,haryana-phase-2-pucca-house-construction-subsidy,Pucca House Construction Subsidy,Asset & Equipment Subsidy,150000.0,Quarterly,"Direct installment financial grant for building disaster-resilient pucca home. (₹150,000)"
809,haryana-phase-2-rooftop-solar-green-energy-assistance,Rooftop Solar & Green Energy Assistance,Asset & Equipment Subsidy,50000.0,One-Time,"Capital subsidy for grid-connected rooftop solar installation for homeowners. (₹50,000)"
810,haryana-phase-2-slum-rehabilitation-ews-flat-allocation,Slum Rehabilitation & EWS Flat Allocation,Asset & Equipment Subsidy,250000.0,One-Time,"Subsidized ownership allotment of 1BHK flats with basic civic amenities. (₹250,000)"
811,haryana-phase-2-rural-toilet-water-tap-incentive,Rural Toilet & Water Tap Incentive,Direct Cash Transfer (DBT),12000.0,One-Time,"Financial assistance for individual household latrines and clean piped tap. (₹12,000)"
812,haryana-phase-2-micro-enterprise-collateral-free-loan,Micro Enterprise Collateral-Free Loan,Subsidized / Collateral-Free Loan,1000000.0,One-Time,"Guaranteed working capital and equipment loan up to ₹10 Lakh at subsidized interest. (₹200,000)"
813,haryana-phase-2-women-entrepreneur-startup-grant,Women Entrepreneur Startup Grant,Direct Cash Transfer (DBT),100000.0,One-Time,"Seed funding capital grant for innovative women-founded MSME ventures. (₹100,000)"
814,haryana-phase-2-export-promotion-quality-certification-subsidy,Export Promotion & Quality Certification Subsidy,Asset & Equipment Subsidy,75000.0,One-Time,"Reimbursement for ISO, ZED, and international trade mark registration costs. (₹75,000)"
831,haryana-phase-3-technical-polytechnic-skill-stipend,Technical & Polytechnic Skill Stipend,Scholarship & Academic Stipend,12000.0,Monthly,"Monthly allowance for students pursuing diploma and industrial training. (₹12,000)"
815,haryana-phase-2-credit-linked-capital-subsidy-for-tech-upgradation,Credit Linked Capital Subsidy for Tech Upgradation,Asset & Equipment Subsidy,150000.0,One-Time,"15% upfront capital subsidy for machinery modernization in manufacturing. (₹150,000)"
816,haryana-phase-2-e-vehicle-green-mobility-subsidy,E-Vehicle & Green Mobility Subsidy,Asset & Equipment Subsidy,20000.0,One-Time,"Direct cash incentive on purchase of electric 2-wheelers and 3-wheelers. (₹20,000)"
817,haryana-phase-2-rainwater-harvesting-ground-water-recharge-grant,Rainwater Harvesting & Ground Water Recharge Grant,Asset & Equipment Subsidy,15000.0,One-Time,"Subsidized rooftop rainwater harvesting system for individual residences. (₹15,000)"
818,haryana-phase-2-bio-gas-cattle-dung-renewable-plant-subsidy,Bio-Gas & Cattle Dung Renewable Plant Subsidy,Asset & Equipment Subsidy,18000.0,One-Time,"Financial support for installing domestic Gobar-Dhan biogas units. (₹18,000)"
819,haryana-phase-3-kisan-samriddhi-crop-assistance,Kisan Samriddhi & Crop Assistance,Asset & Equipment Subsidy,6000.0,One-Time,"Financial input subsidy for seed, fertilizer, and organic cultivation equipment. (₹6,000)"
820,haryana-phase-3-solar-krishi-pump-subsidy,Solar Krishi Pump Subsidy,Asset & Equipment Subsidy,75000.0,One-Time,"Up to 90% capital subsidy for installing off-grid solar irrigation pumps. (₹75,000)"
821,haryana-phase-3-horticulture-drip-irrigation-grant,Horticulture & Drip Irrigation Grant,Asset & Equipment Subsidy,25000.0,One-Time,"Direct subsidy for drip, sprinkler, and precision micro-irrigation installation. (₹25,000)"
822,haryana-phase-3-dairy-cattle-development-incentive,Dairy & Cattle Development Incentive,Direct Cash Transfer (DBT),40000.0,One-Time,"Financial assistance for purchasing high-yield milch cows and buffaloes. (₹40,000)"
823,haryana-phase-3-fodder-cultivation-animal-care-grant,Fodder Cultivation & Animal Care Grant,Asset & Equipment Subsidy,12000.0,One-Time,"Subsidized silage, quality seeds, and livestock health vaccination support. (₹12,000)"
824,haryana-phase-3-fisheries-pond-biofloc-support,Fisheries Pond & Biofloc Support,Direct Cash Transfer (DBT),50000.0,One-Time,"Capital grant for biofloc fish farming, fingerling supply, and aerators. (₹50,000)"
825,haryana-phase-3-soil-health-organic-farming-mission,Soil Health & Organic Farming Mission,Direct Cash Transfer (DBT),8000.0,One-Time,"Free soil nutrient testing kit and bio-compost financial top-up grant. (₹8,000)"
826,haryana-phase-3-farm-mechanization-rotavator-subsidy,Farm Mechanization & Rotavator Subsidy,Asset & Equipment Subsidy,60000.0,One-Time,"Up to 50% subsidy on modern harvesters, rotavators, and custom hiring centers. (₹60,000)"
827,haryana-phase-3-post-matric-merit-scholarship,Post-Matric Merit Scholarship,Scholarship & Academic Stipend,18000.0,One-Time,"Tuition fee waiver and maintenance stipend for higher collegiate education. (₹18,000)"
828,haryana-phase-3-free-digital-tablet-laptop-distribution,Free Digital Tablet & Laptop Distribution,Asset & Equipment Subsidy,15000.0,One-Time,"High-speed digital learning devices distributed to meritorious board students. (₹15,000)"
829,haryana-phase-3-competitive-exam-coaching-assistance,Competitive Exam Coaching Assistance,Scholarship & Academic Stipend,50000.0,One-Time,"100% sponsored classroom coaching for UPSC, PSC, JEE, and NEET exams. (₹50,000)"
830,haryana-phase-3-girl-child-higher-education-incentive,Girl Child Higher Education Incentive,Direct Cash Transfer (DBT),25000.0,One-Time,"Direct milestone grant upon enrolling in undergraduate degree programs. (₹25,000)"
832,haryana-phase-3-overseas-education-scholarship-for-ews,Overseas Education Scholarship for EWS,Subsidized / Collateral-Free Loan,500000.0,One-Time,"Educational loan interest subsidy for foreign universities. (₹500,000)"
833,haryana-phase-3-special-education-aid-for-divyang-students,Special Education Aid for Divyang Students,Direct Cash Transfer (DBT),20000.0,One-Time,"Assistive braille, hearing aids, and transport allowance for disabled students. (₹20,000)"
834,haryana-phase-3-matru-kalyan-nutrition-dbt,Matru Kalyan & Nutrition DBT,Subsidized Food & Nutrition,6000.0,One-Time,"Conditional cash transfer across pregnancy trimesters and post-natal care. (₹6,000)"
835,himachal-pradesh-kisan-samriddhi-crop-assistance,Kisan Samriddhi & Crop Assistance,Asset & Equipment Subsidy,6000.0,One-Time,"Financial input subsidy for seed, fertilizer, and organic cultivation equipment. (₹6,000)"
836,himachal-pradesh-solar-krishi-pump-subsidy,Solar Krishi Pump Subsidy,Asset & Equipment Subsidy,75000.0,One-Time,"Up to 90% capital subsidy for installing off-grid solar irrigation pumps. (₹75,000)"
837,himachal-pradesh-horticulture-drip-irrigation-grant,Horticulture & Drip Irrigation Grant,Asset & Equipment Subsidy,25000.0,One-Time,"Direct subsidy for drip, sprinkler, and precision micro-irrigation installation. (₹25,000)"
838,himachal-pradesh-dairy-cattle-development-incentive,Dairy & Cattle Development Incentive,Direct Cash Transfer (DBT),40000.0,One-Time,"Financial assistance for purchasing high-yield milch cows and buffaloes. (₹40,000)"
839,himachal-pradesh-fodder-cultivation-animal-care-grant,Fodder Cultivation & Animal Care Grant,Asset & Equipment Subsidy,12000.0,One-Time,"Subsidized silage, quality seeds, and livestock health vaccination support. (₹12,000)"
840,himachal-pradesh-fisheries-pond-biofloc-support,Fisheries Pond & Biofloc Support,Direct Cash Transfer (DBT),50000.0,One-Time,"Capital grant for biofloc fish farming, fingerling supply, and aerators. (₹50,000)"
841,himachal-pradesh-soil-health-organic-farming-mission,Soil Health & Organic Farming Mission,Direct Cash Transfer (DBT),8000.0,One-Time,"Free soil nutrient testing kit and bio-compost financial top-up grant. (₹8,000)"
842,himachal-pradesh-farm-mechanization-rotavator-subsidy,Farm Mechanization & Rotavator Subsidy,Asset & Equipment Subsidy,60000.0,One-Time,"Up to 50% subsidy on modern harvesters, rotavators, and custom hiring centers. (₹60,000)"
843,himachal-pradesh-post-matric-merit-scholarship,Post-Matric Merit Scholarship,Scholarship & Academic Stipend,18000.0,One-Time,"Tuition fee waiver and maintenance stipend for higher collegiate education. (₹18,000)"
844,himachal-pradesh-free-digital-tablet-laptop-distribution,Free Digital Tablet & Laptop Distribution,Asset & Equipment Subsidy,15000.0,One-Time,"High-speed digital learning devices distributed to meritorious board students. (₹15,000)"
845,himachal-pradesh-competitive-exam-coaching-assistance,Competitive Exam Coaching Assistance,Scholarship & Academic Stipend,50000.0,One-Time,"100% sponsored classroom coaching for UPSC, PSC, JEE, and NEET exams. (₹50,000)"
846,himachal-pradesh-girl-child-higher-education-incentive,Girl Child Higher Education Incentive,Direct Cash Transfer (DBT),25000.0,One-Time,"Direct milestone grant upon enrolling in undergraduate degree programs. (₹25,000)"
847,himachal-pradesh-technical-polytechnic-skill-stipend,Technical & Polytechnic Skill Stipend,Scholarship & Academic Stipend,12000.0,Monthly,"Monthly allowance for students pursuing diploma and industrial training. (₹12,000)"
848,himachal-pradesh-overseas-education-scholarship-for-ews,Overseas Education Scholarship for EWS,Subsidized / Collateral-Free Loan,500000.0,One-Time,"Educational loan interest subsidy for foreign universities. (₹500,000)"
849,himachal-pradesh-special-education-aid-for-divyang-students,Special Education Aid for Divyang Students,Direct Cash Transfer (DBT),20000.0,One-Time,"Assistive braille, hearing aids, and transport allowance for disabled students. (₹20,000)"
850,himachal-pradesh-matru-kalyan-nutrition-dbt,Matru Kalyan & Nutrition DBT,Subsidized Food & Nutrition,6000.0,One-Time,"Conditional cash transfer across pregnancy trimesters and post-natal care. (₹6,000)"
851,himachal-pradesh-mahila-swavalamban-livelihood-grant,Mahila Swavalamban Livelihood Grant,Direct Cash Transfer (DBT),50000.0,One-Time,"Revolving seed fund for women Self-Help Groups (SHGs) to start enterprises. (₹50,000)"
852,himachal-pradesh-kanya-vivah-marriage-assistance,Kanya Vivah & Marriage Assistance,Direct Cash Transfer (DBT),51000.0,One-Time,"Direct financial grant for marriage of daughters from economically weaker families. (₹51,000)"
853,himachal-pradesh-working-women-hostel-transport-subsidy,Working Women Hostel & Transport Subsidy,Asset & Equipment Subsidy,15000.0,Monthly,"Subsidized secure safe housing and monthly urban commute pass. (₹15,000)"
854,himachal-pradesh-single-mother-destitute-women-pension,Single Mother & Destitute Women Pension,Monthly Social Security Pension,15000.0,Monthly,"Monthly social security pension for widowed and abandoned women. (₹15,000)"
855,himachal-pradesh-sukanya-samriddhi-high-interest-top-up,Sukanya Samriddhi High-Interest Top-Up,Asset & Equipment Subsidy,10000.0,One-Time,"State government interest subsidy top-up on girl child savings accounts. (₹10,000)"
856,himachal-pradesh-universal-cashless-health-insurance,Universal Cashless Health Insurance,Health & Accidental Insurance Cover,500000.0,Annual,"Annual cashless hospitalization and surgical treatment cover in network hospitals. (₹500,000)"
857,himachal-pradesh-critical-illness-relief-fund-cancer-kidney,Critical Illness Relief Fund (Cancer & Kidney),Health & Accidental Insurance Cover,200000.0,Claim-Based,"One-time financial relief grant for dialysis, chemotherapy, and heart surgery. (₹200,000)"
858,himachal-pradesh-free-diagnostic-tests-medicine-scheme,Free Diagnostic Tests & Medicine Scheme,Direct Cash Transfer (DBT),10000.0,One-Time,"100% free prescription drugs and pathology tests at government clinics. (₹10,000)"
859,himachal-pradesh-senior-citizen-specialized-geriatric-care,Senior Citizen Specialized Geriatric Care,Direct Cash Transfer (DBT),15000.0,One-Time,"Free cataract surgeries, hearing aids, and doorstep chronic care medicine. (₹15,000)"
860,himachal-pradesh-emergency-accidental-trauma-insurance,Emergency Accidental Trauma Insurance,Health & Accidental Insurance Cover,100000.0,Claim-Based,"Immediate cashless golden-hour emergency trauma care coverage. (₹100,000)"
861,himachal-pradesh-old-age-social-security-pension,Old Age Social Security Pension,Monthly Social Security Pension,12000.0,Monthly,"Monthly direct benefit transfer pension for elderly citizens aged 60 and above. (₹12,000)"
862,himachal-pradesh-divyangjan-disability-monthly-pension,Divyangjan Disability Monthly Pension,Monthly Social Security Pension,18000.0,Monthly,"Monthly financial support and motorized tricycle allowance for disabled persons. (₹18,000)"
863,himachal-pradesh-antyodaya-subsidized-food-security,Antyodaya Subsidized Food Security,Subsidized Food & Nutrition,8000.0,Monthly,"Subsidized monthly ration of 35kg foodgrains for poorest-of-poor households. (₹8,000)"
864,himachal-pradesh-sanitation-workers-rehabilitation-grant,Sanitation Workers Rehabilitation Grant,Asset & Equipment Subsidy,40000.0,One-Time,"Capital subsidy and skill retraining for sanitary workers and sewer workers. (₹40,000)"
865,himachal-pradesh-tribal-livelihood-forest-produce-grant,Tribal Livelihood & Forest Produce Grant,Asset & Equipment Subsidy,20000.0,One-Time,"Direct procurement support and value addition subsidy for minor forest produce. (₹20,000)"
866,himachal-pradesh-youth-apprenticeship-monthly-stipend,Youth Apprenticeship Monthly Stipend,Scholarship & Academic Stipend,18000.0,Monthly,"Direct government stipend top-up for technical industrial apprenticeships. (₹18,000)"
867,himachal-pradesh-artisan-craftsman-modern-tool-kit-grant,Artisan & Craftsman Modern Tool Kit Grant,Subsidized / Collateral-Free Loan,20000.0,One-Time,"Free motorized toolkits and collateral-free micro credit for traditional artisans. (₹20,000)"
868,himachal-pradesh-rural-youth-driving-heavy-machinery-training,Rural Youth Driving & Heavy Machinery Training,Asset & Equipment Subsidy,25000.0,One-Time,"100% sponsored commercial vehicle and excavator driver training. (₹25,000)"
869,himachal-pradesh-it-emerging-tech-bootcamp-voucher,IT & Emerging Tech Bootcamp Voucher,Scholarship & Academic Stipend,35000.0,One-Time,"Full tuition sponsorship for AI, Cloud, and Software certification bootcamps. (₹35,000)"
870,himachal-pradesh-self-employment-micro-credit-guarantee,Self-Employment Micro-Credit Guarantee,Subsidized / Collateral-Free Loan,500000.0,One-Time,"Collateral-free subsidized loan up to ₹5 Lakh for starting local enterprises. (₹100,000)"
871,himachal-pradesh-pucca-house-construction-subsidy,Pucca House Construction Subsidy,Asset & Equipment Subsidy,150000.0,Quarterly,"Direct installment financial grant for building disaster-resilient pucca home. (₹150,000)"
872,himachal-pradesh-rooftop-solar-green-energy-assistance,Rooftop Solar & Green Energy Assistance,Asset & Equipment Subsidy,50000.0,One-Time,"Capital subsidy for grid-connected rooftop solar installation for homeowners. (₹50,000)"
873,himachal-pradesh-slum-rehabilitation-ews-flat-allocation,Slum Rehabilitation & EWS Flat Allocation,Asset & Equipment Subsidy,250000.0,One-Time,"Subsidized ownership allotment of 1BHK flats with basic civic amenities. (₹250,000)"
874,himachal-pradesh-rural-toilet-water-tap-incentive,Rural Toilet & Water Tap Incentive,Direct Cash Transfer (DBT),12000.0,One-Time,"Financial assistance for individual household latrines and clean piped tap. (₹12,000)"
875,himachal-pradesh-micro-enterprise-collateral-free-loan,Micro Enterprise Collateral-Free Loan,Subsidized / Collateral-Free Loan,1000000.0,One-Time,"Guaranteed working capital and equipment loan up to ₹10 Lakh at subsidized interest. (₹200,000)"
876,himachal-pradesh-women-entrepreneur-startup-grant,Women Entrepreneur Startup Grant,Direct Cash Transfer (DBT),100000.0,One-Time,"Seed funding capital grant for innovative women-founded MSME ventures. (₹100,000)"
877,himachal-pradesh-export-promotion-quality-certification-subsidy,Export Promotion & Quality Certification Subsidy,Asset & Equipment Subsidy,75000.0,One-Time,"Reimbursement for ISO, ZED, and international trade mark registration costs. (₹75,000)"
878,himachal-pradesh-credit-linked-capital-subsidy-for-tech-upgradation,Credit Linked Capital Subsidy for Tech Upgradation,Asset & Equipment Subsidy,150000.0,One-Time,"15% upfront capital subsidy for machinery modernization in manufacturing. (₹150,000)"
879,himachal-pradesh-e-vehicle-green-mobility-subsidy,E-Vehicle & Green Mobility Subsidy,Asset & Equipment Subsidy,20000.0,One-Time,"Direct cash incentive on purchase of electric 2-wheelers and 3-wheelers. (₹20,000)"
880,himachal-pradesh-rainwater-harvesting-ground-water-recharge-grant,Rainwater Harvesting & Ground Water Recharge Grant,Asset & Equipment Subsidy,15000.0,One-Time,"Subsidized rooftop rainwater harvesting system for individual residences. (₹15,000)"
881,himachal-pradesh-bio-gas-cattle-dung-renewable-plant-subsidy,Bio-Gas & Cattle Dung Renewable Plant Subsidy,Asset & Equipment Subsidy,18000.0,One-Time,"Financial support for installing domestic Gobar-Dhan biogas units. (₹18,000)"
882,himachal-pradesh-phase-2-kisan-samriddhi-crop-assistance,Kisan Samriddhi & Crop Assistance,Asset & Equipment Subsidy,6000.0,One-Time,"Financial input subsidy for seed, fertilizer, and organic cultivation equipment. (₹6,000)"
883,himachal-pradesh-phase-2-solar-krishi-pump-subsidy,Solar Krishi Pump Subsidy,Asset & Equipment Subsidy,75000.0,One-Time,"Up to 90% capital subsidy for installing off-grid solar irrigation pumps. (₹75,000)"
884,himachal-pradesh-phase-2-horticulture-drip-irrigation-grant,Horticulture & Drip Irrigation Grant,Asset & Equipment Subsidy,25000.0,One-Time,"Direct subsidy for drip, sprinkler, and precision micro-irrigation installation. (₹25,000)"
885,himachal-pradesh-phase-2-dairy-cattle-development-incentive,Dairy & Cattle Development Incentive,Direct Cash Transfer (DBT),40000.0,One-Time,"Financial assistance for purchasing high-yield milch cows and buffaloes. (₹40,000)"
886,himachal-pradesh-phase-2-fodder-cultivation-animal-care-grant,Fodder Cultivation & Animal Care Grant,Asset & Equipment Subsidy,12000.0,One-Time,"Subsidized silage, quality seeds, and livestock health vaccination support. (₹12,000)"
887,himachal-pradesh-phase-2-fisheries-pond-biofloc-support,Fisheries Pond & Biofloc Support,Direct Cash Transfer (DBT),50000.0,One-Time,"Capital grant for biofloc fish farming, fingerling supply, and aerators. (₹50,000)"
888,himachal-pradesh-phase-2-soil-health-organic-farming-mission,Soil Health & Organic Farming Mission,Direct Cash Transfer (DBT),8000.0,One-Time,"Free soil nutrient testing kit and bio-compost financial top-up grant. (₹8,000)"
889,himachal-pradesh-phase-2-farm-mechanization-rotavator-subsidy,Farm Mechanization & Rotavator Subsidy,Asset & Equipment Subsidy,60000.0,One-Time,"Up to 50% subsidy on modern harvesters, rotavators, and custom hiring centers. (₹60,000)"
890,himachal-pradesh-phase-2-post-matric-merit-scholarship,Post-Matric Merit Scholarship,Scholarship & Academic Stipend,18000.0,One-Time,"Tuition fee waiver and maintenance stipend for higher collegiate education. (₹18,000)"
891,himachal-pradesh-phase-2-free-digital-tablet-laptop-distribution,Free Digital Tablet & Laptop Distribution,Asset & Equipment Subsidy,15000.0,One-Time,"High-speed digital learning devices distributed to meritorious board students. (₹15,000)"
892,himachal-pradesh-phase-2-competitive-exam-coaching-assistance,Competitive Exam Coaching Assistance,Scholarship & Academic Stipend,50000.0,One-Time,"100% sponsored classroom coaching for UPSC, PSC, JEE, and NEET exams. (₹50,000)"
893,himachal-pradesh-phase-2-girl-child-higher-education-incentive,Girl Child Higher Education Incentive,Direct Cash Transfer (DBT),25000.0,One-Time,"Direct milestone grant upon enrolling in undergraduate degree programs. (₹25,000)"
894,himachal-pradesh-phase-2-technical-polytechnic-skill-stipend,Technical & Polytechnic Skill Stipend,Scholarship & Academic Stipend,12000.0,Monthly,"Monthly allowance for students pursuing diploma and industrial training. (₹12,000)"
895,himachal-pradesh-phase-2-overseas-education-scholarship-for-ews,Overseas Education Scholarship for EWS,Subsidized / Collateral-Free Loan,500000.0,One-Time,"Educational loan interest subsidy for foreign universities. (₹500,000)"
896,himachal-pradesh-phase-2-special-education-aid-for-divyang-students,Special Education Aid for Divyang Students,Direct Cash Transfer (DBT),20000.0,One-Time,"Assistive braille, hearing aids, and transport allowance for disabled students. (₹20,000)"
897,himachal-pradesh-phase-2-matru-kalyan-nutrition-dbt,Matru Kalyan & Nutrition DBT,Subsidized Food & Nutrition,6000.0,One-Time,"Conditional cash transfer across pregnancy trimesters and post-natal care. (₹6,000)"
898,himachal-pradesh-phase-2-mahila-swavalamban-livelihood-grant,Mahila Swavalamban Livelihood Grant,Direct Cash Transfer (DBT),50000.0,One-Time,"Revolving seed fund for women Self-Help Groups (SHGs) to start enterprises. (₹50,000)"
899,himachal-pradesh-phase-2-kanya-vivah-marriage-assistance,Kanya Vivah & Marriage Assistance,Direct Cash Transfer (DBT),51000.0,One-Time,"Direct financial grant for marriage of daughters from economically weaker families. (₹51,000)"
900,himachal-pradesh-phase-2-working-women-hostel-transport-subsidy,Working Women Hostel & Transport Subsidy,Asset & Equipment Subsidy,15000.0,Monthly,"Subsidized secure safe housing and monthly urban commute pass. (₹15,000)"
901,himachal-pradesh-phase-2-single-mother-destitute-women-pension,Single Mother & Destitute Women Pension,Monthly Social Security Pension,15000.0,Monthly,"Monthly social security pension for widowed and abandoned women. (₹15,000)"
902,himachal-pradesh-phase-2-sukanya-samriddhi-high-interest-top-up,Sukanya Samriddhi High-Interest Top-Up,Asset & Equipment Subsidy,10000.0,One-Time,"State government interest subsidy top-up on girl child savings accounts. (₹10,000)"
903,himachal-pradesh-phase-2-universal-cashless-health-insurance,Universal Cashless Health Insurance,Health & Accidental Insurance Cover,500000.0,Annual,"Annual cashless hospitalization and surgical treatment cover in network hospitals. (₹500,000)"
904,himachal-pradesh-phase-2-critical-illness-relief-fund-cancer-kidney,Critical Illness Relief Fund (Cancer & Kidney),Health & Accidental Insurance Cover,200000.0,Claim-Based,"One-time financial relief grant for dialysis, chemotherapy, and heart surgery. (₹200,000)"
905,himachal-pradesh-phase-2-free-diagnostic-tests-medicine-scheme,Free Diagnostic Tests & Medicine Scheme,Direct Cash Transfer (DBT),10000.0,One-Time,"100% free prescription drugs and pathology tests at government clinics. (₹10,000)"
906,himachal-pradesh-phase-2-senior-citizen-specialized-geriatric-care,Senior Citizen Specialized Geriatric Care,Direct Cash Transfer (DBT),15000.0,One-Time,"Free cataract surgeries, hearing aids, and doorstep chronic care medicine. (₹15,000)"
907,himachal-pradesh-phase-2-emergency-accidental-trauma-insurance,Emergency Accidental Trauma Insurance,Health & Accidental Insurance Cover,100000.0,Claim-Based,"Immediate cashless golden-hour emergency trauma care coverage. (₹100,000)"
908,himachal-pradesh-phase-2-old-age-social-security-pension,Old Age Social Security Pension,Monthly Social Security Pension,12000.0,Monthly,"Monthly direct benefit transfer pension for elderly citizens aged 60 and above. (₹12,000)"
909,himachal-pradesh-phase-2-divyangjan-disability-monthly-pension,Divyangjan Disability Monthly Pension,Monthly Social Security Pension,18000.0,Monthly,"Monthly financial support and motorized tricycle allowance for disabled persons. (₹18,000)"
910,jharkhand-kisan-samriddhi-crop-assistance,Kisan Samriddhi & Crop Assistance,Asset & Equipment Subsidy,6000.0,One-Time,"Financial input subsidy for seed, fertilizer, and organic cultivation equipment. (₹6,000)"
911,jharkhand-solar-krishi-pump-subsidy,Solar Krishi Pump Subsidy,Asset & Equipment Subsidy,75000.0,One-Time,"Up to 90% capital subsidy for installing off-grid solar irrigation pumps. (₹75,000)"
912,jharkhand-horticulture-drip-irrigation-grant,Horticulture & Drip Irrigation Grant,Asset & Equipment Subsidy,25000.0,One-Time,"Direct subsidy for drip, sprinkler, and precision micro-irrigation installation. (₹25,000)"
913,jharkhand-dairy-cattle-development-incentive,Dairy & Cattle Development Incentive,Direct Cash Transfer (DBT),40000.0,One-Time,"Financial assistance for purchasing high-yield milch cows and buffaloes. (₹40,000)"
914,jharkhand-fodder-cultivation-animal-care-grant,Fodder Cultivation & Animal Care Grant,Asset & Equipment Subsidy,12000.0,One-Time,"Subsidized silage, quality seeds, and livestock health vaccination support. (₹12,000)"
915,jharkhand-fisheries-pond-biofloc-support,Fisheries Pond & Biofloc Support,Direct Cash Transfer (DBT),50000.0,One-Time,"Capital grant for biofloc fish farming, fingerling supply, and aerators. (₹50,000)"
916,jharkhand-soil-health-organic-farming-mission,Soil Health & Organic Farming Mission,Direct Cash Transfer (DBT),8000.0,One-Time,"Free soil nutrient testing kit and bio-compost financial top-up grant. (₹8,000)"
917,jharkhand-farm-mechanization-rotavator-subsidy,Farm Mechanization & Rotavator Subsidy,Asset & Equipment Subsidy,60000.0,One-Time,"Up to 50% subsidy on modern harvesters, rotavators, and custom hiring centers. (₹60,000)"
918,jharkhand-post-matric-merit-scholarship,Post-Matric Merit Scholarship,Scholarship & Academic Stipend,18000.0,One-Time,"Tuition fee waiver and maintenance stipend for higher collegiate education. (₹18,000)"
919,jharkhand-free-digital-tablet-laptop-distribution,Free Digital Tablet & Laptop Distribution,Asset & Equipment Subsidy,15000.0,One-Time,"High-speed digital learning devices distributed to meritorious board students. (₹15,000)"
920,jharkhand-competitive-exam-coaching-assistance,Competitive Exam Coaching Assistance,Scholarship & Academic Stipend,50000.0,One-Time,"100% sponsored classroom coaching for UPSC, PSC, JEE, and NEET exams. (₹50,000)"
921,jharkhand-girl-child-higher-education-incentive,Girl Child Higher Education Incentive,Direct Cash Transfer (DBT),25000.0,One-Time,"Direct milestone grant upon enrolling in undergraduate degree programs. (₹25,000)"
922,jharkhand-technical-polytechnic-skill-stipend,Technical & Polytechnic Skill Stipend,Scholarship & Academic Stipend,12000.0,Monthly,"Monthly allowance for students pursuing diploma and industrial training. (₹12,000)"
923,jharkhand-overseas-education-scholarship-for-ews,Overseas Education Scholarship for EWS,Subsidized / Collateral-Free Loan,500000.0,One-Time,"Educational loan interest subsidy for foreign universities. (₹500,000)"
924,jharkhand-special-education-aid-for-divyang-students,Special Education Aid for Divyang Students,Direct Cash Transfer (DBT),20000.0,One-Time,"Assistive braille, hearing aids, and transport allowance for disabled students. (₹20,000)"
925,jharkhand-matru-kalyan-nutrition-dbt,Matru Kalyan & Nutrition DBT,Subsidized Food & Nutrition,6000.0,One-Time,"Conditional cash transfer across pregnancy trimesters and post-natal care. (₹6,000)"
926,jharkhand-mahila-swavalamban-livelihood-grant,Mahila Swavalamban Livelihood Grant,Direct Cash Transfer (DBT),50000.0,One-Time,"Revolving seed fund for women Self-Help Groups (SHGs) to start enterprises. (₹50,000)"
927,jharkhand-kanya-vivah-marriage-assistance,Kanya Vivah & Marriage Assistance,Direct Cash Transfer (DBT),51000.0,One-Time,"Direct financial grant for marriage of daughters from economically weaker families. (₹51,000)"
928,jharkhand-working-women-hostel-transport-subsidy,Working Women Hostel & Transport Subsidy,Asset & Equipment Subsidy,15000.0,Monthly,"Subsidized secure safe housing and monthly urban commute pass. (₹15,000)"
929,jharkhand-single-mother-destitute-women-pension,Single Mother & Destitute Women Pension,Monthly Social Security Pension,15000.0,Monthly,"Monthly social security pension for widowed and abandoned women. (₹15,000)"
930,jharkhand-sukanya-samriddhi-high-interest-top-up,Sukanya Samriddhi High-Interest Top-Up,Asset & Equipment Subsidy,10000.0,One-Time,"State government interest subsidy top-up on girl child savings accounts. (₹10,000)"
931,jharkhand-universal-cashless-health-insurance,Universal Cashless Health Insurance,Health & Accidental Insurance Cover,500000.0,Annual,"Annual cashless hospitalization and surgical treatment cover in network hospitals. (₹500,000)"
932,jharkhand-critical-illness-relief-fund-cancer-kidney,Critical Illness Relief Fund (Cancer & Kidney),Health & Accidental Insurance Cover,200000.0,Claim-Based,"One-time financial relief grant for dialysis, chemotherapy, and heart surgery. (₹200,000)"
933,jharkhand-free-diagnostic-tests-medicine-scheme,Free Diagnostic Tests & Medicine Scheme,Direct Cash Transfer (DBT),10000.0,One-Time,"100% free prescription drugs and pathology tests at government clinics. (₹10,000)"
934,jharkhand-senior-citizen-specialized-geriatric-care,Senior Citizen Specialized Geriatric Care,Direct Cash Transfer (DBT),15000.0,One-Time,"Free cataract surgeries, hearing aids, and doorstep chronic care medicine. (₹15,000)"
935,jharkhand-emergency-accidental-trauma-insurance,Emergency Accidental Trauma Insurance,Health & Accidental Insurance Cover,100000.0,Claim-Based,"Immediate cashless golden-hour emergency trauma care coverage. (₹100,000)"
936,jharkhand-old-age-social-security-pension,Old Age Social Security Pension,Monthly Social Security Pension,12000.0,Monthly,"Monthly direct benefit transfer pension for elderly citizens aged 60 and above. (₹12,000)"
937,jharkhand-divyangjan-disability-monthly-pension,Divyangjan Disability Monthly Pension,Monthly Social Security Pension,18000.0,Monthly,"Monthly financial support and motorized tricycle allowance for disabled persons. (₹18,000)"
938,jharkhand-antyodaya-subsidized-food-security,Antyodaya Subsidized Food Security,Subsidized Food & Nutrition,8000.0,Monthly,"Subsidized monthly ration of 35kg foodgrains for poorest-of-poor households. (₹8,000)"
939,jharkhand-sanitation-workers-rehabilitation-grant,Sanitation Workers Rehabilitation Grant,Asset & Equipment Subsidy,40000.0,One-Time,"Capital subsidy and skill retraining for sanitary workers and sewer workers. (₹40,000)"
940,jharkhand-tribal-livelihood-forest-produce-grant,Tribal Livelihood & Forest Produce Grant,Asset & Equipment Subsidy,20000.0,One-Time,"Direct procurement support and value addition subsidy for minor forest produce. (₹20,000)"
941,jharkhand-youth-apprenticeship-monthly-stipend,Youth Apprenticeship Monthly Stipend,Scholarship & Academic Stipend,18000.0,Monthly,"Direct government stipend top-up for technical industrial apprenticeships. (₹18,000)"
942,jharkhand-artisan-craftsman-modern-tool-kit-grant,Artisan & Craftsman Modern Tool Kit Grant,Subsidized / Collateral-Free Loan,20000.0,One-Time,"Free motorized toolkits and collateral-free micro credit for traditional artisans. (₹20,000)"
943,jharkhand-rural-youth-driving-heavy-machinery-training,Rural Youth Driving & Heavy Machinery Training,Asset & Equipment Subsidy,25000.0,One-Time,"100% sponsored commercial vehicle and excavator driver training. (₹25,000)"
944,jharkhand-it-emerging-tech-bootcamp-voucher,IT & Emerging Tech Bootcamp Voucher,Scholarship & Academic Stipend,35000.0,One-Time,"Full tuition sponsorship for AI, Cloud, and Software certification bootcamps. (₹35,000)"
945,jharkhand-self-employment-micro-credit-guarantee,Self-Employment Micro-Credit Guarantee,Subsidized / Collateral-Free Loan,500000.0,One-Time,"Collateral-free subsidized loan up to ₹5 Lakh for starting local enterprises. (₹100,000)"
946,jharkhand-pucca-house-construction-subsidy,Pucca House Construction Subsidy,Asset & Equipment Subsidy,150000.0,Quarterly,"Direct installment financial grant for building disaster-resilient pucca home. (₹150,000)"
947,jharkhand-rooftop-solar-green-energy-assistance,Rooftop Solar & Green Energy Assistance,Asset & Equipment Subsidy,50000.0,One-Time,"Capital subsidy for grid-connected rooftop solar installation for homeowners. (₹50,000)"
948,jharkhand-slum-rehabilitation-ews-flat-allocation,Slum Rehabilitation & EWS Flat Allocation,Asset & Equipment Subsidy,250000.0,One-Time,"Subsidized ownership allotment of 1BHK flats with basic civic amenities. (₹250,000)"
949,jharkhand-rural-toilet-water-tap-incentive,Rural Toilet & Water Tap Incentive,Direct Cash Transfer (DBT),12000.0,One-Time,"Financial assistance for individual household latrines and clean piped tap. (₹12,000)"
950,jharkhand-micro-enterprise-collateral-free-loan,Micro Enterprise Collateral-Free Loan,Subsidized / Collateral-Free Loan,1000000.0,One-Time,"Guaranteed working capital and equipment loan up to ₹10 Lakh at subsidized interest. (₹200,000)"
951,jharkhand-women-entrepreneur-startup-grant,Women Entrepreneur Startup Grant,Direct Cash Transfer (DBT),100000.0,One-Time,"Seed funding capital grant for innovative women-founded MSME ventures. (₹100,000)"
952,jharkhand-export-promotion-quality-certification-subsidy,Export Promotion & Quality Certification Subsidy,Asset & Equipment Subsidy,75000.0,One-Time,"Reimbursement for ISO, ZED, and international trade mark registration costs. (₹75,000)"
953,jharkhand-credit-linked-capital-subsidy-for-tech-upgradation,Credit Linked Capital Subsidy for Tech Upgradation,Asset & Equipment Subsidy,150000.0,One-Time,"15% upfront capital subsidy for machinery modernization in manufacturing. (₹150,000)"
954,jharkhand-e-vehicle-green-mobility-subsidy,E-Vehicle & Green Mobility Subsidy,Asset & Equipment Subsidy,20000.0,One-Time,"Direct cash incentive on purchase of electric 2-wheelers and 3-wheelers. (₹20,000)"
955,jharkhand-rainwater-harvesting-ground-water-recharge-grant,Rainwater Harvesting & Ground Water Recharge Grant,Asset & Equipment Subsidy,15000.0,One-Time,"Subsidized rooftop rainwater harvesting system for individual residences. (₹15,000)"
956,jharkhand-bio-gas-cattle-dung-renewable-plant-subsidy,Bio-Gas & Cattle Dung Renewable Plant Subsidy,Asset & Equipment Subsidy,18000.0,One-Time,"Financial support for installing domestic Gobar-Dhan biogas units. (₹18,000)"
957,jharkhand-phase-2-kisan-samriddhi-crop-assistance,Kisan Samriddhi & Crop Assistance,Asset & Equipment Subsidy,6000.0,One-Time,"Financial input subsidy for seed, fertilizer, and organic cultivation equipment. (₹6,000)"
958,jharkhand-phase-2-solar-krishi-pump-subsidy,Solar Krishi Pump Subsidy,Asset & Equipment Subsidy,75000.0,One-Time,"Up to 90% capital subsidy for installing off-grid solar irrigation pumps. (₹75,000)"
959,jharkhand-phase-2-horticulture-drip-irrigation-grant,Horticulture & Drip Irrigation Grant,Asset & Equipment Subsidy,25000.0,One-Time,"Direct subsidy for drip, sprinkler, and precision micro-irrigation installation. (₹25,000)"
960,jharkhand-phase-2-dairy-cattle-development-incentive,Dairy & Cattle Development Incentive,Direct Cash Transfer (DBT),40000.0,One-Time,"Financial assistance for purchasing high-yield milch cows and buffaloes. (₹40,000)"
961,jharkhand-phase-2-fodder-cultivation-animal-care-grant,Fodder Cultivation & Animal Care Grant,Asset & Equipment Subsidy,12000.0,One-Time,"Subsidized silage, quality seeds, and livestock health vaccination support. (₹12,000)"
962,jharkhand-phase-2-fisheries-pond-biofloc-support,Fisheries Pond & Biofloc Support,Direct Cash Transfer (DBT),50000.0,One-Time,"Capital grant for biofloc fish farming, fingerling supply, and aerators. (₹50,000)"
963,jharkhand-phase-2-soil-health-organic-farming-mission,Soil Health & Organic Farming Mission,Direct Cash Transfer (DBT),8000.0,One-Time,"Free soil nutrient testing kit and bio-compost financial top-up grant. (₹8,000)"
964,jharkhand-phase-2-farm-mechanization-rotavator-subsidy,Farm Mechanization & Rotavator Subsidy,Asset & Equipment Subsidy,60000.0,One-Time,"Up to 50% subsidy on modern harvesters, rotavators, and custom hiring centers. (₹60,000)"
965,jharkhand-phase-2-post-matric-merit-scholarship,Post-Matric Merit Scholarship,Scholarship & Academic Stipend,18000.0,One-Time,"Tuition fee waiver and maintenance stipend for higher collegiate education. (₹18,000)"
966,jharkhand-phase-2-free-digital-tablet-laptop-distribution,Free Digital Tablet & Laptop Distribution,Asset & Equipment Subsidy,15000.0,One-Time,"High-speed digital learning devices distributed to meritorious board students. (₹15,000)"
967,jharkhand-phase-2-competitive-exam-coaching-assistance,Competitive Exam Coaching Assistance,Scholarship & Academic Stipend,50000.0,One-Time,"100% sponsored classroom coaching for UPSC, PSC, JEE, and NEET exams. (₹50,000)"
968,jharkhand-phase-2-girl-child-higher-education-incentive,Girl Child Higher Education Incentive,Direct Cash Transfer (DBT),25000.0,One-Time,"Direct milestone grant upon enrolling in undergraduate degree programs. (₹25,000)"
969,jharkhand-phase-2-technical-polytechnic-skill-stipend,Technical & Polytechnic Skill Stipend,Scholarship & Academic Stipend,12000.0,Monthly,"Monthly allowance for students pursuing diploma and industrial training. (₹12,000)"
970,jharkhand-phase-2-overseas-education-scholarship-for-ews,Overseas Education Scholarship for EWS,Subsidized / Collateral-Free Loan,500000.0,One-Time,"Educational loan interest subsidy for foreign universities. (₹500,000)"
971,jharkhand-phase-2-special-education-aid-for-divyang-students,Special Education Aid for Divyang Students,Direct Cash Transfer (DBT),20000.0,One-Time,"Assistive braille, hearing aids, and transport allowance for disabled students. (₹20,000)"
972,jharkhand-phase-2-matru-kalyan-nutrition-dbt,Matru Kalyan & Nutrition DBT,Subsidized Food & Nutrition,6000.0,One-Time,"Conditional cash transfer across pregnancy trimesters and post-natal care. (₹6,000)"
973,jharkhand-phase-2-mahila-swavalamban-livelihood-grant,Mahila Swavalamban Livelihood Grant,Direct Cash Transfer (DBT),50000.0,One-Time,"Revolving seed fund for women Self-Help Groups (SHGs) to start enterprises. (₹50,000)"
974,jharkhand-phase-2-kanya-vivah-marriage-assistance,Kanya Vivah & Marriage Assistance,Direct Cash Transfer (DBT),51000.0,One-Time,"Direct financial grant for marriage of daughters from economically weaker families. (₹51,000)"
975,jharkhand-phase-2-working-women-hostel-transport-subsidy,Working Women Hostel & Transport Subsidy,Asset & Equipment Subsidy,15000.0,Monthly,"Subsidized secure safe housing and monthly urban commute pass. (₹15,000)"
976,jharkhand-phase-2-single-mother-destitute-women-pension,Single Mother & Destitute Women Pension,Monthly Social Security Pension,15000.0,Monthly,"Monthly social security pension for widowed and abandoned women. (₹15,000)"
977,jharkhand-phase-2-sukanya-samriddhi-high-interest-top-up,Sukanya Samriddhi High-Interest Top-Up,Asset & Equipment Subsidy,10000.0,One-Time,"State government interest subsidy top-up on girl child savings accounts. (₹10,000)"
978,jharkhand-phase-2-universal-cashless-health-insurance,Universal Cashless Health Insurance,Health & Accidental Insurance Cover,500000.0,Annual,"Annual cashless hospitalization and surgical treatment cover in network hospitals. (₹500,000)"
1145,kerala-kisan-samriddhi-crop-assistance,Kisan Samriddhi & Crop Assistance,Asset & Equipment Subsidy,6000.0,One-Time,"Financial input subsidy for seed, fertilizer, and organic cultivation equipment. (₹6,000)"
979,jharkhand-phase-2-critical-illness-relief-fund-cancer-kidney,Critical Illness Relief Fund (Cancer & Kidney),Health & Accidental Insurance Cover,200000.0,Claim-Based,"One-time financial relief grant for dialysis, chemotherapy, and heart surgery. (₹200,000)"
980,jharkhand-phase-2-free-diagnostic-tests-medicine-scheme,Free Diagnostic Tests & Medicine Scheme,Direct Cash Transfer (DBT),10000.0,One-Time,"100% free prescription drugs and pathology tests at government clinics. (₹10,000)"
981,jharkhand-phase-2-senior-citizen-specialized-geriatric-care,Senior Citizen Specialized Geriatric Care,Direct Cash Transfer (DBT),15000.0,One-Time,"Free cataract surgeries, hearing aids, and doorstep chronic care medicine. (₹15,000)"
982,jharkhand-phase-2-emergency-accidental-trauma-insurance,Emergency Accidental Trauma Insurance,Health & Accidental Insurance Cover,100000.0,Claim-Based,"Immediate cashless golden-hour emergency trauma care coverage. (₹100,000)"
983,jharkhand-phase-2-old-age-social-security-pension,Old Age Social Security Pension,Monthly Social Security Pension,12000.0,Monthly,"Monthly direct benefit transfer pension for elderly citizens aged 60 and above. (₹12,000)"
984,jharkhand-phase-2-divyangjan-disability-monthly-pension,Divyangjan Disability Monthly Pension,Monthly Social Security Pension,18000.0,Monthly,"Monthly financial support and motorized tricycle allowance for disabled persons. (₹18,000)"
985,jharkhand-phase-2-antyodaya-subsidized-food-security,Antyodaya Subsidized Food Security,Subsidized Food & Nutrition,8000.0,Monthly,"Subsidized monthly ration of 35kg foodgrains for poorest-of-poor households. (₹8,000)"
986,jharkhand-phase-2-sanitation-workers-rehabilitation-grant,Sanitation Workers Rehabilitation Grant,Asset & Equipment Subsidy,40000.0,One-Time,"Capital subsidy and skill retraining for sanitary workers and sewer workers. (₹40,000)"
987,jharkhand-phase-2-tribal-livelihood-forest-produce-grant,Tribal Livelihood & Forest Produce Grant,Asset & Equipment Subsidy,20000.0,One-Time,"Direct procurement support and value addition subsidy for minor forest produce. (₹20,000)"
988,jharkhand-phase-2-youth-apprenticeship-monthly-stipend,Youth Apprenticeship Monthly Stipend,Scholarship & Academic Stipend,18000.0,Monthly,"Direct government stipend top-up for technical industrial apprenticeships. (₹18,000)"
989,jharkhand-phase-2-artisan-craftsman-modern-tool-kit-grant,Artisan & Craftsman Modern Tool Kit Grant,Subsidized / Collateral-Free Loan,20000.0,One-Time,"Free motorized toolkits and collateral-free micro credit for traditional artisans. (₹20,000)"
990,jharkhand-phase-2-rural-youth-driving-heavy-machinery-training,Rural Youth Driving & Heavy Machinery Training,Asset & Equipment Subsidy,25000.0,One-Time,"100% sponsored commercial vehicle and excavator driver training. (₹25,000)"
991,jharkhand-phase-2-it-emerging-tech-bootcamp-voucher,IT & Emerging Tech Bootcamp Voucher,Scholarship & Academic Stipend,35000.0,One-Time,"Full tuition sponsorship for AI, Cloud, and Software certification bootcamps. (₹35,000)"
992,jharkhand-phase-2-self-employment-micro-credit-guarantee,Self-Employment Micro-Credit Guarantee,Subsidized / Collateral-Free Loan,500000.0,One-Time,"Collateral-free subsidized loan up to ₹5 Lakh for starting local enterprises. (₹100,000)"
993,jharkhand-phase-2-pucca-house-construction-subsidy,Pucca House Construction Subsidy,Asset & Equipment Subsidy,150000.0,Quarterly,"Direct installment financial grant for building disaster-resilient pucca home. (₹150,000)"
994,jharkhand-phase-2-rooftop-solar-green-energy-assistance,Rooftop Solar & Green Energy Assistance,Asset & Equipment Subsidy,50000.0,One-Time,"Capital subsidy for grid-connected rooftop solar installation for homeowners. (₹50,000)"
995,jharkhand-phase-2-slum-rehabilitation-ews-flat-allocation,Slum Rehabilitation & EWS Flat Allocation,Asset & Equipment Subsidy,250000.0,One-Time,"Subsidized ownership allotment of 1BHK flats with basic civic amenities. (₹250,000)"
996,jharkhand-phase-2-rural-toilet-water-tap-incentive,Rural Toilet & Water Tap Incentive,Direct Cash Transfer (DBT),12000.0,One-Time,"Financial assistance for individual household latrines and clean piped tap. (₹12,000)"
997,jharkhand-phase-2-micro-enterprise-collateral-free-loan,Micro Enterprise Collateral-Free Loan,Subsidized / Collateral-Free Loan,1000000.0,One-Time,"Guaranteed working capital and equipment loan up to ₹10 Lakh at subsidized interest. (₹200,000)"
998,jharkhand-phase-2-women-entrepreneur-startup-grant,Women Entrepreneur Startup Grant,Direct Cash Transfer (DBT),100000.0,One-Time,"Seed funding capital grant for innovative women-founded MSME ventures. (₹100,000)"
999,jharkhand-phase-2-export-promotion-quality-certification-subsidy,Export Promotion & Quality Certification Subsidy,Asset & Equipment Subsidy,75000.0,One-Time,"Reimbursement for ISO, ZED, and international trade mark registration costs. (₹75,000)"
1000,jharkhand-phase-2-credit-linked-capital-subsidy-for-tech-upgradation,Credit Linked Capital Subsidy for Tech Upgradation,Asset & Equipment Subsidy,150000.0,One-Time,"15% upfront capital subsidy for machinery modernization in manufacturing. (₹150,000)"
1001,jharkhand-phase-2-e-vehicle-green-mobility-subsidy,E-Vehicle & Green Mobility Subsidy,Asset & Equipment Subsidy,20000.0,One-Time,"Direct cash incentive on purchase of electric 2-wheelers and 3-wheelers. (₹20,000)"
1002,jharkhand-phase-2-rainwater-harvesting-ground-water-recharge-grant,Rainwater Harvesting & Ground Water Recharge Grant,Asset & Equipment Subsidy,15000.0,One-Time,"Subsidized rooftop rainwater harvesting system for individual residences. (₹15,000)"
1003,jharkhand-phase-2-bio-gas-cattle-dung-renewable-plant-subsidy,Bio-Gas & Cattle Dung Renewable Plant Subsidy,Asset & Equipment Subsidy,18000.0,One-Time,"Financial support for installing domestic Gobar-Dhan biogas units. (₹18,000)"
1004,jharkhand-phase-3-kisan-samriddhi-crop-assistance,Kisan Samriddhi & Crop Assistance,Asset & Equipment Subsidy,6000.0,One-Time,"Financial input subsidy for seed, fertilizer, and organic cultivation equipment. (₹6,000)"
1005,karnataka-kisan-samriddhi-crop-assistance,Kisan Samriddhi & Crop Assistance,Asset & Equipment Subsidy,6000.0,One-Time,"Financial input subsidy for seed, fertilizer, and organic cultivation equipment. (₹6,000)"
1006,karnataka-solar-krishi-pump-subsidy,Solar Krishi Pump Subsidy,Asset & Equipment Subsidy,75000.0,One-Time,"Up to 90% capital subsidy for installing off-grid solar irrigation pumps. (₹75,000)"
1007,karnataka-horticulture-drip-irrigation-grant,Horticulture & Drip Irrigation Grant,Asset & Equipment Subsidy,25000.0,One-Time,"Direct subsidy for drip, sprinkler, and precision micro-irrigation installation. (₹25,000)"
1008,karnataka-dairy-cattle-development-incentive,Dairy & Cattle Development Incentive,Direct Cash Transfer (DBT),40000.0,One-Time,"Financial assistance for purchasing high-yield milch cows and buffaloes. (₹40,000)"
1009,karnataka-fodder-cultivation-animal-care-grant,Fodder Cultivation & Animal Care Grant,Asset & Equipment Subsidy,12000.0,One-Time,"Subsidized silage, quality seeds, and livestock health vaccination support. (₹12,000)"
1010,karnataka-fisheries-pond-biofloc-support,Fisheries Pond & Biofloc Support,Direct Cash Transfer (DBT),50000.0,One-Time,"Capital grant for biofloc fish farming, fingerling supply, and aerators. (₹50,000)"
1011,karnataka-soil-health-organic-farming-mission,Soil Health & Organic Farming Mission,Direct Cash Transfer (DBT),8000.0,One-Time,"Free soil nutrient testing kit and bio-compost financial top-up grant. (₹8,000)"
1012,karnataka-farm-mechanization-rotavator-subsidy,Farm Mechanization & Rotavator Subsidy,Asset & Equipment Subsidy,60000.0,One-Time,"Up to 50% subsidy on modern harvesters, rotavators, and custom hiring centers. (₹60,000)"
1013,karnataka-post-matric-merit-scholarship,Post-Matric Merit Scholarship,Scholarship & Academic Stipend,18000.0,One-Time,"Tuition fee waiver and maintenance stipend for higher collegiate education. (₹18,000)"
1014,karnataka-free-digital-tablet-laptop-distribution,Free Digital Tablet & Laptop Distribution,Asset & Equipment Subsidy,15000.0,One-Time,"High-speed digital learning devices distributed to meritorious board students. (₹15,000)"
1015,karnataka-competitive-exam-coaching-assistance,Competitive Exam Coaching Assistance,Scholarship & Academic Stipend,50000.0,One-Time,"100% sponsored classroom coaching for UPSC, PSC, JEE, and NEET exams. (₹50,000)"
1016,karnataka-girl-child-higher-education-incentive,Girl Child Higher Education Incentive,Direct Cash Transfer (DBT),25000.0,One-Time,"Direct milestone grant upon enrolling in undergraduate degree programs. (₹25,000)"
1017,karnataka-technical-polytechnic-skill-stipend,Technical & Polytechnic Skill Stipend,Scholarship & Academic Stipend,12000.0,Monthly,"Monthly allowance for students pursuing diploma and industrial training. (₹12,000)"
1018,karnataka-overseas-education-scholarship-for-ews,Overseas Education Scholarship for EWS,Subsidized / Collateral-Free Loan,500000.0,One-Time,"Educational loan interest subsidy for foreign universities. (₹500,000)"
1019,karnataka-special-education-aid-for-divyang-students,Special Education Aid for Divyang Students,Direct Cash Transfer (DBT),20000.0,One-Time,"Assistive braille, hearing aids, and transport allowance for disabled students. (₹20,000)"
1020,karnataka-matru-kalyan-nutrition-dbt,Matru Kalyan & Nutrition DBT,Subsidized Food & Nutrition,6000.0,One-Time,"Conditional cash transfer across pregnancy trimesters and post-natal care. (₹6,000)"
1021,karnataka-mahila-swavalamban-livelihood-grant,Mahila Swavalamban Livelihood Grant,Direct Cash Transfer (DBT),50000.0,One-Time,"Revolving seed fund for women Self-Help Groups (SHGs) to start enterprises. (₹50,000)"
1022,karnataka-kanya-vivah-marriage-assistance,Kanya Vivah & Marriage Assistance,Direct Cash Transfer (DBT),51000.0,One-Time,"Direct financial grant for marriage of daughters from economically weaker families. (₹51,000)"
1023,karnataka-working-women-hostel-transport-subsidy,Working Women Hostel & Transport Subsidy,Asset & Equipment Subsidy,15000.0,Monthly,"Subsidized secure safe housing and monthly urban commute pass. (₹15,000)"
1024,karnataka-single-mother-destitute-women-pension,Single Mother & Destitute Women Pension,Monthly Social Security Pension,15000.0,Monthly,"Monthly social security pension for widowed and abandoned women. (₹15,000)"
1025,karnataka-sukanya-samriddhi-high-interest-top-up,Sukanya Samriddhi High-Interest Top-Up,Asset & Equipment Subsidy,10000.0,One-Time,"State government interest subsidy top-up on girl child savings accounts. (₹10,000)"
1026,karnataka-universal-cashless-health-insurance,Universal Cashless Health Insurance,Health & Accidental Insurance Cover,500000.0,Annual,"Annual cashless hospitalization and surgical treatment cover in network hospitals. (₹500,000)"
1027,karnataka-critical-illness-relief-fund-cancer-kidney,Critical Illness Relief Fund (Cancer & Kidney),Health & Accidental Insurance Cover,200000.0,Claim-Based,"One-time financial relief grant for dialysis, chemotherapy, and heart surgery. (₹200,000)"
1028,karnataka-free-diagnostic-tests-medicine-scheme,Free Diagnostic Tests & Medicine Scheme,Direct Cash Transfer (DBT),10000.0,One-Time,"100% free prescription drugs and pathology tests at government clinics. (₹10,000)"
1029,karnataka-senior-citizen-specialized-geriatric-care,Senior Citizen Specialized Geriatric Care,Direct Cash Transfer (DBT),15000.0,One-Time,"Free cataract surgeries, hearing aids, and doorstep chronic care medicine. (₹15,000)"
1030,karnataka-emergency-accidental-trauma-insurance,Emergency Accidental Trauma Insurance,Health & Accidental Insurance Cover,100000.0,Claim-Based,"Immediate cashless golden-hour emergency trauma care coverage. (₹100,000)"
1031,karnataka-old-age-social-security-pension,Old Age Social Security Pension,Monthly Social Security Pension,12000.0,Monthly,"Monthly direct benefit transfer pension for elderly citizens aged 60 and above. (₹12,000)"
1032,karnataka-divyangjan-disability-monthly-pension,Divyangjan Disability Monthly Pension,Monthly Social Security Pension,18000.0,Monthly,"Monthly financial support and motorized tricycle allowance for disabled persons. (₹18,000)"
1033,karnataka-antyodaya-subsidized-food-security,Antyodaya Subsidized Food Security,Subsidized Food & Nutrition,8000.0,Monthly,"Subsidized monthly ration of 35kg foodgrains for poorest-of-poor households. (₹8,000)"
1034,karnataka-sanitation-workers-rehabilitation-grant,Sanitation Workers Rehabilitation Grant,Asset & Equipment Subsidy,40000.0,One-Time,"Capital subsidy and skill retraining for sanitary workers and sewer workers. (₹40,000)"
1035,karnataka-tribal-livelihood-forest-produce-grant,Tribal Livelihood & Forest Produce Grant,Asset & Equipment Subsidy,20000.0,One-Time,"Direct procurement support and value addition subsidy for minor forest produce. (₹20,000)"
1036,karnataka-youth-apprenticeship-monthly-stipend,Youth Apprenticeship Monthly Stipend,Scholarship & Academic Stipend,18000.0,Monthly,"Direct government stipend top-up for technical industrial apprenticeships. (₹18,000)"
1037,karnataka-artisan-craftsman-modern-tool-kit-grant,Artisan & Craftsman Modern Tool Kit Grant,Subsidized / Collateral-Free Loan,20000.0,One-Time,"Free motorized toolkits and collateral-free micro credit for traditional artisans. (₹20,000)"
1038,karnataka-rural-youth-driving-heavy-machinery-training,Rural Youth Driving & Heavy Machinery Training,Asset & Equipment Subsidy,25000.0,One-Time,"100% sponsored commercial vehicle and excavator driver training. (₹25,000)"
1039,karnataka-it-emerging-tech-bootcamp-voucher,IT & Emerging Tech Bootcamp Voucher,Scholarship & Academic Stipend,35000.0,One-Time,"Full tuition sponsorship for AI, Cloud, and Software certification bootcamps. (₹35,000)"
1146,kerala-solar-krishi-pump-subsidy,Solar Krishi Pump Subsidy,Asset & Equipment Subsidy,75000.0,One-Time,"Up to 90% capital subsidy for installing off-grid solar irrigation pumps. (₹75,000)"
1040,karnataka-self-employment-micro-credit-guarantee,Self-Employment Micro-Credit Guarantee,Subsidized / Collateral-Free Loan,500000.0,One-Time,"Collateral-free subsidized loan up to ₹5 Lakh for starting local enterprises. (₹100,000)"
1041,karnataka-pucca-house-construction-subsidy,Pucca House Construction Subsidy,Asset & Equipment Subsidy,150000.0,Quarterly,"Direct installment financial grant for building disaster-resilient pucca home. (₹150,000)"
1042,karnataka-rooftop-solar-green-energy-assistance,Rooftop Solar & Green Energy Assistance,Asset & Equipment Subsidy,50000.0,One-Time,"Capital subsidy for grid-connected rooftop solar installation for homeowners. (₹50,000)"
1043,karnataka-slum-rehabilitation-ews-flat-allocation,Slum Rehabilitation & EWS Flat Allocation,Asset & Equipment Subsidy,250000.0,One-Time,"Subsidized ownership allotment of 1BHK flats with basic civic amenities. (₹250,000)"
1044,karnataka-rural-toilet-water-tap-incentive,Rural Toilet & Water Tap Incentive,Direct Cash Transfer (DBT),12000.0,One-Time,"Financial assistance for individual household latrines and clean piped tap. (₹12,000)"
1045,karnataka-micro-enterprise-collateral-free-loan,Micro Enterprise Collateral-Free Loan,Subsidized / Collateral-Free Loan,1000000.0,One-Time,"Guaranteed working capital and equipment loan up to ₹10 Lakh at subsidized interest. (₹200,000)"
1046,karnataka-women-entrepreneur-startup-grant,Women Entrepreneur Startup Grant,Direct Cash Transfer (DBT),100000.0,One-Time,"Seed funding capital grant for innovative women-founded MSME ventures. (₹100,000)"
1047,karnataka-export-promotion-quality-certification-subsidy,Export Promotion & Quality Certification Subsidy,Asset & Equipment Subsidy,75000.0,One-Time,"Reimbursement for ISO, ZED, and international trade mark registration costs. (₹75,000)"
1048,karnataka-credit-linked-capital-subsidy-for-tech-upgradation,Credit Linked Capital Subsidy for Tech Upgradation,Asset & Equipment Subsidy,150000.0,One-Time,"15% upfront capital subsidy for machinery modernization in manufacturing. (₹150,000)"
1049,karnataka-e-vehicle-green-mobility-subsidy,E-Vehicle & Green Mobility Subsidy,Asset & Equipment Subsidy,20000.0,One-Time,"Direct cash incentive on purchase of electric 2-wheelers and 3-wheelers. (₹20,000)"
1050,karnataka-rainwater-harvesting-ground-water-recharge-grant,Rainwater Harvesting & Ground Water Recharge Grant,Asset & Equipment Subsidy,15000.0,One-Time,"Subsidized rooftop rainwater harvesting system for individual residences. (₹15,000)"
1051,karnataka-bio-gas-cattle-dung-renewable-plant-subsidy,Bio-Gas & Cattle Dung Renewable Plant Subsidy,Asset & Equipment Subsidy,18000.0,One-Time,"Financial support for installing domestic Gobar-Dhan biogas units. (₹18,000)"
1052,karnataka-phase-2-kisan-samriddhi-crop-assistance,Kisan Samriddhi & Crop Assistance,Asset & Equipment Subsidy,6000.0,One-Time,"Financial input subsidy for seed, fertilizer, and organic cultivation equipment. (₹6,000)"
1053,karnataka-phase-2-solar-krishi-pump-subsidy,Solar Krishi Pump Subsidy,Asset & Equipment Subsidy,75000.0,One-Time,"Up to 90% capital subsidy for installing off-grid solar irrigation pumps. (₹75,000)"
1054,karnataka-phase-2-horticulture-drip-irrigation-grant,Horticulture & Drip Irrigation Grant,Asset & Equipment Subsidy,25000.0,One-Time,"Direct subsidy for drip, sprinkler, and precision micro-irrigation installation. (₹25,000)"
1147,kerala-horticulture-drip-irrigation-grant,Horticulture & Drip Irrigation Grant,Asset & Equipment Subsidy,25000.0,One-Time,"Direct subsidy for drip, sprinkler, and precision micro-irrigation installation. (₹25,000)"
1055,karnataka-phase-2-dairy-cattle-development-incentive,Dairy & Cattle Development Incentive,Direct Cash Transfer (DBT),40000.0,One-Time,"Financial assistance for purchasing high-yield milch cows and buffaloes. (₹40,000)"
1056,karnataka-phase-2-fodder-cultivation-animal-care-grant,Fodder Cultivation & Animal Care Grant,Asset & Equipment Subsidy,12000.0,One-Time,"Subsidized silage, quality seeds, and livestock health vaccination support. (₹12,000)"
1057,karnataka-phase-2-fisheries-pond-biofloc-support,Fisheries Pond & Biofloc Support,Direct Cash Transfer (DBT),50000.0,One-Time,"Capital grant for biofloc fish farming, fingerling supply, and aerators. (₹50,000)"
1058,karnataka-phase-2-soil-health-organic-farming-mission,Soil Health & Organic Farming Mission,Direct Cash Transfer (DBT),8000.0,One-Time,"Free soil nutrient testing kit and bio-compost financial top-up grant. (₹8,000)"
1059,karnataka-phase-2-farm-mechanization-rotavator-subsidy,Farm Mechanization & Rotavator Subsidy,Asset & Equipment Subsidy,60000.0,One-Time,"Up to 50% subsidy on modern harvesters, rotavators, and custom hiring centers. (₹60,000)"
1060,karnataka-phase-2-post-matric-merit-scholarship,Post-Matric Merit Scholarship,Scholarship & Academic Stipend,18000.0,One-Time,"Tuition fee waiver and maintenance stipend for higher collegiate education. (₹18,000)"
1061,karnataka-phase-2-free-digital-tablet-laptop-distribution,Free Digital Tablet & Laptop Distribution,Asset & Equipment Subsidy,15000.0,One-Time,"High-speed digital learning devices distributed to meritorious board students. (₹15,000)"
1062,karnataka-phase-2-competitive-exam-coaching-assistance,Competitive Exam Coaching Assistance,Scholarship & Academic Stipend,50000.0,One-Time,"100% sponsored classroom coaching for UPSC, PSC, JEE, and NEET exams. (₹50,000)"
1063,karnataka-phase-2-girl-child-higher-education-incentive,Girl Child Higher Education Incentive,Direct Cash Transfer (DBT),25000.0,One-Time,"Direct milestone grant upon enrolling in undergraduate degree programs. (₹25,000)"
1064,karnataka-phase-2-technical-polytechnic-skill-stipend,Technical & Polytechnic Skill Stipend,Scholarship & Academic Stipend,12000.0,Monthly,"Monthly allowance for students pursuing diploma and industrial training. (₹12,000)"
1065,karnataka-phase-2-overseas-education-scholarship-for-ews,Overseas Education Scholarship for EWS,Subsidized / Collateral-Free Loan,500000.0,One-Time,"Educational loan interest subsidy for foreign universities. (₹500,000)"
1066,karnataka-phase-2-special-education-aid-for-divyang-students,Special Education Aid for Divyang Students,Direct Cash Transfer (DBT),20000.0,One-Time,"Assistive braille, hearing aids, and transport allowance for disabled students. (₹20,000)"
1067,karnataka-phase-2-matru-kalyan-nutrition-dbt,Matru Kalyan & Nutrition DBT,Subsidized Food & Nutrition,6000.0,One-Time,"Conditional cash transfer across pregnancy trimesters and post-natal care. (₹6,000)"
1068,karnataka-phase-2-mahila-swavalamban-livelihood-grant,Mahila Swavalamban Livelihood Grant,Direct Cash Transfer (DBT),50000.0,One-Time,"Revolving seed fund for women Self-Help Groups (SHGs) to start enterprises. (₹50,000)"
1069,karnataka-phase-2-kanya-vivah-marriage-assistance,Kanya Vivah & Marriage Assistance,Direct Cash Transfer (DBT),51000.0,One-Time,"Direct financial grant for marriage of daughters from economically weaker families. (₹51,000)"
1148,kerala-dairy-cattle-development-incentive,Dairy & Cattle Development Incentive,Direct Cash Transfer (DBT),40000.0,One-Time,"Financial assistance for purchasing high-yield milch cows and buffaloes. (₹40,000)"
1070,karnataka-phase-2-working-women-hostel-transport-subsidy,Working Women Hostel & Transport Subsidy,Asset & Equipment Subsidy,15000.0,Monthly,"Subsidized secure safe housing and monthly urban commute pass. (₹15,000)"
1071,karnataka-phase-2-single-mother-destitute-women-pension,Single Mother & Destitute Women Pension,Monthly Social Security Pension,15000.0,Monthly,"Monthly social security pension for widowed and abandoned women. (₹15,000)"
1072,karnataka-phase-2-sukanya-samriddhi-high-interest-top-up,Sukanya Samriddhi High-Interest Top-Up,Asset & Equipment Subsidy,10000.0,One-Time,"State government interest subsidy top-up on girl child savings accounts. (₹10,000)"
1073,karnataka-phase-2-universal-cashless-health-insurance,Universal Cashless Health Insurance,Health & Accidental Insurance Cover,500000.0,Annual,"Annual cashless hospitalization and surgical treatment cover in network hospitals. (₹500,000)"
1074,karnataka-phase-2-critical-illness-relief-fund-cancer-kidney,Critical Illness Relief Fund (Cancer & Kidney),Health & Accidental Insurance Cover,200000.0,Claim-Based,"One-time financial relief grant for dialysis, chemotherapy, and heart surgery. (₹200,000)"
1075,karnataka-phase-2-free-diagnostic-tests-medicine-scheme,Free Diagnostic Tests & Medicine Scheme,Direct Cash Transfer (DBT),10000.0,One-Time,"100% free prescription drugs and pathology tests at government clinics. (₹10,000)"
1076,karnataka-phase-2-senior-citizen-specialized-geriatric-care,Senior Citizen Specialized Geriatric Care,Direct Cash Transfer (DBT),15000.0,One-Time,"Free cataract surgeries, hearing aids, and doorstep chronic care medicine. (₹15,000)"
1077,karnataka-phase-2-emergency-accidental-trauma-insurance,Emergency Accidental Trauma Insurance,Health & Accidental Insurance Cover,100000.0,Claim-Based,"Immediate cashless golden-hour emergency trauma care coverage. (₹100,000)"
1078,karnataka-phase-2-old-age-social-security-pension,Old Age Social Security Pension,Monthly Social Security Pension,12000.0,Monthly,"Monthly direct benefit transfer pension for elderly citizens aged 60 and above. (₹12,000)"
1079,karnataka-phase-2-divyangjan-disability-monthly-pension,Divyangjan Disability Monthly Pension,Monthly Social Security Pension,18000.0,Monthly,"Monthly financial support and motorized tricycle allowance for disabled persons. (₹18,000)"
1080,karnataka-phase-2-antyodaya-subsidized-food-security,Antyodaya Subsidized Food Security,Subsidized Food & Nutrition,8000.0,Monthly,"Subsidized monthly ration of 35kg foodgrains for poorest-of-poor households. (₹8,000)"
1081,karnataka-phase-2-sanitation-workers-rehabilitation-grant,Sanitation Workers Rehabilitation Grant,Asset & Equipment Subsidy,40000.0,One-Time,"Capital subsidy and skill retraining for sanitary workers and sewer workers. (₹40,000)"
1082,karnataka-phase-2-tribal-livelihood-forest-produce-grant,Tribal Livelihood & Forest Produce Grant,Asset & Equipment Subsidy,20000.0,One-Time,"Direct procurement support and value addition subsidy for minor forest produce. (₹20,000)"
1083,karnataka-phase-2-youth-apprenticeship-monthly-stipend,Youth Apprenticeship Monthly Stipend,Scholarship & Academic Stipend,18000.0,Monthly,"Direct government stipend top-up for technical industrial apprenticeships. (₹18,000)"
1084,karnataka-phase-2-artisan-craftsman-modern-tool-kit-grant,Artisan & Craftsman Modern Tool Kit Grant,Subsidized / Collateral-Free Loan,20000.0,One-Time,"Free motorized toolkits and collateral-free micro credit for traditional artisans. (₹20,000)"
1085,karnataka-phase-2-rural-youth-driving-heavy-machinery-training,Rural Youth Driving & Heavy Machinery Training,Asset & Equipment Subsidy,25000.0,One-Time,"100% sponsored commercial vehicle and excavator driver training. (₹25,000)"
1086,karnataka-phase-2-it-emerging-tech-bootcamp-voucher,IT & Emerging Tech Bootcamp Voucher,Scholarship & Academic Stipend,35000.0,One-Time,"Full tuition sponsorship for AI, Cloud, and Software certification bootcamps. (₹35,000)"
1087,karnataka-phase-2-self-employment-micro-credit-guarantee,Self-Employment Micro-Credit Guarantee,Subsidized / Collateral-Free Loan,500000.0,One-Time,"Collateral-free subsidized loan up to ₹5 Lakh for starting local enterprises. (₹100,000)"
1088,karnataka-phase-2-pucca-house-construction-subsidy,Pucca House Construction Subsidy,Asset & Equipment Subsidy,150000.0,Quarterly,"Direct installment financial grant for building disaster-resilient pucca home. (₹150,000)"
1089,karnataka-phase-2-rooftop-solar-green-energy-assistance,Rooftop Solar & Green Energy Assistance,Asset & Equipment Subsidy,50000.0,One-Time,"Capital subsidy for grid-connected rooftop solar installation for homeowners. (₹50,000)"
1090,karnataka-phase-2-slum-rehabilitation-ews-flat-allocation,Slum Rehabilitation & EWS Flat Allocation,Asset & Equipment Subsidy,250000.0,One-Time,"Subsidized ownership allotment of 1BHK flats with basic civic amenities. (₹250,000)"
1091,karnataka-phase-2-rural-toilet-water-tap-incentive,Rural Toilet & Water Tap Incentive,Direct Cash Transfer (DBT),12000.0,One-Time,"Financial assistance for individual household latrines and clean piped tap. (₹12,000)"
1092,karnataka-phase-2-micro-enterprise-collateral-free-loan,Micro Enterprise Collateral-Free Loan,Subsidized / Collateral-Free Loan,1000000.0,One-Time,"Guaranteed working capital and equipment loan up to ₹10 Lakh at subsidized interest. (₹200,000)"
1093,karnataka-phase-2-women-entrepreneur-startup-grant,Women Entrepreneur Startup Grant,Direct Cash Transfer (DBT),100000.0,One-Time,"Seed funding capital grant for innovative women-founded MSME ventures. (₹100,000)"
1094,karnataka-phase-2-export-promotion-quality-certification-subsidy,Export Promotion & Quality Certification Subsidy,Asset & Equipment Subsidy,75000.0,One-Time,"Reimbursement for ISO, ZED, and international trade mark registration costs. (₹75,000)"
1095,karnataka-phase-2-credit-linked-capital-subsidy-for-tech-upgradation,Credit Linked Capital Subsidy for Tech Upgradation,Asset & Equipment Subsidy,150000.0,One-Time,"15% upfront capital subsidy for machinery modernization in manufacturing. (₹150,000)"
1096,karnataka-phase-2-e-vehicle-green-mobility-subsidy,E-Vehicle & Green Mobility Subsidy,Asset & Equipment Subsidy,20000.0,One-Time,"Direct cash incentive on purchase of electric 2-wheelers and 3-wheelers. (₹20,000)"
1097,karnataka-phase-2-rainwater-harvesting-ground-water-recharge-grant,Rainwater Harvesting & Ground Water Recharge Grant,Asset & Equipment Subsidy,15000.0,One-Time,"Subsidized rooftop rainwater harvesting system for individual residences. (₹15,000)"
1098,karnataka-phase-2-bio-gas-cattle-dung-renewable-plant-subsidy,Bio-Gas & Cattle Dung Renewable Plant Subsidy,Asset & Equipment Subsidy,18000.0,One-Time,"Financial support for installing domestic Gobar-Dhan biogas units. (₹18,000)"
1099,karnataka-phase-3-kisan-samriddhi-crop-assistance,Kisan Samriddhi & Crop Assistance,Asset & Equipment Subsidy,6000.0,One-Time,"Financial input subsidy for seed, fertilizer, and organic cultivation equipment. (₹6,000)"
1100,karnataka-phase-3-solar-krishi-pump-subsidy,Solar Krishi Pump Subsidy,Asset & Equipment Subsidy,75000.0,One-Time,"Up to 90% capital subsidy for installing off-grid solar irrigation pumps. (₹75,000)"
1101,karnataka-phase-3-horticulture-drip-irrigation-grant,Horticulture & Drip Irrigation Grant,Asset & Equipment Subsidy,25000.0,One-Time,"Direct subsidy for drip, sprinkler, and precision micro-irrigation installation. (₹25,000)"
1102,karnataka-phase-3-dairy-cattle-development-incentive,Dairy & Cattle Development Incentive,Direct Cash Transfer (DBT),40000.0,One-Time,"Financial assistance for purchasing high-yield milch cows and buffaloes. (₹40,000)"
1103,karnataka-phase-3-fodder-cultivation-animal-care-grant,Fodder Cultivation & Animal Care Grant,Asset & Equipment Subsidy,12000.0,One-Time,"Subsidized silage, quality seeds, and livestock health vaccination support. (₹12,000)"
1104,karnataka-phase-3-fisheries-pond-biofloc-support,Fisheries Pond & Biofloc Support,Direct Cash Transfer (DBT),50000.0,One-Time,"Capital grant for biofloc fish farming, fingerling supply, and aerators. (₹50,000)"
1105,karnataka-phase-3-soil-health-organic-farming-mission,Soil Health & Organic Farming Mission,Direct Cash Transfer (DBT),8000.0,One-Time,"Free soil nutrient testing kit and bio-compost financial top-up grant. (₹8,000)"
1106,karnataka-phase-3-farm-mechanization-rotavator-subsidy,Farm Mechanization & Rotavator Subsidy,Asset & Equipment Subsidy,60000.0,One-Time,"Up to 50% subsidy on modern harvesters, rotavators, and custom hiring centers. (₹60,000)"
1107,karnataka-phase-3-post-matric-merit-scholarship,Post-Matric Merit Scholarship,Scholarship & Academic Stipend,18000.0,One-Time,"Tuition fee waiver and maintenance stipend for higher collegiate education. (₹18,000)"
1108,karnataka-phase-3-free-digital-tablet-laptop-distribution,Free Digital Tablet & Laptop Distribution,Asset & Equipment Subsidy,15000.0,One-Time,"High-speed digital learning devices distributed to meritorious board students. (₹15,000)"
1109,karnataka-phase-3-competitive-exam-coaching-assistance,Competitive Exam Coaching Assistance,Scholarship & Academic Stipend,50000.0,One-Time,"100% sponsored classroom coaching for UPSC, PSC, JEE, and NEET exams. (₹50,000)"
1110,karnataka-phase-3-girl-child-higher-education-incentive,Girl Child Higher Education Incentive,Direct Cash Transfer (DBT),25000.0,One-Time,"Direct milestone grant upon enrolling in undergraduate degree programs. (₹25,000)"
1111,karnataka-phase-3-technical-polytechnic-skill-stipend,Technical & Polytechnic Skill Stipend,Scholarship & Academic Stipend,12000.0,Monthly,"Monthly allowance for students pursuing diploma and industrial training. (₹12,000)"
1112,karnataka-phase-3-overseas-education-scholarship-for-ews,Overseas Education Scholarship for EWS,Subsidized / Collateral-Free Loan,500000.0,One-Time,"Educational loan interest subsidy for foreign universities. (₹500,000)"
1113,karnataka-phase-3-special-education-aid-for-divyang-students,Special Education Aid for Divyang Students,Direct Cash Transfer (DBT),20000.0,One-Time,"Assistive braille, hearing aids, and transport allowance for disabled students. (₹20,000)"
1114,karnataka-phase-3-matru-kalyan-nutrition-dbt,Matru Kalyan & Nutrition DBT,Subsidized Food & Nutrition,6000.0,One-Time,"Conditional cash transfer across pregnancy trimesters and post-natal care. (₹6,000)"
1149,kerala-fodder-cultivation-animal-care-grant,Fodder Cultivation & Animal Care Grant,Asset & Equipment Subsidy,12000.0,One-Time,"Subsidized silage, quality seeds, and livestock health vaccination support. (₹12,000)"
1115,karnataka-phase-3-mahila-swavalamban-livelihood-grant,Mahila Swavalamban Livelihood Grant,Direct Cash Transfer (DBT),50000.0,One-Time,"Revolving seed fund for women Self-Help Groups (SHGs) to start enterprises. (₹50,000)"
1116,karnataka-phase-3-kanya-vivah-marriage-assistance,Kanya Vivah & Marriage Assistance,Direct Cash Transfer (DBT),51000.0,One-Time,"Direct financial grant for marriage of daughters from economically weaker families. (₹51,000)"
1117,karnataka-phase-3-working-women-hostel-transport-subsidy,Working Women Hostel & Transport Subsidy,Asset & Equipment Subsidy,15000.0,Monthly,"Subsidized secure safe housing and monthly urban commute pass. (₹15,000)"
1118,karnataka-phase-3-single-mother-destitute-women-pension,Single Mother & Destitute Women Pension,Monthly Social Security Pension,15000.0,Monthly,"Monthly social security pension for widowed and abandoned women. (₹15,000)"
1119,karnataka-phase-3-sukanya-samriddhi-high-interest-top-up,Sukanya Samriddhi High-Interest Top-Up,Asset & Equipment Subsidy,10000.0,One-Time,"State government interest subsidy top-up on girl child savings accounts. (₹10,000)"
1120,karnataka-phase-3-universal-cashless-health-insurance,Universal Cashless Health Insurance,Health & Accidental Insurance Cover,500000.0,Annual,"Annual cashless hospitalization and surgical treatment cover in network hospitals. (₹500,000)"
1121,karnataka-phase-3-critical-illness-relief-fund-cancer-kidney,Critical Illness Relief Fund (Cancer & Kidney),Health & Accidental Insurance Cover,200000.0,Claim-Based,"One-time financial relief grant for dialysis, chemotherapy, and heart surgery. (₹200,000)"
1122,karnataka-phase-3-free-diagnostic-tests-medicine-scheme,Free Diagnostic Tests & Medicine Scheme,Direct Cash Transfer (DBT),10000.0,One-Time,"100% free prescription drugs and pathology tests at government clinics. (₹10,000)"
1123,karnataka-phase-3-senior-citizen-specialized-geriatric-care,Senior Citizen Specialized Geriatric Care,Direct Cash Transfer (DBT),15000.0,One-Time,"Free cataract surgeries, hearing aids, and doorstep chronic care medicine. (₹15,000)"
1124,karnataka-phase-3-emergency-accidental-trauma-insurance,Emergency Accidental Trauma Insurance,Health & Accidental Insurance Cover,100000.0,Claim-Based,"Immediate cashless golden-hour emergency trauma care coverage. (₹100,000)"
1125,karnataka-phase-3-old-age-social-security-pension,Old Age Social Security Pension,Monthly Social Security Pension,12000.0,Monthly,"Monthly direct benefit transfer pension for elderly citizens aged 60 and above. (₹12,000)"
1126,karnataka-phase-3-divyangjan-disability-monthly-pension,Divyangjan Disability Monthly Pension,Monthly Social Security Pension,18000.0,Monthly,"Monthly financial support and motorized tricycle allowance for disabled persons. (₹18,000)"
1127,karnataka-phase-3-antyodaya-subsidized-food-security,Antyodaya Subsidized Food Security,Subsidized Food & Nutrition,8000.0,Monthly,"Subsidized monthly ration of 35kg foodgrains for poorest-of-poor households. (₹8,000)"
1128,karnataka-phase-3-sanitation-workers-rehabilitation-grant,Sanitation Workers Rehabilitation Grant,Asset & Equipment Subsidy,40000.0,One-Time,"Capital subsidy and skill retraining for sanitary workers and sewer workers. (₹40,000)"
1129,karnataka-phase-3-tribal-livelihood-forest-produce-grant,Tribal Livelihood & Forest Produce Grant,Asset & Equipment Subsidy,20000.0,One-Time,"Direct procurement support and value addition subsidy for minor forest produce. (₹20,000)"
1130,karnataka-phase-3-youth-apprenticeship-monthly-stipend,Youth Apprenticeship Monthly Stipend,Scholarship & Academic Stipend,18000.0,Monthly,"Direct government stipend top-up for technical industrial apprenticeships. (₹18,000)"
1131,karnataka-phase-3-artisan-craftsman-modern-tool-kit-grant,Artisan & Craftsman Modern Tool Kit Grant,Subsidized / Collateral-Free Loan,20000.0,One-Time,"Free motorized toolkits and collateral-free micro credit for traditional artisans. (₹20,000)"
1132,karnataka-phase-3-rural-youth-driving-heavy-machinery-training,Rural Youth Driving & Heavy Machinery Training,Asset & Equipment Subsidy,25000.0,One-Time,"100% sponsored commercial vehicle and excavator driver training. (₹25,000)"
1133,karnataka-phase-3-it-emerging-tech-bootcamp-voucher,IT & Emerging Tech Bootcamp Voucher,Scholarship & Academic Stipend,35000.0,One-Time,"Full tuition sponsorship for AI, Cloud, and Software certification bootcamps. (₹35,000)"
1134,karnataka-phase-3-self-employment-micro-credit-guarantee,Self-Employment Micro-Credit Guarantee,Subsidized / Collateral-Free Loan,500000.0,One-Time,"Collateral-free subsidized loan up to ₹5 Lakh for starting local enterprises. (₹100,000)"
1135,karnataka-phase-3-pucca-house-construction-subsidy,Pucca House Construction Subsidy,Asset & Equipment Subsidy,150000.0,Quarterly,"Direct installment financial grant for building disaster-resilient pucca home. (₹150,000)"
1136,karnataka-phase-3-rooftop-solar-green-energy-assistance,Rooftop Solar & Green Energy Assistance,Asset & Equipment Subsidy,50000.0,One-Time,"Capital subsidy for grid-connected rooftop solar installation for homeowners. (₹50,000)"
1137,karnataka-phase-3-slum-rehabilitation-ews-flat-allocation,Slum Rehabilitation & EWS Flat Allocation,Asset & Equipment Subsidy,250000.0,One-Time,"Subsidized ownership allotment of 1BHK flats with basic civic amenities. (₹250,000)"
1138,karnataka-phase-3-rural-toilet-water-tap-incentive,Rural Toilet & Water Tap Incentive,Direct Cash Transfer (DBT),12000.0,One-Time,"Financial assistance for individual household latrines and clean piped tap. (₹12,000)"
1139,karnataka-phase-3-micro-enterprise-collateral-free-loan,Micro Enterprise Collateral-Free Loan,Subsidized / Collateral-Free Loan,1000000.0,One-Time,"Guaranteed working capital and equipment loan up to ₹10 Lakh at subsidized interest. (₹200,000)"
1140,karnataka-phase-3-women-entrepreneur-startup-grant,Women Entrepreneur Startup Grant,Direct Cash Transfer (DBT),100000.0,One-Time,"Seed funding capital grant for innovative women-founded MSME ventures. (₹100,000)"
1141,karnataka-phase-3-export-promotion-quality-certification-subsidy,Export Promotion & Quality Certification Subsidy,Asset & Equipment Subsidy,75000.0,One-Time,"Reimbursement for ISO, ZED, and international trade mark registration costs. (₹75,000)"
1142,karnataka-phase-3-credit-linked-capital-subsidy-for-tech-upgradation,Credit Linked Capital Subsidy for Tech Upgradation,Asset & Equipment Subsidy,150000.0,One-Time,"15% upfront capital subsidy for machinery modernization in manufacturing. (₹150,000)"
1143,karnataka-phase-3-e-vehicle-green-mobility-subsidy,E-Vehicle & Green Mobility Subsidy,Asset & Equipment Subsidy,20000.0,One-Time,"Direct cash incentive on purchase of electric 2-wheelers and 3-wheelers. (₹20,000)"
1144,karnataka-phase-3-rainwater-harvesting-ground-water-recharge-grant,Rainwater Harvesting & Ground Water Recharge Grant,Asset & Equipment Subsidy,15000.0,One-Time,"Subsidized rooftop rainwater harvesting system for individual residences. (₹15,000)"
1150,kerala-fisheries-pond-biofloc-support,Fisheries Pond & Biofloc Support,Direct Cash Transfer (DBT),50000.0,One-Time,"Capital grant for biofloc fish farming, fingerling supply, and aerators. (₹50,000)"
1151,kerala-soil-health-organic-farming-mission,Soil Health & Organic Farming Mission,Direct Cash Transfer (DBT),8000.0,One-Time,"Free soil nutrient testing kit and bio-compost financial top-up grant. (₹8,000)"
1152,kerala-farm-mechanization-rotavator-subsidy,Farm Mechanization & Rotavator Subsidy,Asset & Equipment Subsidy,60000.0,One-Time,"Up to 50% subsidy on modern harvesters, rotavators, and custom hiring centers. (₹60,000)"
1153,kerala-post-matric-merit-scholarship,Post-Matric Merit Scholarship,Scholarship & Academic Stipend,18000.0,One-Time,"Tuition fee waiver and maintenance stipend for higher collegiate education. (₹18,000)"
1154,kerala-free-digital-tablet-laptop-distribution,Free Digital Tablet & Laptop Distribution,Asset & Equipment Subsidy,15000.0,One-Time,"High-speed digital learning devices distributed to meritorious board students. (₹15,000)"
1155,kerala-competitive-exam-coaching-assistance,Competitive Exam Coaching Assistance,Scholarship & Academic Stipend,50000.0,One-Time,"100% sponsored classroom coaching for UPSC, PSC, JEE, and NEET exams. (₹50,000)"
1156,kerala-girl-child-higher-education-incentive,Girl Child Higher Education Incentive,Direct Cash Transfer (DBT),25000.0,One-Time,"Direct milestone grant upon enrolling in undergraduate degree programs. (₹25,000)"
1157,kerala-technical-polytechnic-skill-stipend,Technical & Polytechnic Skill Stipend,Scholarship & Academic Stipend,12000.0,Monthly,"Monthly allowance for students pursuing diploma and industrial training. (₹12,000)"
1158,kerala-overseas-education-scholarship-for-ews,Overseas Education Scholarship for EWS,Subsidized / Collateral-Free Loan,500000.0,One-Time,"Educational loan interest subsidy for foreign universities. (₹500,000)"
1159,kerala-special-education-aid-for-divyang-students,Special Education Aid for Divyang Students,Direct Cash Transfer (DBT),20000.0,One-Time,"Assistive braille, hearing aids, and transport allowance for disabled students. (₹20,000)"
1160,kerala-matru-kalyan-nutrition-dbt,Matru Kalyan & Nutrition DBT,Subsidized Food & Nutrition,6000.0,One-Time,"Conditional cash transfer across pregnancy trimesters and post-natal care. (₹6,000)"
1161,kerala-mahila-swavalamban-livelihood-grant,Mahila Swavalamban Livelihood Grant,Direct Cash Transfer (DBT),50000.0,One-Time,"Revolving seed fund for women Self-Help Groups (SHGs) to start enterprises. (₹50,000)"
1162,kerala-kanya-vivah-marriage-assistance,Kanya Vivah & Marriage Assistance,Direct Cash Transfer (DBT),51000.0,One-Time,"Direct financial grant for marriage of daughters from economically weaker families. (₹51,000)"
1163,kerala-working-women-hostel-transport-subsidy,Working Women Hostel & Transport Subsidy,Asset & Equipment Subsidy,15000.0,Monthly,"Subsidized secure safe housing and monthly urban commute pass. (₹15,000)"
1164,kerala-single-mother-destitute-women-pension,Single Mother & Destitute Women Pension,Monthly Social Security Pension,15000.0,Monthly,"Monthly social security pension for widowed and abandoned women. (₹15,000)"
1165,kerala-sukanya-samriddhi-high-interest-top-up,Sukanya Samriddhi High-Interest Top-Up,Asset & Equipment Subsidy,10000.0,One-Time,"State government interest subsidy top-up on girl child savings accounts. (₹10,000)"
1166,kerala-universal-cashless-health-insurance,Universal Cashless Health Insurance,Health & Accidental Insurance Cover,500000.0,Annual,"Annual cashless hospitalization and surgical treatment cover in network hospitals. (₹500,000)"
1167,kerala-critical-illness-relief-fund-cancer-kidney,Critical Illness Relief Fund (Cancer & Kidney),Health & Accidental Insurance Cover,200000.0,Claim-Based,"One-time financial relief grant for dialysis, chemotherapy, and heart surgery. (₹200,000)"
1168,kerala-free-diagnostic-tests-medicine-scheme,Free Diagnostic Tests & Medicine Scheme,Direct Cash Transfer (DBT),10000.0,One-Time,"100% free prescription drugs and pathology tests at government clinics. (₹10,000)"
1169,kerala-senior-citizen-specialized-geriatric-care,Senior Citizen Specialized Geriatric Care,Direct Cash Transfer (DBT),15000.0,One-Time,"Free cataract surgeries, hearing aids, and doorstep chronic care medicine. (₹15,000)"
1170,kerala-emergency-accidental-trauma-insurance,Emergency Accidental Trauma Insurance,Health & Accidental Insurance Cover,100000.0,Claim-Based,"Immediate cashless golden-hour emergency trauma care coverage. (₹100,000)"
1171,kerala-old-age-social-security-pension,Old Age Social Security Pension,Monthly Social Security Pension,12000.0,Monthly,"Monthly direct benefit transfer pension for elderly citizens aged 60 and above. (₹12,000)"
1172,kerala-divyangjan-disability-monthly-pension,Divyangjan Disability Monthly Pension,Monthly Social Security Pension,18000.0,Monthly,"Monthly financial support and motorized tricycle allowance for disabled persons. (₹18,000)"
1173,kerala-antyodaya-subsidized-food-security,Antyodaya Subsidized Food Security,Subsidized Food & Nutrition,8000.0,Monthly,"Subsidized monthly ration of 35kg foodgrains for poorest-of-poor households. (₹8,000)"
1174,kerala-sanitation-workers-rehabilitation-grant,Sanitation Workers Rehabilitation Grant,Asset & Equipment Subsidy,40000.0,One-Time,"Capital subsidy and skill retraining for sanitary workers and sewer workers. (₹40,000)"
1175,kerala-tribal-livelihood-forest-produce-grant,Tribal Livelihood & Forest Produce Grant,Asset & Equipment Subsidy,20000.0,One-Time,"Direct procurement support and value addition subsidy for minor forest produce. (₹20,000)"
1176,kerala-youth-apprenticeship-monthly-stipend,Youth Apprenticeship Monthly Stipend,Scholarship & Academic Stipend,18000.0,Monthly,"Direct government stipend top-up for technical industrial apprenticeships. (₹18,000)"
1177,kerala-artisan-craftsman-modern-tool-kit-grant,Artisan & Craftsman Modern Tool Kit Grant,Subsidized / Collateral-Free Loan,20000.0,One-Time,"Free motorized toolkits and collateral-free micro credit for traditional artisans. (₹20,000)"
1178,kerala-rural-youth-driving-heavy-machinery-training,Rural Youth Driving & Heavy Machinery Training,Asset & Equipment Subsidy,25000.0,One-Time,"100% sponsored commercial vehicle and excavator driver training. (₹25,000)"
1179,kerala-it-emerging-tech-bootcamp-voucher,IT & Emerging Tech Bootcamp Voucher,Scholarship & Academic Stipend,35000.0,One-Time,"Full tuition sponsorship for AI, Cloud, and Software certification bootcamps. (₹35,000)"
1180,kerala-self-employment-micro-credit-guarantee,Self-Employment Micro-Credit Guarantee,Subsidized / Collateral-Free Loan,500000.0,One-Time,"Collateral-free subsidized loan up to ₹5 Lakh for starting local enterprises. (₹100,000)"
1181,kerala-pucca-house-construction-subsidy,Pucca House Construction Subsidy,Asset & Equipment Subsidy,150000.0,Quarterly,"Direct installment financial grant for building disaster-resilient pucca home. (₹150,000)"
1182,kerala-rooftop-solar-green-energy-assistance,Rooftop Solar & Green Energy Assistance,Asset & Equipment Subsidy,50000.0,One-Time,"Capital subsidy for grid-connected rooftop solar installation for homeowners. (₹50,000)"
1183,kerala-slum-rehabilitation-ews-flat-allocation,Slum Rehabilitation & EWS Flat Allocation,Asset & Equipment Subsidy,250000.0,One-Time,"Subsidized ownership allotment of 1BHK flats with basic civic amenities. (₹250,000)"
1184,kerala-rural-toilet-water-tap-incentive,Rural Toilet & Water Tap Incentive,Direct Cash Transfer (DBT),12000.0,One-Time,"Financial assistance for individual household latrines and clean piped tap. (₹12,000)"
1185,kerala-micro-enterprise-collateral-free-loan,Micro Enterprise Collateral-Free Loan,Subsidized / Collateral-Free Loan,1000000.0,One-Time,"Guaranteed working capital and equipment loan up to ₹10 Lakh at subsidized interest. (₹200,000)"
1186,kerala-women-entrepreneur-startup-grant,Women Entrepreneur Startup Grant,Direct Cash Transfer (DBT),100000.0,One-Time,"Seed funding capital grant for innovative women-founded MSME ventures. (₹100,000)"
1187,kerala-export-promotion-quality-certification-subsidy,Export Promotion & Quality Certification Subsidy,Asset & Equipment Subsidy,75000.0,One-Time,"Reimbursement for ISO, ZED, and international trade mark registration costs. (₹75,000)"
1188,kerala-credit-linked-capital-subsidy-for-tech-upgradation,Credit Linked Capital Subsidy for Tech Upgradation,Asset & Equipment Subsidy,150000.0,One-Time,"15% upfront capital subsidy for machinery modernization in manufacturing. (₹150,000)"
1189,kerala-e-vehicle-green-mobility-subsidy,E-Vehicle & Green Mobility Subsidy,Asset & Equipment Subsidy,20000.0,One-Time,"Direct cash incentive on purchase of electric 2-wheelers and 3-wheelers. (₹20,000)"
1190,kerala-rainwater-harvesting-ground-water-recharge-grant,Rainwater Harvesting & Ground Water Recharge Grant,Asset & Equipment Subsidy,15000.0,One-Time,"Subsidized rooftop rainwater harvesting system for individual residences. (₹15,000)"
1191,kerala-bio-gas-cattle-dung-renewable-plant-subsidy,Bio-Gas & Cattle Dung Renewable Plant Subsidy,Asset & Equipment Subsidy,18000.0,One-Time,"Financial support for installing domestic Gobar-Dhan biogas units. (₹18,000)"
1192,kerala-phase-2-kisan-samriddhi-crop-assistance,Kisan Samriddhi & Crop Assistance,Asset & Equipment Subsidy,6000.0,One-Time,"Financial input subsidy for seed, fertilizer, and organic cultivation equipment. (₹6,000)"
1193,kerala-phase-2-solar-krishi-pump-subsidy,Solar Krishi Pump Subsidy,Asset & Equipment Subsidy,75000.0,One-Time,"Up to 90% capital subsidy for installing off-grid solar irrigation pumps. (₹75,000)"
1194,kerala-phase-2-horticulture-drip-irrigation-grant,Horticulture & Drip Irrigation Grant,Asset & Equipment Subsidy,25000.0,One-Time,"Direct subsidy for drip, sprinkler, and precision micro-irrigation installation. (₹25,000)"
1195,kerala-phase-2-dairy-cattle-development-incentive,Dairy & Cattle Development Incentive,Direct Cash Transfer (DBT),40000.0,One-Time,"Financial assistance for purchasing high-yield milch cows and buffaloes. (₹40,000)"
1196,kerala-phase-2-fodder-cultivation-animal-care-grant,Fodder Cultivation & Animal Care Grant,Asset & Equipment Subsidy,12000.0,One-Time,"Subsidized silage, quality seeds, and livestock health vaccination support. (₹12,000)"
1197,kerala-phase-2-fisheries-pond-biofloc-support,Fisheries Pond & Biofloc Support,Direct Cash Transfer (DBT),50000.0,One-Time,"Capital grant for biofloc fish farming, fingerling supply, and aerators. (₹50,000)"
1198,kerala-phase-2-soil-health-organic-farming-mission,Soil Health & Organic Farming Mission,Direct Cash Transfer (DBT),8000.0,One-Time,"Free soil nutrient testing kit and bio-compost financial top-up grant. (₹8,000)"
1199,kerala-phase-2-farm-mechanization-rotavator-subsidy,Farm Mechanization & Rotavator Subsidy,Asset & Equipment Subsidy,60000.0,One-Time,"Up to 50% subsidy on modern harvesters, rotavators, and custom hiring centers. (₹60,000)"
1200,kerala-phase-2-post-matric-merit-scholarship,Post-Matric Merit Scholarship,Scholarship & Academic Stipend,18000.0,One-Time,"Tuition fee waiver and maintenance stipend for higher collegiate education. (₹18,000)"
1201,kerala-phase-2-free-digital-tablet-laptop-distribution,Free Digital Tablet & Laptop Distribution,Asset & Equipment Subsidy,15000.0,One-Time,"High-speed digital learning devices distributed to meritorious board students. (₹15,000)"
1202,kerala-phase-2-competitive-exam-coaching-assistance,Competitive Exam Coaching Assistance,Scholarship & Academic Stipend,50000.0,One-Time,"100% sponsored classroom coaching for UPSC, PSC, JEE, and NEET exams. (₹50,000)"
1203,kerala-phase-2-girl-child-higher-education-incentive,Girl Child Higher Education Incentive,Direct Cash Transfer (DBT),25000.0,One-Time,"Direct milestone grant upon enrolling in undergraduate degree programs. (₹25,000)"
1204,kerala-phase-2-technical-polytechnic-skill-stipend,Technical & Polytechnic Skill Stipend,Scholarship & Academic Stipend,12000.0,Monthly,"Monthly allowance for students pursuing diploma and industrial training. (₹12,000)"
1205,kerala-phase-2-overseas-education-scholarship-for-ews,Overseas Education Scholarship for EWS,Subsidized / Collateral-Free Loan,500000.0,One-Time,"Educational loan interest subsidy for foreign universities. (₹500,000)"
1206,kerala-phase-2-special-education-aid-for-divyang-students,Special Education Aid for Divyang Students,Direct Cash Transfer (DBT),20000.0,One-Time,"Assistive braille, hearing aids, and transport allowance for disabled students. (₹20,000)"
1207,kerala-phase-2-matru-kalyan-nutrition-dbt,Matru Kalyan & Nutrition DBT,Subsidized Food & Nutrition,6000.0,One-Time,"Conditional cash transfer across pregnancy trimesters and post-natal care. (₹6,000)"
1208,kerala-phase-2-mahila-swavalamban-livelihood-grant,Mahila Swavalamban Livelihood Grant,Direct Cash Transfer (DBT),50000.0,One-Time,"Revolving seed fund for women Self-Help Groups (SHGs) to start enterprises. (₹50,000)"
1209,kerala-phase-2-kanya-vivah-marriage-assistance,Kanya Vivah & Marriage Assistance,Direct Cash Transfer (DBT),51000.0,One-Time,"Direct financial grant for marriage of daughters from economically weaker families. (₹51,000)"
1210,kerala-phase-2-working-women-hostel-transport-subsidy,Working Women Hostel & Transport Subsidy,Asset & Equipment Subsidy,15000.0,Monthly,"Subsidized secure safe housing and monthly urban commute pass. (₹15,000)"
1211,kerala-phase-2-single-mother-destitute-women-pension,Single Mother & Destitute Women Pension,Monthly Social Security Pension,15000.0,Monthly,"Monthly social security pension for widowed and abandoned women. (₹15,000)"
1212,kerala-phase-2-sukanya-samriddhi-high-interest-top-up,Sukanya Samriddhi High-Interest Top-Up,Asset & Equipment Subsidy,10000.0,One-Time,"State government interest subsidy top-up on girl child savings accounts. (₹10,000)"
1213,kerala-phase-2-universal-cashless-health-insurance,Universal Cashless Health Insurance,Health & Accidental Insurance Cover,500000.0,Annual,"Annual cashless hospitalization and surgical treatment cover in network hospitals. (₹500,000)"
1214,kerala-phase-2-critical-illness-relief-fund-cancer-kidney,Critical Illness Relief Fund (Cancer & Kidney),Health & Accidental Insurance Cover,200000.0,Claim-Based,"One-time financial relief grant for dialysis, chemotherapy, and heart surgery. (₹200,000)"
1215,kerala-phase-2-free-diagnostic-tests-medicine-scheme,Free Diagnostic Tests & Medicine Scheme,Direct Cash Transfer (DBT),10000.0,One-Time,"100% free prescription drugs and pathology tests at government clinics. (₹10,000)"
1216,kerala-phase-2-senior-citizen-specialized-geriatric-care,Senior Citizen Specialized Geriatric Care,Direct Cash Transfer (DBT),15000.0,One-Time,"Free cataract surgeries, hearing aids, and doorstep chronic care medicine. (₹15,000)"
1217,kerala-phase-2-emergency-accidental-trauma-insurance,Emergency Accidental Trauma Insurance,Health & Accidental Insurance Cover,100000.0,Claim-Based,"Immediate cashless golden-hour emergency trauma care coverage. (₹100,000)"
1218,kerala-phase-2-old-age-social-security-pension,Old Age Social Security Pension,Monthly Social Security Pension,12000.0,Monthly,"Monthly direct benefit transfer pension for elderly citizens aged 60 and above. (₹12,000)"
1219,kerala-phase-2-divyangjan-disability-monthly-pension,Divyangjan Disability Monthly Pension,Monthly Social Security Pension,18000.0,Monthly,"Monthly financial support and motorized tricycle allowance for disabled persons. (₹18,000)"
1220,kerala-phase-2-antyodaya-subsidized-food-security,Antyodaya Subsidized Food Security,Subsidized Food & Nutrition,8000.0,Monthly,"Subsidized monthly ration of 35kg foodgrains for poorest-of-poor households. (₹8,000)"
1221,kerala-phase-2-sanitation-workers-rehabilitation-grant,Sanitation Workers Rehabilitation Grant,Asset & Equipment Subsidy,40000.0,One-Time,"Capital subsidy and skill retraining for sanitary workers and sewer workers. (₹40,000)"
1222,kerala-phase-2-tribal-livelihood-forest-produce-grant,Tribal Livelihood & Forest Produce Grant,Asset & Equipment Subsidy,20000.0,One-Time,"Direct procurement support and value addition subsidy for minor forest produce. (₹20,000)"
1223,kerala-phase-2-youth-apprenticeship-monthly-stipend,Youth Apprenticeship Monthly Stipend,Scholarship & Academic Stipend,18000.0,Monthly,"Direct government stipend top-up for technical industrial apprenticeships. (₹18,000)"
1224,kerala-phase-2-artisan-craftsman-modern-tool-kit-grant,Artisan & Craftsman Modern Tool Kit Grant,Subsidized / Collateral-Free Loan,20000.0,One-Time,"Free motorized toolkits and collateral-free micro credit for traditional artisans. (₹20,000)"
1225,kerala-phase-2-rural-youth-driving-heavy-machinery-training,Rural Youth Driving & Heavy Machinery Training,Asset & Equipment Subsidy,25000.0,One-Time,"100% sponsored commercial vehicle and excavator driver training. (₹25,000)"
1226,kerala-phase-2-it-emerging-tech-bootcamp-voucher,IT & Emerging Tech Bootcamp Voucher,Scholarship & Academic Stipend,35000.0,One-Time,"Full tuition sponsorship for AI, Cloud, and Software certification bootcamps. (₹35,000)"
1227,kerala-phase-2-self-employment-micro-credit-guarantee,Self-Employment Micro-Credit Guarantee,Subsidized / Collateral-Free Loan,500000.0,One-Time,"Collateral-free subsidized loan up to ₹5 Lakh for starting local enterprises. (₹100,000)"
1228,kerala-phase-2-pucca-house-construction-subsidy,Pucca House Construction Subsidy,Asset & Equipment Subsidy,150000.0,Quarterly,"Direct installment financial grant for building disaster-resilient pucca home. (₹150,000)"
1229,kerala-phase-2-rooftop-solar-green-energy-assistance,Rooftop Solar & Green Energy Assistance,Asset & Equipment Subsidy,50000.0,One-Time,"Capital subsidy for grid-connected rooftop solar installation for homeowners. (₹50,000)"
1230,kerala-phase-2-slum-rehabilitation-ews-flat-allocation,Slum Rehabilitation & EWS Flat Allocation,Asset & Equipment Subsidy,250000.0,One-Time,"Subsidized ownership allotment of 1BHK flats with basic civic amenities. (₹250,000)"
1231,kerala-phase-2-rural-toilet-water-tap-incentive,Rural Toilet & Water Tap Incentive,Direct Cash Transfer (DBT),12000.0,One-Time,"Financial assistance for individual household latrines and clean piped tap. (₹12,000)"
1232,kerala-phase-2-micro-enterprise-collateral-free-loan,Micro Enterprise Collateral-Free Loan,Subsidized / Collateral-Free Loan,1000000.0,One-Time,"Guaranteed working capital and equipment loan up to ₹10 Lakh at subsidized interest. (₹200,000)"
1233,kerala-phase-2-women-entrepreneur-startup-grant,Women Entrepreneur Startup Grant,Direct Cash Transfer (DBT),100000.0,One-Time,"Seed funding capital grant for innovative women-founded MSME ventures. (₹100,000)"
1234,kerala-phase-2-export-promotion-quality-certification-subsidy,Export Promotion & Quality Certification Subsidy,Asset & Equipment Subsidy,75000.0,One-Time,"Reimbursement for ISO, ZED, and international trade mark registration costs. (₹75,000)"
1235,kerala-phase-2-credit-linked-capital-subsidy-for-tech-upgradation,Credit Linked Capital Subsidy for Tech Upgradation,Asset & Equipment Subsidy,150000.0,One-Time,"15% upfront capital subsidy for machinery modernization in manufacturing. (₹150,000)"
1236,kerala-phase-2-e-vehicle-green-mobility-subsidy,E-Vehicle & Green Mobility Subsidy,Asset & Equipment Subsidy,20000.0,One-Time,"Direct cash incentive on purchase of electric 2-wheelers and 3-wheelers. (₹20,000)"
1237,kerala-phase-2-rainwater-harvesting-ground-water-recharge-grant,Rainwater Harvesting & Ground Water Recharge Grant,Asset & Equipment Subsidy,15000.0,One-Time,"Subsidized rooftop rainwater harvesting system for individual residences. (₹15,000)"
1238,kerala-phase-2-bio-gas-cattle-dung-renewable-plant-subsidy,Bio-Gas & Cattle Dung Renewable Plant Subsidy,Asset & Equipment Subsidy,18000.0,One-Time,"Financial support for installing domestic Gobar-Dhan biogas units. (₹18,000)"
1239,kerala-phase-3-kisan-samriddhi-crop-assistance,Kisan Samriddhi & Crop Assistance,Asset & Equipment Subsidy,6000.0,One-Time,"Financial input subsidy for seed, fertilizer, and organic cultivation equipment. (₹6,000)"
1240,kerala-phase-3-solar-krishi-pump-subsidy,Solar Krishi Pump Subsidy,Asset & Equipment Subsidy,75000.0,One-Time,"Up to 90% capital subsidy for installing off-grid solar irrigation pumps. (₹75,000)"
1241,kerala-phase-3-horticulture-drip-irrigation-grant,Horticulture & Drip Irrigation Grant,Asset & Equipment Subsidy,25000.0,One-Time,"Direct subsidy for drip, sprinkler, and precision micro-irrigation installation. (₹25,000)"
1242,kerala-phase-3-dairy-cattle-development-incentive,Dairy & Cattle Development Incentive,Direct Cash Transfer (DBT),40000.0,One-Time,"Financial assistance for purchasing high-yield milch cows and buffaloes. (₹40,000)"
1243,kerala-phase-3-fodder-cultivation-animal-care-grant,Fodder Cultivation & Animal Care Grant,Asset & Equipment Subsidy,12000.0,One-Time,"Subsidized silage, quality seeds, and livestock health vaccination support. (₹12,000)"
1244,kerala-phase-3-fisheries-pond-biofloc-support,Fisheries Pond & Biofloc Support,Direct Cash Transfer (DBT),50000.0,One-Time,"Capital grant for biofloc fish farming, fingerling supply, and aerators. (₹50,000)"
1245,kerala-phase-3-soil-health-organic-farming-mission,Soil Health & Organic Farming Mission,Direct Cash Transfer (DBT),8000.0,One-Time,"Free soil nutrient testing kit and bio-compost financial top-up grant. (₹8,000)"
1246,kerala-phase-3-farm-mechanization-rotavator-subsidy,Farm Mechanization & Rotavator Subsidy,Asset & Equipment Subsidy,60000.0,One-Time,"Up to 50% subsidy on modern harvesters, rotavators, and custom hiring centers. (₹60,000)"
1247,kerala-phase-3-post-matric-merit-scholarship,Post-Matric Merit Scholarship,Scholarship & Academic Stipend,18000.0,One-Time,"Tuition fee waiver and maintenance stipend for higher collegiate education. (₹18,000)"
1248,kerala-phase-3-free-digital-tablet-laptop-distribution,Free Digital Tablet & Laptop Distribution,Asset & Equipment Subsidy,15000.0,One-Time,"High-speed digital learning devices distributed to meritorious board students. (₹15,000)"
1249,kerala-phase-3-competitive-exam-coaching-assistance,Competitive Exam Coaching Assistance,Scholarship & Academic Stipend,50000.0,One-Time,"100% sponsored classroom coaching for UPSC, PSC, JEE, and NEET exams. (₹50,000)"
1250,kerala-phase-3-girl-child-higher-education-incentive,Girl Child Higher Education Incentive,Direct Cash Transfer (DBT),25000.0,One-Time,"Direct milestone grant upon enrolling in undergraduate degree programs. (₹25,000)"
1251,kerala-phase-3-technical-polytechnic-skill-stipend,Technical & Polytechnic Skill Stipend,Scholarship & Academic Stipend,12000.0,Monthly,"Monthly allowance for students pursuing diploma and industrial training. (₹12,000)"
1252,kerala-phase-3-overseas-education-scholarship-for-ews,Overseas Education Scholarship for EWS,Subsidized / Collateral-Free Loan,500000.0,One-Time,"Educational loan interest subsidy for foreign universities. (₹500,000)"
1253,kerala-phase-3-special-education-aid-for-divyang-students,Special Education Aid for Divyang Students,Direct Cash Transfer (DBT),20000.0,One-Time,"Assistive braille, hearing aids, and transport allowance for disabled students. (₹20,000)"
1254,kerala-phase-3-matru-kalyan-nutrition-dbt,Matru Kalyan & Nutrition DBT,Subsidized Food & Nutrition,6000.0,One-Time,"Conditional cash transfer across pregnancy trimesters and post-natal care. (₹6,000)"
1255,kerala-phase-3-mahila-swavalamban-livelihood-grant,Mahila Swavalamban Livelihood Grant,Direct Cash Transfer (DBT),50000.0,One-Time,"Revolving seed fund for women Self-Help Groups (SHGs) to start enterprises. (₹50,000)"
1256,kerala-phase-3-kanya-vivah-marriage-assistance,Kanya Vivah & Marriage Assistance,Direct Cash Transfer (DBT),51000.0,One-Time,"Direct financial grant for marriage of daughters from economically weaker families. (₹51,000)"
1257,kerala-phase-3-working-women-hostel-transport-subsidy,Working Women Hostel & Transport Subsidy,Asset & Equipment Subsidy,15000.0,Monthly,"Subsidized secure safe housing and monthly urban commute pass. (₹15,000)"
1258,kerala-phase-3-single-mother-destitute-women-pension,Single Mother & Destitute Women Pension,Monthly Social Security Pension,15000.0,Monthly,"Monthly social security pension for widowed and abandoned women. (₹15,000)"
1259,kerala-phase-3-sukanya-samriddhi-high-interest-top-up,Sukanya Samriddhi High-Interest Top-Up,Asset & Equipment Subsidy,10000.0,One-Time,"State government interest subsidy top-up on girl child savings accounts. (₹10,000)"
1260,kerala-phase-3-universal-cashless-health-insurance,Universal Cashless Health Insurance,Health & Accidental Insurance Cover,500000.0,Annual,"Annual cashless hospitalization and surgical treatment cover in network hospitals. (₹500,000)"
1261,kerala-phase-3-critical-illness-relief-fund-cancer-kidney,Critical Illness Relief Fund (Cancer & Kidney),Health & Accidental Insurance Cover,200000.0,Claim-Based,"One-time financial relief grant for dialysis, chemotherapy, and heart surgery. (₹200,000)"
1262,kerala-phase-3-free-diagnostic-tests-medicine-scheme,Free Diagnostic Tests & Medicine Scheme,Direct Cash Transfer (DBT),10000.0,One-Time,"100% free prescription drugs and pathology tests at government clinics. (₹10,000)"
1263,kerala-phase-3-senior-citizen-specialized-geriatric-care,Senior Citizen Specialized Geriatric Care,Direct Cash Transfer (DBT),15000.0,One-Time,"Free cataract surgeries, hearing aids, and doorstep chronic care medicine. (₹15,000)"
1264,kerala-phase-3-emergency-accidental-trauma-insurance,Emergency Accidental Trauma Insurance,Health & Accidental Insurance Cover,100000.0,Claim-Based,"Immediate cashless golden-hour emergency trauma care coverage. (₹100,000)"
1265,kerala-phase-3-old-age-social-security-pension,Old Age Social Security Pension,Monthly Social Security Pension,12000.0,Monthly,"Monthly direct benefit transfer pension for elderly citizens aged 60 and above. (₹12,000)"
1266,kerala-phase-3-divyangjan-disability-monthly-pension,Divyangjan Disability Monthly Pension,Monthly Social Security Pension,18000.0,Monthly,"Monthly financial support and motorized tricycle allowance for disabled persons. (₹18,000)"
1267,kerala-phase-3-antyodaya-subsidized-food-security,Antyodaya Subsidized Food Security,Subsidized Food & Nutrition,8000.0,Monthly,"Subsidized monthly ration of 35kg foodgrains for poorest-of-poor households. (₹8,000)"
1268,kerala-phase-3-sanitation-workers-rehabilitation-grant,Sanitation Workers Rehabilitation Grant,Asset & Equipment Subsidy,40000.0,One-Time,"Capital subsidy and skill retraining for sanitary workers and sewer workers. (₹40,000)"
1269,kerala-phase-3-tribal-livelihood-forest-produce-grant,Tribal Livelihood & Forest Produce Grant,Asset & Equipment Subsidy,20000.0,One-Time,"Direct procurement support and value addition subsidy for minor forest produce. (₹20,000)"
1270,kerala-phase-3-youth-apprenticeship-monthly-stipend,Youth Apprenticeship Monthly Stipend,Scholarship & Academic Stipend,18000.0,Monthly,"Direct government stipend top-up for technical industrial apprenticeships. (₹18,000)"
1271,kerala-phase-3-artisan-craftsman-modern-tool-kit-grant,Artisan & Craftsman Modern Tool Kit Grant,Subsidized / Collateral-Free Loan,20000.0,One-Time,"Free motorized toolkits and collateral-free micro credit for traditional artisans. (₹20,000)"
1272,kerala-phase-3-rural-youth-driving-heavy-machinery-training,Rural Youth Driving & Heavy Machinery Training,Asset & Equipment Subsidy,25000.0,One-Time,"100% sponsored commercial vehicle and excavator driver training. (₹25,000)"
1273,kerala-phase-3-it-emerging-tech-bootcamp-voucher,IT & Emerging Tech Bootcamp Voucher,Scholarship & Academic Stipend,35000.0,One-Time,"Full tuition sponsorship for AI, Cloud, and Software certification bootcamps. (₹35,000)"
1274,kerala-phase-3-self-employment-micro-credit-guarantee,Self-Employment Micro-Credit Guarantee,Subsidized / Collateral-Free Loan,500000.0,One-Time,"Collateral-free subsidized loan up to ₹5 Lakh for starting local enterprises. (₹100,000)"
1275,madhya-pradesh-kisan-samriddhi-crop-assistance,Kisan Samriddhi & Crop Assistance,Asset & Equipment Subsidy,6000.0,One-Time,"Financial input subsidy for seed, fertilizer, and organic cultivation equipment. (₹6,000)"
1276,madhya-pradesh-solar-krishi-pump-subsidy,Solar Krishi Pump Subsidy,Asset & Equipment Subsidy,75000.0,One-Time,"Up to 90% capital subsidy for installing off-grid solar irrigation pumps. (₹75,000)"
1277,madhya-pradesh-horticulture-drip-irrigation-grant,Horticulture & Drip Irrigation Grant,Asset & Equipment Subsidy,25000.0,One-Time,"Direct subsidy for drip, sprinkler, and precision micro-irrigation installation. (₹25,000)"
1278,madhya-pradesh-dairy-cattle-development-incentive,Dairy & Cattle Development Incentive,Direct Cash Transfer (DBT),40000.0,One-Time,"Financial assistance for purchasing high-yield milch cows and buffaloes. (₹40,000)"
1279,madhya-pradesh-fodder-cultivation-animal-care-grant,Fodder Cultivation & Animal Care Grant,Asset & Equipment Subsidy,12000.0,One-Time,"Subsidized silage, quality seeds, and livestock health vaccination support. (₹12,000)"
1280,madhya-pradesh-fisheries-pond-biofloc-support,Fisheries Pond & Biofloc Support,Direct Cash Transfer (DBT),50000.0,One-Time,"Capital grant for biofloc fish farming, fingerling supply, and aerators. (₹50,000)"
1281,madhya-pradesh-soil-health-organic-farming-mission,Soil Health & Organic Farming Mission,Direct Cash Transfer (DBT),8000.0,One-Time,"Free soil nutrient testing kit and bio-compost financial top-up grant. (₹8,000)"
1282,madhya-pradesh-farm-mechanization-rotavator-subsidy,Farm Mechanization & Rotavator Subsidy,Asset & Equipment Subsidy,60000.0,One-Time,"Up to 50% subsidy on modern harvesters, rotavators, and custom hiring centers. (₹60,000)"
1283,madhya-pradesh-post-matric-merit-scholarship,Post-Matric Merit Scholarship,Scholarship & Academic Stipend,18000.0,One-Time,"Tuition fee waiver and maintenance stipend for higher collegiate education. (₹18,000)"
1284,madhya-pradesh-free-digital-tablet-laptop-distribution,Free Digital Tablet & Laptop Distribution,Asset & Equipment Subsidy,15000.0,One-Time,"High-speed digital learning devices distributed to meritorious board students. (₹15,000)"
1285,madhya-pradesh-competitive-exam-coaching-assistance,Competitive Exam Coaching Assistance,Scholarship & Academic Stipend,50000.0,One-Time,"100% sponsored classroom coaching for UPSC, PSC, JEE, and NEET exams. (₹50,000)"
1286,madhya-pradesh-girl-child-higher-education-incentive,Girl Child Higher Education Incentive,Direct Cash Transfer (DBT),25000.0,One-Time,"Direct milestone grant upon enrolling in undergraduate degree programs. (₹25,000)"
1287,madhya-pradesh-technical-polytechnic-skill-stipend,Technical & Polytechnic Skill Stipend,Scholarship & Academic Stipend,12000.0,Monthly,"Monthly allowance for students pursuing diploma and industrial training. (₹12,000)"
1288,madhya-pradesh-overseas-education-scholarship-for-ews,Overseas Education Scholarship for EWS,Subsidized / Collateral-Free Loan,500000.0,One-Time,"Educational loan interest subsidy for foreign universities. (₹500,000)"
1289,madhya-pradesh-special-education-aid-for-divyang-students,Special Education Aid for Divyang Students,Direct Cash Transfer (DBT),20000.0,One-Time,"Assistive braille, hearing aids, and transport allowance for disabled students. (₹20,000)"
1290,madhya-pradesh-matru-kalyan-nutrition-dbt,Matru Kalyan & Nutrition DBT,Subsidized Food & Nutrition,6000.0,One-Time,"Conditional cash transfer across pregnancy trimesters and post-natal care. (₹6,000)"
1291,madhya-pradesh-mahila-swavalamban-livelihood-grant,Mahila Swavalamban Livelihood Grant,Direct Cash Transfer (DBT),50000.0,One-Time,"Revolving seed fund for women Self-Help Groups (SHGs) to start enterprises. (₹50,000)"
1292,madhya-pradesh-kanya-vivah-marriage-assistance,Kanya Vivah & Marriage Assistance,Direct Cash Transfer (DBT),51000.0,One-Time,"Direct financial grant for marriage of daughters from economically weaker families. (₹51,000)"
1293,madhya-pradesh-working-women-hostel-transport-subsidy,Working Women Hostel & Transport Subsidy,Asset & Equipment Subsidy,15000.0,Monthly,"Subsidized secure safe housing and monthly urban commute pass. (₹15,000)"
1294,madhya-pradesh-single-mother-destitute-women-pension,Single Mother & Destitute Women Pension,Monthly Social Security Pension,15000.0,Monthly,"Monthly social security pension for widowed and abandoned women. (₹15,000)"
1295,madhya-pradesh-sukanya-samriddhi-high-interest-top-up,Sukanya Samriddhi High-Interest Top-Up,Asset & Equipment Subsidy,10000.0,One-Time,"State government interest subsidy top-up on girl child savings accounts. (₹10,000)"
1296,madhya-pradesh-universal-cashless-health-insurance,Universal Cashless Health Insurance,Health & Accidental Insurance Cover,500000.0,Annual,"Annual cashless hospitalization and surgical treatment cover in network hospitals. (₹500,000)"
1297,madhya-pradesh-critical-illness-relief-fund-cancer-kidney,Critical Illness Relief Fund (Cancer & Kidney),Health & Accidental Insurance Cover,200000.0,Claim-Based,"One-time financial relief grant for dialysis, chemotherapy, and heart surgery. (₹200,000)"
1298,madhya-pradesh-free-diagnostic-tests-medicine-scheme,Free Diagnostic Tests & Medicine Scheme,Direct Cash Transfer (DBT),10000.0,One-Time,"100% free prescription drugs and pathology tests at government clinics. (₹10,000)"
1299,madhya-pradesh-senior-citizen-specialized-geriatric-care,Senior Citizen Specialized Geriatric Care,Direct Cash Transfer (DBT),15000.0,One-Time,"Free cataract surgeries, hearing aids, and doorstep chronic care medicine. (₹15,000)"
1300,madhya-pradesh-emergency-accidental-trauma-insurance,Emergency Accidental Trauma Insurance,Health & Accidental Insurance Cover,100000.0,Claim-Based,"Immediate cashless golden-hour emergency trauma care coverage. (₹100,000)"
1301,madhya-pradesh-old-age-social-security-pension,Old Age Social Security Pension,Monthly Social Security Pension,12000.0,Monthly,"Monthly direct benefit transfer pension for elderly citizens aged 60 and above. (₹12,000)"
1302,madhya-pradesh-divyangjan-disability-monthly-pension,Divyangjan Disability Monthly Pension,Monthly Social Security Pension,18000.0,Monthly,"Monthly financial support and motorized tricycle allowance for disabled persons. (₹18,000)"
1303,madhya-pradesh-antyodaya-subsidized-food-security,Antyodaya Subsidized Food Security,Subsidized Food & Nutrition,8000.0,Monthly,"Subsidized monthly ration of 35kg foodgrains for poorest-of-poor households. (₹8,000)"
1304,madhya-pradesh-sanitation-workers-rehabilitation-grant,Sanitation Workers Rehabilitation Grant,Asset & Equipment Subsidy,40000.0,One-Time,"Capital subsidy and skill retraining for sanitary workers and sewer workers. (₹40,000)"
1305,madhya-pradesh-tribal-livelihood-forest-produce-grant,Tribal Livelihood & Forest Produce Grant,Asset & Equipment Subsidy,20000.0,One-Time,"Direct procurement support and value addition subsidy for minor forest produce. (₹20,000)"
1306,madhya-pradesh-youth-apprenticeship-monthly-stipend,Youth Apprenticeship Monthly Stipend,Scholarship & Academic Stipend,18000.0,Monthly,"Direct government stipend top-up for technical industrial apprenticeships. (₹18,000)"
1585,manipur-competitive-exam-coaching-assistance,Competitive Exam Coaching Assistance,Scholarship & Academic Stipend,50000.0,One-Time,"100% sponsored classroom coaching for UPSC, PSC, JEE, and NEET exams. (₹50,000)"
1307,madhya-pradesh-artisan-craftsman-modern-tool-kit-grant,Artisan & Craftsman Modern Tool Kit Grant,Subsidized / Collateral-Free Loan,20000.0,One-Time,"Free motorized toolkits and collateral-free micro credit for traditional artisans. (₹20,000)"
1308,madhya-pradesh-rural-youth-driving-heavy-machinery-training,Rural Youth Driving & Heavy Machinery Training,Asset & Equipment Subsidy,25000.0,One-Time,"100% sponsored commercial vehicle and excavator driver training. (₹25,000)"
1309,madhya-pradesh-it-emerging-tech-bootcamp-voucher,IT & Emerging Tech Bootcamp Voucher,Scholarship & Academic Stipend,35000.0,One-Time,"Full tuition sponsorship for AI, Cloud, and Software certification bootcamps. (₹35,000)"
1310,madhya-pradesh-self-employment-micro-credit-guarantee,Self-Employment Micro-Credit Guarantee,Subsidized / Collateral-Free Loan,500000.0,One-Time,"Collateral-free subsidized loan up to ₹5 Lakh for starting local enterprises. (₹100,000)"
1311,madhya-pradesh-pucca-house-construction-subsidy,Pucca House Construction Subsidy,Asset & Equipment Subsidy,150000.0,Quarterly,"Direct installment financial grant for building disaster-resilient pucca home. (₹150,000)"
1312,madhya-pradesh-rooftop-solar-green-energy-assistance,Rooftop Solar & Green Energy Assistance,Asset & Equipment Subsidy,50000.0,One-Time,"Capital subsidy for grid-connected rooftop solar installation for homeowners. (₹50,000)"
1313,madhya-pradesh-slum-rehabilitation-ews-flat-allocation,Slum Rehabilitation & EWS Flat Allocation,Asset & Equipment Subsidy,250000.0,One-Time,"Subsidized ownership allotment of 1BHK flats with basic civic amenities. (₹250,000)"
1314,madhya-pradesh-rural-toilet-water-tap-incentive,Rural Toilet & Water Tap Incentive,Direct Cash Transfer (DBT),12000.0,One-Time,"Financial assistance for individual household latrines and clean piped tap. (₹12,000)"
1315,madhya-pradesh-micro-enterprise-collateral-free-loan,Micro Enterprise Collateral-Free Loan,Subsidized / Collateral-Free Loan,1000000.0,One-Time,"Guaranteed working capital and equipment loan up to ₹10 Lakh at subsidized interest. (₹200,000)"
1316,madhya-pradesh-women-entrepreneur-startup-grant,Women Entrepreneur Startup Grant,Direct Cash Transfer (DBT),100000.0,One-Time,"Seed funding capital grant for innovative women-founded MSME ventures. (₹100,000)"
1317,madhya-pradesh-export-promotion-quality-certification-subsidy,Export Promotion & Quality Certification Subsidy,Asset & Equipment Subsidy,75000.0,One-Time,"Reimbursement for ISO, ZED, and international trade mark registration costs. (₹75,000)"
1318,madhya-pradesh-credit-linked-capital-subsidy-for-tech-upgradation,Credit Linked Capital Subsidy for Tech Upgradation,Asset & Equipment Subsidy,150000.0,One-Time,"15% upfront capital subsidy for machinery modernization in manufacturing. (₹150,000)"
1319,madhya-pradesh-e-vehicle-green-mobility-subsidy,E-Vehicle & Green Mobility Subsidy,Asset & Equipment Subsidy,20000.0,One-Time,"Direct cash incentive on purchase of electric 2-wheelers and 3-wheelers. (₹20,000)"
1320,madhya-pradesh-rainwater-harvesting-ground-water-recharge-grant,Rainwater Harvesting & Ground Water Recharge Grant,Asset & Equipment Subsidy,15000.0,One-Time,"Subsidized rooftop rainwater harvesting system for individual residences. (₹15,000)"
1321,madhya-pradesh-bio-gas-cattle-dung-renewable-plant-subsidy,Bio-Gas & Cattle Dung Renewable Plant Subsidy,Asset & Equipment Subsidy,18000.0,One-Time,"Financial support for installing domestic Gobar-Dhan biogas units. (₹18,000)"
1322,madhya-pradesh-phase-2-kisan-samriddhi-crop-assistance,Kisan Samriddhi & Crop Assistance,Asset & Equipment Subsidy,6000.0,One-Time,"Financial input subsidy for seed, fertilizer, and organic cultivation equipment. (₹6,000)"
1323,madhya-pradesh-phase-2-solar-krishi-pump-subsidy,Solar Krishi Pump Subsidy,Asset & Equipment Subsidy,75000.0,One-Time,"Up to 90% capital subsidy for installing off-grid solar irrigation pumps. (₹75,000)"
1324,madhya-pradesh-phase-2-horticulture-drip-irrigation-grant,Horticulture & Drip Irrigation Grant,Asset & Equipment Subsidy,25000.0,One-Time,"Direct subsidy for drip, sprinkler, and precision micro-irrigation installation. (₹25,000)"
1325,madhya-pradesh-phase-2-dairy-cattle-development-incentive,Dairy & Cattle Development Incentive,Direct Cash Transfer (DBT),40000.0,One-Time,"Financial assistance for purchasing high-yield milch cows and buffaloes. (₹40,000)"
1326,madhya-pradesh-phase-2-fodder-cultivation-animal-care-grant,Fodder Cultivation & Animal Care Grant,Asset & Equipment Subsidy,12000.0,One-Time,"Subsidized silage, quality seeds, and livestock health vaccination support. (₹12,000)"
1327,madhya-pradesh-phase-2-fisheries-pond-biofloc-support,Fisheries Pond & Biofloc Support,Direct Cash Transfer (DBT),50000.0,One-Time,"Capital grant for biofloc fish farming, fingerling supply, and aerators. (₹50,000)"
1328,madhya-pradesh-phase-2-soil-health-organic-farming-mission,Soil Health & Organic Farming Mission,Direct Cash Transfer (DBT),8000.0,One-Time,"Free soil nutrient testing kit and bio-compost financial top-up grant. (₹8,000)"
1329,madhya-pradesh-phase-2-farm-mechanization-rotavator-subsidy,Farm Mechanization & Rotavator Subsidy,Asset & Equipment Subsidy,60000.0,One-Time,"Up to 50% subsidy on modern harvesters, rotavators, and custom hiring centers. (₹60,000)"
1330,madhya-pradesh-phase-2-post-matric-merit-scholarship,Post-Matric Merit Scholarship,Scholarship & Academic Stipend,18000.0,One-Time,"Tuition fee waiver and maintenance stipend for higher collegiate education. (₹18,000)"
1331,madhya-pradesh-phase-2-free-digital-tablet-laptop-distribution,Free Digital Tablet & Laptop Distribution,Asset & Equipment Subsidy,15000.0,One-Time,"High-speed digital learning devices distributed to meritorious board students. (₹15,000)"
1332,madhya-pradesh-phase-2-competitive-exam-coaching-assistance,Competitive Exam Coaching Assistance,Scholarship & Academic Stipend,50000.0,One-Time,"100% sponsored classroom coaching for UPSC, PSC, JEE, and NEET exams. (₹50,000)"
1333,madhya-pradesh-phase-2-girl-child-higher-education-incentive,Girl Child Higher Education Incentive,Direct Cash Transfer (DBT),25000.0,One-Time,"Direct milestone grant upon enrolling in undergraduate degree programs. (₹25,000)"
1334,madhya-pradesh-phase-2-technical-polytechnic-skill-stipend,Technical & Polytechnic Skill Stipend,Scholarship & Academic Stipend,12000.0,Monthly,"Monthly allowance for students pursuing diploma and industrial training. (₹12,000)"
1335,madhya-pradesh-phase-2-overseas-education-scholarship-for-ews,Overseas Education Scholarship for EWS,Subsidized / Collateral-Free Loan,500000.0,One-Time,"Educational loan interest subsidy for foreign universities. (₹500,000)"
1336,madhya-pradesh-phase-2-special-education-aid-for-divyang-students,Special Education Aid for Divyang Students,Direct Cash Transfer (DBT),20000.0,One-Time,"Assistive braille, hearing aids, and transport allowance for disabled students. (₹20,000)"
1337,madhya-pradesh-phase-2-matru-kalyan-nutrition-dbt,Matru Kalyan & Nutrition DBT,Subsidized Food & Nutrition,6000.0,One-Time,"Conditional cash transfer across pregnancy trimesters and post-natal care. (₹6,000)"
1338,madhya-pradesh-phase-2-mahila-swavalamban-livelihood-grant,Mahila Swavalamban Livelihood Grant,Direct Cash Transfer (DBT),50000.0,One-Time,"Revolving seed fund for women Self-Help Groups (SHGs) to start enterprises. (₹50,000)"
1339,madhya-pradesh-phase-2-kanya-vivah-marriage-assistance,Kanya Vivah & Marriage Assistance,Direct Cash Transfer (DBT),51000.0,One-Time,"Direct financial grant for marriage of daughters from economically weaker families. (₹51,000)"
1340,madhya-pradesh-phase-2-working-women-hostel-transport-subsidy,Working Women Hostel & Transport Subsidy,Asset & Equipment Subsidy,15000.0,Monthly,"Subsidized secure safe housing and monthly urban commute pass. (₹15,000)"
1341,madhya-pradesh-phase-2-single-mother-destitute-women-pension,Single Mother & Destitute Women Pension,Monthly Social Security Pension,15000.0,Monthly,"Monthly social security pension for widowed and abandoned women. (₹15,000)"
1342,madhya-pradesh-phase-2-sukanya-samriddhi-high-interest-top-up,Sukanya Samriddhi High-Interest Top-Up,Asset & Equipment Subsidy,10000.0,One-Time,"State government interest subsidy top-up on girl child savings accounts. (₹10,000)"
1343,madhya-pradesh-phase-2-universal-cashless-health-insurance,Universal Cashless Health Insurance,Health & Accidental Insurance Cover,500000.0,Annual,"Annual cashless hospitalization and surgical treatment cover in network hospitals. (₹500,000)"
1344,madhya-pradesh-phase-2-critical-illness-relief-fund-cancer-kidney,Critical Illness Relief Fund (Cancer & Kidney),Health & Accidental Insurance Cover,200000.0,Claim-Based,"One-time financial relief grant for dialysis, chemotherapy, and heart surgery. (₹200,000)"
1345,madhya-pradesh-phase-2-free-diagnostic-tests-medicine-scheme,Free Diagnostic Tests & Medicine Scheme,Direct Cash Transfer (DBT),10000.0,One-Time,"100% free prescription drugs and pathology tests at government clinics. (₹10,000)"
1346,madhya-pradesh-phase-2-senior-citizen-specialized-geriatric-care,Senior Citizen Specialized Geriatric Care,Direct Cash Transfer (DBT),15000.0,One-Time,"Free cataract surgeries, hearing aids, and doorstep chronic care medicine. (₹15,000)"
1347,madhya-pradesh-phase-2-emergency-accidental-trauma-insurance,Emergency Accidental Trauma Insurance,Health & Accidental Insurance Cover,100000.0,Claim-Based,"Immediate cashless golden-hour emergency trauma care coverage. (₹100,000)"
1348,madhya-pradesh-phase-2-old-age-social-security-pension,Old Age Social Security Pension,Monthly Social Security Pension,12000.0,Monthly,"Monthly direct benefit transfer pension for elderly citizens aged 60 and above. (₹12,000)"
1349,madhya-pradesh-phase-2-divyangjan-disability-monthly-pension,Divyangjan Disability Monthly Pension,Monthly Social Security Pension,18000.0,Monthly,"Monthly financial support and motorized tricycle allowance for disabled persons. (₹18,000)"
1350,madhya-pradesh-phase-2-antyodaya-subsidized-food-security,Antyodaya Subsidized Food Security,Subsidized Food & Nutrition,8000.0,Monthly,"Subsidized monthly ration of 35kg foodgrains for poorest-of-poor households. (₹8,000)"
1351,madhya-pradesh-phase-2-sanitation-workers-rehabilitation-grant,Sanitation Workers Rehabilitation Grant,Asset & Equipment Subsidy,40000.0,One-Time,"Capital subsidy and skill retraining for sanitary workers and sewer workers. (₹40,000)"
1352,madhya-pradesh-phase-2-tribal-livelihood-forest-produce-grant,Tribal Livelihood & Forest Produce Grant,Asset & Equipment Subsidy,20000.0,One-Time,"Direct procurement support and value addition subsidy for minor forest produce. (₹20,000)"
1353,madhya-pradesh-phase-2-youth-apprenticeship-monthly-stipend,Youth Apprenticeship Monthly Stipend,Scholarship & Academic Stipend,18000.0,Monthly,"Direct government stipend top-up for technical industrial apprenticeships. (₹18,000)"
1354,madhya-pradesh-phase-2-artisan-craftsman-modern-tool-kit-grant,Artisan & Craftsman Modern Tool Kit Grant,Subsidized / Collateral-Free Loan,20000.0,One-Time,"Free motorized toolkits and collateral-free micro credit for traditional artisans. (₹20,000)"
1355,madhya-pradesh-phase-2-rural-youth-driving-heavy-machinery-training,Rural Youth Driving & Heavy Machinery Training,Asset & Equipment Subsidy,25000.0,One-Time,"100% sponsored commercial vehicle and excavator driver training. (₹25,000)"
1356,madhya-pradesh-phase-2-it-emerging-tech-bootcamp-voucher,IT & Emerging Tech Bootcamp Voucher,Scholarship & Academic Stipend,35000.0,One-Time,"Full tuition sponsorship for AI, Cloud, and Software certification bootcamps. (₹35,000)"
1357,madhya-pradesh-phase-2-self-employment-micro-credit-guarantee,Self-Employment Micro-Credit Guarantee,Subsidized / Collateral-Free Loan,500000.0,One-Time,"Collateral-free subsidized loan up to ₹5 Lakh for starting local enterprises. (₹100,000)"
1358,madhya-pradesh-phase-2-pucca-house-construction-subsidy,Pucca House Construction Subsidy,Asset & Equipment Subsidy,150000.0,Quarterly,"Direct installment financial grant for building disaster-resilient pucca home. (₹150,000)"
1359,madhya-pradesh-phase-2-rooftop-solar-green-energy-assistance,Rooftop Solar & Green Energy Assistance,Asset & Equipment Subsidy,50000.0,One-Time,"Capital subsidy for grid-connected rooftop solar installation for homeowners. (₹50,000)"
1360,madhya-pradesh-phase-2-slum-rehabilitation-ews-flat-allocation,Slum Rehabilitation & EWS Flat Allocation,Asset & Equipment Subsidy,250000.0,One-Time,"Subsidized ownership allotment of 1BHK flats with basic civic amenities. (₹250,000)"
1361,madhya-pradesh-phase-2-rural-toilet-water-tap-incentive,Rural Toilet & Water Tap Incentive,Direct Cash Transfer (DBT),12000.0,One-Time,"Financial assistance for individual household latrines and clean piped tap. (₹12,000)"
1362,madhya-pradesh-phase-2-micro-enterprise-collateral-free-loan,Micro Enterprise Collateral-Free Loan,Subsidized / Collateral-Free Loan,1000000.0,One-Time,"Guaranteed working capital and equipment loan up to ₹10 Lakh at subsidized interest. (₹200,000)"
1363,madhya-pradesh-phase-2-women-entrepreneur-startup-grant,Women Entrepreneur Startup Grant,Direct Cash Transfer (DBT),100000.0,One-Time,"Seed funding capital grant for innovative women-founded MSME ventures. (₹100,000)"
1364,madhya-pradesh-phase-2-export-promotion-quality-certification-subsidy,Export Promotion & Quality Certification Subsidy,Asset & Equipment Subsidy,75000.0,One-Time,"Reimbursement for ISO, ZED, and international trade mark registration costs. (₹75,000)"
1365,madhya-pradesh-phase-2-credit-linked-capital-subsidy-for-tech-upgradation,Credit Linked Capital Subsidy for Tech Upgradation,Asset & Equipment Subsidy,150000.0,One-Time,"15% upfront capital subsidy for machinery modernization in manufacturing. (₹150,000)"
1366,madhya-pradesh-phase-2-e-vehicle-green-mobility-subsidy,E-Vehicle & Green Mobility Subsidy,Asset & Equipment Subsidy,20000.0,One-Time,"Direct cash incentive on purchase of electric 2-wheelers and 3-wheelers. (₹20,000)"
1367,madhya-pradesh-phase-2-rainwater-harvesting-ground-water-recharge-grant,Rainwater Harvesting & Ground Water Recharge Grant,Asset & Equipment Subsidy,15000.0,One-Time,"Subsidized rooftop rainwater harvesting system for individual residences. (₹15,000)"
1368,madhya-pradesh-phase-2-bio-gas-cattle-dung-renewable-plant-subsidy,Bio-Gas & Cattle Dung Renewable Plant Subsidy,Asset & Equipment Subsidy,18000.0,One-Time,"Financial support for installing domestic Gobar-Dhan biogas units. (₹18,000)"
1369,madhya-pradesh-phase-3-kisan-samriddhi-crop-assistance,Kisan Samriddhi & Crop Assistance,Asset & Equipment Subsidy,6000.0,One-Time,"Financial input subsidy for seed, fertilizer, and organic cultivation equipment. (₹6,000)"
1370,madhya-pradesh-phase-3-solar-krishi-pump-subsidy,Solar Krishi Pump Subsidy,Asset & Equipment Subsidy,75000.0,One-Time,"Up to 90% capital subsidy for installing off-grid solar irrigation pumps. (₹75,000)"
1371,madhya-pradesh-phase-3-horticulture-drip-irrigation-grant,Horticulture & Drip Irrigation Grant,Asset & Equipment Subsidy,25000.0,One-Time,"Direct subsidy for drip, sprinkler, and precision micro-irrigation installation. (₹25,000)"
1372,madhya-pradesh-phase-3-dairy-cattle-development-incentive,Dairy & Cattle Development Incentive,Direct Cash Transfer (DBT),40000.0,One-Time,"Financial assistance for purchasing high-yield milch cows and buffaloes. (₹40,000)"
1373,madhya-pradesh-phase-3-fodder-cultivation-animal-care-grant,Fodder Cultivation & Animal Care Grant,Asset & Equipment Subsidy,12000.0,One-Time,"Subsidized silage, quality seeds, and livestock health vaccination support. (₹12,000)"
1374,madhya-pradesh-phase-3-fisheries-pond-biofloc-support,Fisheries Pond & Biofloc Support,Direct Cash Transfer (DBT),50000.0,One-Time,"Capital grant for biofloc fish farming, fingerling supply, and aerators. (₹50,000)"
1375,madhya-pradesh-phase-3-soil-health-organic-farming-mission,Soil Health & Organic Farming Mission,Direct Cash Transfer (DBT),8000.0,One-Time,"Free soil nutrient testing kit and bio-compost financial top-up grant. (₹8,000)"
1376,madhya-pradesh-phase-3-farm-mechanization-rotavator-subsidy,Farm Mechanization & Rotavator Subsidy,Asset & Equipment Subsidy,60000.0,One-Time,"Up to 50% subsidy on modern harvesters, rotavators, and custom hiring centers. (₹60,000)"
1377,madhya-pradesh-phase-3-post-matric-merit-scholarship,Post-Matric Merit Scholarship,Scholarship & Academic Stipend,18000.0,One-Time,"Tuition fee waiver and maintenance stipend for higher collegiate education. (₹18,000)"
1378,madhya-pradesh-phase-3-free-digital-tablet-laptop-distribution,Free Digital Tablet & Laptop Distribution,Asset & Equipment Subsidy,15000.0,One-Time,"High-speed digital learning devices distributed to meritorious board students. (₹15,000)"
1379,madhya-pradesh-phase-3-competitive-exam-coaching-assistance,Competitive Exam Coaching Assistance,Scholarship & Academic Stipend,50000.0,One-Time,"100% sponsored classroom coaching for UPSC, PSC, JEE, and NEET exams. (₹50,000)"
1380,madhya-pradesh-phase-3-girl-child-higher-education-incentive,Girl Child Higher Education Incentive,Direct Cash Transfer (DBT),25000.0,One-Time,"Direct milestone grant upon enrolling in undergraduate degree programs. (₹25,000)"
1381,madhya-pradesh-phase-3-technical-polytechnic-skill-stipend,Technical & Polytechnic Skill Stipend,Scholarship & Academic Stipend,12000.0,Monthly,"Monthly allowance for students pursuing diploma and industrial training. (₹12,000)"
1382,madhya-pradesh-phase-3-overseas-education-scholarship-for-ews,Overseas Education Scholarship for EWS,Subsidized / Collateral-Free Loan,500000.0,One-Time,"Educational loan interest subsidy for foreign universities. (₹500,000)"
1383,madhya-pradesh-phase-3-special-education-aid-for-divyang-students,Special Education Aid for Divyang Students,Direct Cash Transfer (DBT),20000.0,One-Time,"Assistive braille, hearing aids, and transport allowance for disabled students. (₹20,000)"
1384,madhya-pradesh-phase-3-matru-kalyan-nutrition-dbt,Matru Kalyan & Nutrition DBT,Subsidized Food & Nutrition,6000.0,One-Time,"Conditional cash transfer across pregnancy trimesters and post-natal care. (₹6,000)"
1385,madhya-pradesh-phase-3-mahila-swavalamban-livelihood-grant,Mahila Swavalamban Livelihood Grant,Direct Cash Transfer (DBT),50000.0,One-Time,"Revolving seed fund for women Self-Help Groups (SHGs) to start enterprises. (₹50,000)"
1386,madhya-pradesh-phase-3-kanya-vivah-marriage-assistance,Kanya Vivah & Marriage Assistance,Direct Cash Transfer (DBT),51000.0,One-Time,"Direct financial grant for marriage of daughters from economically weaker families. (₹51,000)"
1387,madhya-pradesh-phase-3-working-women-hostel-transport-subsidy,Working Women Hostel & Transport Subsidy,Asset & Equipment Subsidy,15000.0,Monthly,"Subsidized secure safe housing and monthly urban commute pass. (₹15,000)"
1388,madhya-pradesh-phase-3-single-mother-destitute-women-pension,Single Mother & Destitute Women Pension,Monthly Social Security Pension,15000.0,Monthly,"Monthly social security pension for widowed and abandoned women. (₹15,000)"
1389,madhya-pradesh-phase-3-sukanya-samriddhi-high-interest-top-up,Sukanya Samriddhi High-Interest Top-Up,Asset & Equipment Subsidy,10000.0,One-Time,"State government interest subsidy top-up on girl child savings accounts. (₹10,000)"
1390,madhya-pradesh-phase-3-universal-cashless-health-insurance,Universal Cashless Health Insurance,Health & Accidental Insurance Cover,500000.0,Annual,"Annual cashless hospitalization and surgical treatment cover in network hospitals. (₹500,000)"
1391,madhya-pradesh-phase-3-critical-illness-relief-fund-cancer-kidney,Critical Illness Relief Fund (Cancer & Kidney),Health & Accidental Insurance Cover,200000.0,Claim-Based,"One-time financial relief grant for dialysis, chemotherapy, and heart surgery. (₹200,000)"
1392,madhya-pradesh-phase-3-free-diagnostic-tests-medicine-scheme,Free Diagnostic Tests & Medicine Scheme,Direct Cash Transfer (DBT),10000.0,One-Time,"100% free prescription drugs and pathology tests at government clinics. (₹10,000)"
1393,madhya-pradesh-phase-3-senior-citizen-specialized-geriatric-care,Senior Citizen Specialized Geriatric Care,Direct Cash Transfer (DBT),15000.0,One-Time,"Free cataract surgeries, hearing aids, and doorstep chronic care medicine. (₹15,000)"
1394,madhya-pradesh-phase-3-emergency-accidental-trauma-insurance,Emergency Accidental Trauma Insurance,Health & Accidental Insurance Cover,100000.0,Claim-Based,"Immediate cashless golden-hour emergency trauma care coverage. (₹100,000)"
1395,madhya-pradesh-phase-3-old-age-social-security-pension,Old Age Social Security Pension,Monthly Social Security Pension,12000.0,Monthly,"Monthly direct benefit transfer pension for elderly citizens aged 60 and above. (₹12,000)"
1396,madhya-pradesh-phase-3-divyangjan-disability-monthly-pension,Divyangjan Disability Monthly Pension,Monthly Social Security Pension,18000.0,Monthly,"Monthly financial support and motorized tricycle allowance for disabled persons. (₹18,000)"
1397,madhya-pradesh-phase-3-antyodaya-subsidized-food-security,Antyodaya Subsidized Food Security,Subsidized Food & Nutrition,8000.0,Monthly,"Subsidized monthly ration of 35kg foodgrains for poorest-of-poor households. (₹8,000)"
1398,madhya-pradesh-phase-3-sanitation-workers-rehabilitation-grant,Sanitation Workers Rehabilitation Grant,Asset & Equipment Subsidy,40000.0,One-Time,"Capital subsidy and skill retraining for sanitary workers and sewer workers. (₹40,000)"
1399,madhya-pradesh-phase-3-tribal-livelihood-forest-produce-grant,Tribal Livelihood & Forest Produce Grant,Asset & Equipment Subsidy,20000.0,One-Time,"Direct procurement support and value addition subsidy for minor forest produce. (₹20,000)"
1400,madhya-pradesh-phase-3-youth-apprenticeship-monthly-stipend,Youth Apprenticeship Monthly Stipend,Scholarship & Academic Stipend,18000.0,Monthly,"Direct government stipend top-up for technical industrial apprenticeships. (₹18,000)"
1401,madhya-pradesh-phase-3-artisan-craftsman-modern-tool-kit-grant,Artisan & Craftsman Modern Tool Kit Grant,Subsidized / Collateral-Free Loan,20000.0,One-Time,"Free motorized toolkits and collateral-free micro credit for traditional artisans. (₹20,000)"
1402,madhya-pradesh-phase-3-rural-youth-driving-heavy-machinery-training,Rural Youth Driving & Heavy Machinery Training,Asset & Equipment Subsidy,25000.0,One-Time,"100% sponsored commercial vehicle and excavator driver training. (₹25,000)"
1403,madhya-pradesh-phase-3-it-emerging-tech-bootcamp-voucher,IT & Emerging Tech Bootcamp Voucher,Scholarship & Academic Stipend,35000.0,One-Time,"Full tuition sponsorship for AI, Cloud, and Software certification bootcamps. (₹35,000)"
1404,madhya-pradesh-phase-3-self-employment-micro-credit-guarantee,Self-Employment Micro-Credit Guarantee,Subsidized / Collateral-Free Loan,500000.0,One-Time,"Collateral-free subsidized loan up to ₹5 Lakh for starting local enterprises. (₹100,000)"
1405,madhya-pradesh-phase-3-pucca-house-construction-subsidy,Pucca House Construction Subsidy,Asset & Equipment Subsidy,150000.0,Quarterly,"Direct installment financial grant for building disaster-resilient pucca home. (₹150,000)"
1406,madhya-pradesh-phase-3-rooftop-solar-green-energy-assistance,Rooftop Solar & Green Energy Assistance,Asset & Equipment Subsidy,50000.0,One-Time,"Capital subsidy for grid-connected rooftop solar installation for homeowners. (₹50,000)"
1407,madhya-pradesh-phase-3-slum-rehabilitation-ews-flat-allocation,Slum Rehabilitation & EWS Flat Allocation,Asset & Equipment Subsidy,250000.0,One-Time,"Subsidized ownership allotment of 1BHK flats with basic civic amenities. (₹250,000)"
1408,madhya-pradesh-phase-3-rural-toilet-water-tap-incentive,Rural Toilet & Water Tap Incentive,Direct Cash Transfer (DBT),12000.0,One-Time,"Financial assistance for individual household latrines and clean piped tap. (₹12,000)"
1409,madhya-pradesh-phase-3-micro-enterprise-collateral-free-loan,Micro Enterprise Collateral-Free Loan,Subsidized / Collateral-Free Loan,1000000.0,One-Time,"Guaranteed working capital and equipment loan up to ₹10 Lakh at subsidized interest. (₹200,000)"
1410,madhya-pradesh-phase-3-women-entrepreneur-startup-grant,Women Entrepreneur Startup Grant,Direct Cash Transfer (DBT),100000.0,One-Time,"Seed funding capital grant for innovative women-founded MSME ventures. (₹100,000)"
1411,madhya-pradesh-phase-3-export-promotion-quality-certification-subsidy,Export Promotion & Quality Certification Subsidy,Asset & Equipment Subsidy,75000.0,One-Time,"Reimbursement for ISO, ZED, and international trade mark registration costs. (₹75,000)"
1412,madhya-pradesh-phase-3-credit-linked-capital-subsidy-for-tech-upgradation,Credit Linked Capital Subsidy for Tech Upgradation,Asset & Equipment Subsidy,150000.0,One-Time,"15% upfront capital subsidy for machinery modernization in manufacturing. (₹150,000)"
1413,madhya-pradesh-phase-3-e-vehicle-green-mobility-subsidy,E-Vehicle & Green Mobility Subsidy,Asset & Equipment Subsidy,20000.0,One-Time,"Direct cash incentive on purchase of electric 2-wheelers and 3-wheelers. (₹20,000)"
1414,madhya-pradesh-phase-3-rainwater-harvesting-ground-water-recharge-grant,Rainwater Harvesting & Ground Water Recharge Grant,Asset & Equipment Subsidy,15000.0,One-Time,"Subsidized rooftop rainwater harvesting system for individual residences. (₹15,000)"
1415,maharashtra-kisan-samriddhi-crop-assistance,Kisan Samriddhi & Crop Assistance,Asset & Equipment Subsidy,6000.0,One-Time,"Financial input subsidy for seed, fertilizer, and organic cultivation equipment. (₹6,000)"
1416,maharashtra-solar-krishi-pump-subsidy,Solar Krishi Pump Subsidy,Asset & Equipment Subsidy,75000.0,One-Time,"Up to 90% capital subsidy for installing off-grid solar irrigation pumps. (₹75,000)"
1417,maharashtra-horticulture-drip-irrigation-grant,Horticulture & Drip Irrigation Grant,Asset & Equipment Subsidy,25000.0,One-Time,"Direct subsidy for drip, sprinkler, and precision micro-irrigation installation. (₹25,000)"
1418,maharashtra-dairy-cattle-development-incentive,Dairy & Cattle Development Incentive,Direct Cash Transfer (DBT),40000.0,One-Time,"Financial assistance for purchasing high-yield milch cows and buffaloes. (₹40,000)"
1586,manipur-girl-child-higher-education-incentive,Girl Child Higher Education Incentive,Direct Cash Transfer (DBT),25000.0,One-Time,"Direct milestone grant upon enrolling in undergraduate degree programs. (₹25,000)"
1419,maharashtra-fodder-cultivation-animal-care-grant,Fodder Cultivation & Animal Care Grant,Asset & Equipment Subsidy,12000.0,One-Time,"Subsidized silage, quality seeds, and livestock health vaccination support. (₹12,000)"
1420,maharashtra-fisheries-pond-biofloc-support,Fisheries Pond & Biofloc Support,Direct Cash Transfer (DBT),50000.0,One-Time,"Capital grant for biofloc fish farming, fingerling supply, and aerators. (₹50,000)"
1421,maharashtra-soil-health-organic-farming-mission,Soil Health & Organic Farming Mission,Direct Cash Transfer (DBT),8000.0,One-Time,"Free soil nutrient testing kit and bio-compost financial top-up grant. (₹8,000)"
1422,maharashtra-farm-mechanization-rotavator-subsidy,Farm Mechanization & Rotavator Subsidy,Asset & Equipment Subsidy,60000.0,One-Time,"Up to 50% subsidy on modern harvesters, rotavators, and custom hiring centers. (₹60,000)"
1423,maharashtra-post-matric-merit-scholarship,Post-Matric Merit Scholarship,Scholarship & Academic Stipend,18000.0,One-Time,"Tuition fee waiver and maintenance stipend for higher collegiate education. (₹18,000)"
1424,maharashtra-free-digital-tablet-laptop-distribution,Free Digital Tablet & Laptop Distribution,Asset & Equipment Subsidy,15000.0,One-Time,"High-speed digital learning devices distributed to meritorious board students. (₹15,000)"
1425,maharashtra-competitive-exam-coaching-assistance,Competitive Exam Coaching Assistance,Scholarship & Academic Stipend,50000.0,One-Time,"100% sponsored classroom coaching for UPSC, PSC, JEE, and NEET exams. (₹50,000)"
1426,maharashtra-girl-child-higher-education-incentive,Girl Child Higher Education Incentive,Direct Cash Transfer (DBT),25000.0,One-Time,"Direct milestone grant upon enrolling in undergraduate degree programs. (₹25,000)"
1427,maharashtra-technical-polytechnic-skill-stipend,Technical & Polytechnic Skill Stipend,Scholarship & Academic Stipend,12000.0,Monthly,"Monthly allowance for students pursuing diploma and industrial training. (₹12,000)"
1428,maharashtra-overseas-education-scholarship-for-ews,Overseas Education Scholarship for EWS,Subsidized / Collateral-Free Loan,500000.0,One-Time,"Educational loan interest subsidy for foreign universities. (₹500,000)"
1429,maharashtra-special-education-aid-for-divyang-students,Special Education Aid for Divyang Students,Direct Cash Transfer (DBT),20000.0,One-Time,"Assistive braille, hearing aids, and transport allowance for disabled students. (₹20,000)"
1430,maharashtra-matru-kalyan-nutrition-dbt,Matru Kalyan & Nutrition DBT,Subsidized Food & Nutrition,6000.0,One-Time,"Conditional cash transfer across pregnancy trimesters and post-natal care. (₹6,000)"
1431,maharashtra-mahila-swavalamban-livelihood-grant,Mahila Swavalamban Livelihood Grant,Direct Cash Transfer (DBT),50000.0,One-Time,"Revolving seed fund for women Self-Help Groups (SHGs) to start enterprises. (₹50,000)"
1432,maharashtra-kanya-vivah-marriage-assistance,Kanya Vivah & Marriage Assistance,Direct Cash Transfer (DBT),51000.0,One-Time,"Direct financial grant for marriage of daughters from economically weaker families. (₹51,000)"
1433,maharashtra-working-women-hostel-transport-subsidy,Working Women Hostel & Transport Subsidy,Asset & Equipment Subsidy,15000.0,Monthly,"Subsidized secure safe housing and monthly urban commute pass. (₹15,000)"
1434,maharashtra-single-mother-destitute-women-pension,Single Mother & Destitute Women Pension,Monthly Social Security Pension,15000.0,Monthly,"Monthly social security pension for widowed and abandoned women. (₹15,000)"
1435,maharashtra-sukanya-samriddhi-high-interest-top-up,Sukanya Samriddhi High-Interest Top-Up,Asset & Equipment Subsidy,10000.0,One-Time,"State government interest subsidy top-up on girl child savings accounts. (₹10,000)"
1436,maharashtra-universal-cashless-health-insurance,Universal Cashless Health Insurance,Health & Accidental Insurance Cover,500000.0,Annual,"Annual cashless hospitalization and surgical treatment cover in network hospitals. (₹500,000)"
1437,maharashtra-critical-illness-relief-fund-cancer-kidney,Critical Illness Relief Fund (Cancer & Kidney),Health & Accidental Insurance Cover,200000.0,Claim-Based,"One-time financial relief grant for dialysis, chemotherapy, and heart surgery. (₹200,000)"
1438,maharashtra-free-diagnostic-tests-medicine-scheme,Free Diagnostic Tests & Medicine Scheme,Direct Cash Transfer (DBT),10000.0,One-Time,"100% free prescription drugs and pathology tests at government clinics. (₹10,000)"
1439,maharashtra-senior-citizen-specialized-geriatric-care,Senior Citizen Specialized Geriatric Care,Direct Cash Transfer (DBT),15000.0,One-Time,"Free cataract surgeries, hearing aids, and doorstep chronic care medicine. (₹15,000)"
1440,maharashtra-emergency-accidental-trauma-insurance,Emergency Accidental Trauma Insurance,Health & Accidental Insurance Cover,100000.0,Claim-Based,"Immediate cashless golden-hour emergency trauma care coverage. (₹100,000)"
1441,maharashtra-old-age-social-security-pension,Old Age Social Security Pension,Monthly Social Security Pension,12000.0,Monthly,"Monthly direct benefit transfer pension for elderly citizens aged 60 and above. (₹12,000)"
1442,maharashtra-divyangjan-disability-monthly-pension,Divyangjan Disability Monthly Pension,Monthly Social Security Pension,18000.0,Monthly,"Monthly financial support and motorized tricycle allowance for disabled persons. (₹18,000)"
1443,maharashtra-antyodaya-subsidized-food-security,Antyodaya Subsidized Food Security,Subsidized Food & Nutrition,8000.0,Monthly,"Subsidized monthly ration of 35kg foodgrains for poorest-of-poor households. (₹8,000)"
1444,maharashtra-sanitation-workers-rehabilitation-grant,Sanitation Workers Rehabilitation Grant,Asset & Equipment Subsidy,40000.0,One-Time,"Capital subsidy and skill retraining for sanitary workers and sewer workers. (₹40,000)"
1445,maharashtra-tribal-livelihood-forest-produce-grant,Tribal Livelihood & Forest Produce Grant,Asset & Equipment Subsidy,20000.0,One-Time,"Direct procurement support and value addition subsidy for minor forest produce. (₹20,000)"
1446,maharashtra-youth-apprenticeship-monthly-stipend,Youth Apprenticeship Monthly Stipend,Scholarship & Academic Stipend,18000.0,Monthly,"Direct government stipend top-up for technical industrial apprenticeships. (₹18,000)"
1447,maharashtra-artisan-craftsman-modern-tool-kit-grant,Artisan & Craftsman Modern Tool Kit Grant,Subsidized / Collateral-Free Loan,20000.0,One-Time,"Free motorized toolkits and collateral-free micro credit for traditional artisans. (₹20,000)"
1448,maharashtra-rural-youth-driving-heavy-machinery-training,Rural Youth Driving & Heavy Machinery Training,Asset & Equipment Subsidy,25000.0,One-Time,"100% sponsored commercial vehicle and excavator driver training. (₹25,000)"
1449,maharashtra-it-emerging-tech-bootcamp-voucher,IT & Emerging Tech Bootcamp Voucher,Scholarship & Academic Stipend,35000.0,One-Time,"Full tuition sponsorship for AI, Cloud, and Software certification bootcamps. (₹35,000)"
1450,maharashtra-self-employment-micro-credit-guarantee,Self-Employment Micro-Credit Guarantee,Subsidized / Collateral-Free Loan,500000.0,One-Time,"Collateral-free subsidized loan up to ₹5 Lakh for starting local enterprises. (₹100,000)"
1451,maharashtra-pucca-house-construction-subsidy,Pucca House Construction Subsidy,Asset & Equipment Subsidy,150000.0,Quarterly,"Direct installment financial grant for building disaster-resilient pucca home. (₹150,000)"
1452,maharashtra-rooftop-solar-green-energy-assistance,Rooftop Solar & Green Energy Assistance,Asset & Equipment Subsidy,50000.0,One-Time,"Capital subsidy for grid-connected rooftop solar installation for homeowners. (₹50,000)"
1453,maharashtra-slum-rehabilitation-ews-flat-allocation,Slum Rehabilitation & EWS Flat Allocation,Asset & Equipment Subsidy,250000.0,One-Time,"Subsidized ownership allotment of 1BHK flats with basic civic amenities. (₹250,000)"
1454,maharashtra-rural-toilet-water-tap-incentive,Rural Toilet & Water Tap Incentive,Direct Cash Transfer (DBT),12000.0,One-Time,"Financial assistance for individual household latrines and clean piped tap. (₹12,000)"
1455,maharashtra-micro-enterprise-collateral-free-loan,Micro Enterprise Collateral-Free Loan,Subsidized / Collateral-Free Loan,1000000.0,One-Time,"Guaranteed working capital and equipment loan up to ₹10 Lakh at subsidized interest. (₹200,000)"
1456,maharashtra-women-entrepreneur-startup-grant,Women Entrepreneur Startup Grant,Direct Cash Transfer (DBT),100000.0,One-Time,"Seed funding capital grant for innovative women-founded MSME ventures. (₹100,000)"
1457,maharashtra-export-promotion-quality-certification-subsidy,Export Promotion & Quality Certification Subsidy,Asset & Equipment Subsidy,75000.0,One-Time,"Reimbursement for ISO, ZED, and international trade mark registration costs. (₹75,000)"
1458,maharashtra-credit-linked-capital-subsidy-for-tech-upgradation,Credit Linked Capital Subsidy for Tech Upgradation,Asset & Equipment Subsidy,150000.0,One-Time,"15% upfront capital subsidy for machinery modernization in manufacturing. (₹150,000)"
1459,maharashtra-e-vehicle-green-mobility-subsidy,E-Vehicle & Green Mobility Subsidy,Asset & Equipment Subsidy,20000.0,One-Time,"Direct cash incentive on purchase of electric 2-wheelers and 3-wheelers. (₹20,000)"
1460,maharashtra-rainwater-harvesting-ground-water-recharge-grant,Rainwater Harvesting & Ground Water Recharge Grant,Asset & Equipment Subsidy,15000.0,One-Time,"Subsidized rooftop rainwater harvesting system for individual residences. (₹15,000)"
1461,maharashtra-bio-gas-cattle-dung-renewable-plant-subsidy,Bio-Gas & Cattle Dung Renewable Plant Subsidy,Asset & Equipment Subsidy,18000.0,One-Time,"Financial support for installing domestic Gobar-Dhan biogas units. (₹18,000)"
1462,maharashtra-phase-2-kisan-samriddhi-crop-assistance,Kisan Samriddhi & Crop Assistance,Asset & Equipment Subsidy,6000.0,One-Time,"Financial input subsidy for seed, fertilizer, and organic cultivation equipment. (₹6,000)"
1463,maharashtra-phase-2-solar-krishi-pump-subsidy,Solar Krishi Pump Subsidy,Asset & Equipment Subsidy,75000.0,One-Time,"Up to 90% capital subsidy for installing off-grid solar irrigation pumps. (₹75,000)"
1464,maharashtra-phase-2-horticulture-drip-irrigation-grant,Horticulture & Drip Irrigation Grant,Asset & Equipment Subsidy,25000.0,One-Time,"Direct subsidy for drip, sprinkler, and precision micro-irrigation installation. (₹25,000)"
1465,maharashtra-phase-2-dairy-cattle-development-incentive,Dairy & Cattle Development Incentive,Direct Cash Transfer (DBT),40000.0,One-Time,"Financial assistance for purchasing high-yield milch cows and buffaloes. (₹40,000)"
1466,maharashtra-phase-2-fodder-cultivation-animal-care-grant,Fodder Cultivation & Animal Care Grant,Asset & Equipment Subsidy,12000.0,One-Time,"Subsidized silage, quality seeds, and livestock health vaccination support. (₹12,000)"
1467,maharashtra-phase-2-fisheries-pond-biofloc-support,Fisheries Pond & Biofloc Support,Direct Cash Transfer (DBT),50000.0,One-Time,"Capital grant for biofloc fish farming, fingerling supply, and aerators. (₹50,000)"
1468,maharashtra-phase-2-soil-health-organic-farming-mission,Soil Health & Organic Farming Mission,Direct Cash Transfer (DBT),8000.0,One-Time,"Free soil nutrient testing kit and bio-compost financial top-up grant. (₹8,000)"
1469,maharashtra-phase-2-farm-mechanization-rotavator-subsidy,Farm Mechanization & Rotavator Subsidy,Asset & Equipment Subsidy,60000.0,One-Time,"Up to 50% subsidy on modern harvesters, rotavators, and custom hiring centers. (₹60,000)"
1470,maharashtra-phase-2-post-matric-merit-scholarship,Post-Matric Merit Scholarship,Scholarship & Academic Stipend,18000.0,One-Time,"Tuition fee waiver and maintenance stipend for higher collegiate education. (₹18,000)"
1471,maharashtra-phase-2-free-digital-tablet-laptop-distribution,Free Digital Tablet & Laptop Distribution,Asset & Equipment Subsidy,15000.0,One-Time,"High-speed digital learning devices distributed to meritorious board students. (₹15,000)"
1472,maharashtra-phase-2-competitive-exam-coaching-assistance,Competitive Exam Coaching Assistance,Scholarship & Academic Stipend,50000.0,One-Time,"100% sponsored classroom coaching for UPSC, PSC, JEE, and NEET exams. (₹50,000)"
1473,maharashtra-phase-2-girl-child-higher-education-incentive,Girl Child Higher Education Incentive,Direct Cash Transfer (DBT),25000.0,One-Time,"Direct milestone grant upon enrolling in undergraduate degree programs. (₹25,000)"
1474,maharashtra-phase-2-technical-polytechnic-skill-stipend,Technical & Polytechnic Skill Stipend,Scholarship & Academic Stipend,12000.0,Monthly,"Monthly allowance for students pursuing diploma and industrial training. (₹12,000)"
1475,maharashtra-phase-2-overseas-education-scholarship-for-ews,Overseas Education Scholarship for EWS,Subsidized / Collateral-Free Loan,500000.0,One-Time,"Educational loan interest subsidy for foreign universities. (₹500,000)"
1476,maharashtra-phase-2-special-education-aid-for-divyang-students,Special Education Aid for Divyang Students,Direct Cash Transfer (DBT),20000.0,One-Time,"Assistive braille, hearing aids, and transport allowance for disabled students. (₹20,000)"
1477,maharashtra-phase-2-matru-kalyan-nutrition-dbt,Matru Kalyan & Nutrition DBT,Subsidized Food & Nutrition,6000.0,One-Time,"Conditional cash transfer across pregnancy trimesters and post-natal care. (₹6,000)"
1478,maharashtra-phase-2-mahila-swavalamban-livelihood-grant,Mahila Swavalamban Livelihood Grant,Direct Cash Transfer (DBT),50000.0,One-Time,"Revolving seed fund for women Self-Help Groups (SHGs) to start enterprises. (₹50,000)"
1479,maharashtra-phase-2-kanya-vivah-marriage-assistance,Kanya Vivah & Marriage Assistance,Direct Cash Transfer (DBT),51000.0,One-Time,"Direct financial grant for marriage of daughters from economically weaker families. (₹51,000)"
1480,maharashtra-phase-2-working-women-hostel-transport-subsidy,Working Women Hostel & Transport Subsidy,Asset & Equipment Subsidy,15000.0,Monthly,"Subsidized secure safe housing and monthly urban commute pass. (₹15,000)"
1481,maharashtra-phase-2-single-mother-destitute-women-pension,Single Mother & Destitute Women Pension,Monthly Social Security Pension,15000.0,Monthly,"Monthly social security pension for widowed and abandoned women. (₹15,000)"
1482,maharashtra-phase-2-sukanya-samriddhi-high-interest-top-up,Sukanya Samriddhi High-Interest Top-Up,Asset & Equipment Subsidy,10000.0,One-Time,"State government interest subsidy top-up on girl child savings accounts. (₹10,000)"
1483,maharashtra-phase-2-universal-cashless-health-insurance,Universal Cashless Health Insurance,Health & Accidental Insurance Cover,500000.0,Annual,"Annual cashless hospitalization and surgical treatment cover in network hospitals. (₹500,000)"
1484,maharashtra-phase-2-critical-illness-relief-fund-cancer-kidney,Critical Illness Relief Fund (Cancer & Kidney),Health & Accidental Insurance Cover,200000.0,Claim-Based,"One-time financial relief grant for dialysis, chemotherapy, and heart surgery. (₹200,000)"
1485,maharashtra-phase-2-free-diagnostic-tests-medicine-scheme,Free Diagnostic Tests & Medicine Scheme,Direct Cash Transfer (DBT),10000.0,One-Time,"100% free prescription drugs and pathology tests at government clinics. (₹10,000)"
1486,maharashtra-phase-2-senior-citizen-specialized-geriatric-care,Senior Citizen Specialized Geriatric Care,Direct Cash Transfer (DBT),15000.0,One-Time,"Free cataract surgeries, hearing aids, and doorstep chronic care medicine. (₹15,000)"
1487,maharashtra-phase-2-emergency-accidental-trauma-insurance,Emergency Accidental Trauma Insurance,Health & Accidental Insurance Cover,100000.0,Claim-Based,"Immediate cashless golden-hour emergency trauma care coverage. (₹100,000)"
1488,maharashtra-phase-2-old-age-social-security-pension,Old Age Social Security Pension,Monthly Social Security Pension,12000.0,Monthly,"Monthly direct benefit transfer pension for elderly citizens aged 60 and above. (₹12,000)"
1489,maharashtra-phase-2-divyangjan-disability-monthly-pension,Divyangjan Disability Monthly Pension,Monthly Social Security Pension,18000.0,Monthly,"Monthly financial support and motorized tricycle allowance for disabled persons. (₹18,000)"
1490,maharashtra-phase-2-antyodaya-subsidized-food-security,Antyodaya Subsidized Food Security,Subsidized Food & Nutrition,8000.0,Monthly,"Subsidized monthly ration of 35kg foodgrains for poorest-of-poor households. (₹8,000)"
1491,maharashtra-phase-2-sanitation-workers-rehabilitation-grant,Sanitation Workers Rehabilitation Grant,Asset & Equipment Subsidy,40000.0,One-Time,"Capital subsidy and skill retraining for sanitary workers and sewer workers. (₹40,000)"
1492,maharashtra-phase-2-tribal-livelihood-forest-produce-grant,Tribal Livelihood & Forest Produce Grant,Asset & Equipment Subsidy,20000.0,One-Time,"Direct procurement support and value addition subsidy for minor forest produce. (₹20,000)"
1493,maharashtra-phase-2-youth-apprenticeship-monthly-stipend,Youth Apprenticeship Monthly Stipend,Scholarship & Academic Stipend,18000.0,Monthly,"Direct government stipend top-up for technical industrial apprenticeships. (₹18,000)"
1494,maharashtra-phase-2-artisan-craftsman-modern-tool-kit-grant,Artisan & Craftsman Modern Tool Kit Grant,Subsidized / Collateral-Free Loan,20000.0,One-Time,"Free motorized toolkits and collateral-free micro credit for traditional artisans. (₹20,000)"
1495,maharashtra-phase-2-rural-youth-driving-heavy-machinery-training,Rural Youth Driving & Heavy Machinery Training,Asset & Equipment Subsidy,25000.0,One-Time,"100% sponsored commercial vehicle and excavator driver training. (₹25,000)"
1496,maharashtra-phase-2-it-emerging-tech-bootcamp-voucher,IT & Emerging Tech Bootcamp Voucher,Scholarship & Academic Stipend,35000.0,One-Time,"Full tuition sponsorship for AI, Cloud, and Software certification bootcamps. (₹35,000)"
1497,maharashtra-phase-2-self-employment-micro-credit-guarantee,Self-Employment Micro-Credit Guarantee,Subsidized / Collateral-Free Loan,500000.0,One-Time,"Collateral-free subsidized loan up to ₹5 Lakh for starting local enterprises. (₹100,000)"
1498,maharashtra-phase-2-pucca-house-construction-subsidy,Pucca House Construction Subsidy,Asset & Equipment Subsidy,150000.0,Quarterly,"Direct installment financial grant for building disaster-resilient pucca home. (₹150,000)"
1499,maharashtra-phase-2-rooftop-solar-green-energy-assistance,Rooftop Solar & Green Energy Assistance,Asset & Equipment Subsidy,50000.0,One-Time,"Capital subsidy for grid-connected rooftop solar installation for homeowners. (₹50,000)"
1500,maharashtra-phase-2-slum-rehabilitation-ews-flat-allocation,Slum Rehabilitation & EWS Flat Allocation,Asset & Equipment Subsidy,250000.0,One-Time,"Subsidized ownership allotment of 1BHK flats with basic civic amenities. (₹250,000)"
1501,maharashtra-phase-2-rural-toilet-water-tap-incentive,Rural Toilet & Water Tap Incentive,Direct Cash Transfer (DBT),12000.0,One-Time,"Financial assistance for individual household latrines and clean piped tap. (₹12,000)"
1502,maharashtra-phase-2-micro-enterprise-collateral-free-loan,Micro Enterprise Collateral-Free Loan,Subsidized / Collateral-Free Loan,1000000.0,One-Time,"Guaranteed working capital and equipment loan up to ₹10 Lakh at subsidized interest. (₹200,000)"
1503,maharashtra-phase-2-women-entrepreneur-startup-grant,Women Entrepreneur Startup Grant,Direct Cash Transfer (DBT),100000.0,One-Time,"Seed funding capital grant for innovative women-founded MSME ventures. (₹100,000)"
1504,maharashtra-phase-2-export-promotion-quality-certification-subsidy,Export Promotion & Quality Certification Subsidy,Asset & Equipment Subsidy,75000.0,One-Time,"Reimbursement for ISO, ZED, and international trade mark registration costs. (₹75,000)"
1505,maharashtra-phase-2-credit-linked-capital-subsidy-for-tech-upgradation,Credit Linked Capital Subsidy for Tech Upgradation,Asset & Equipment Subsidy,150000.0,One-Time,"15% upfront capital subsidy for machinery modernization in manufacturing. (₹150,000)"
1506,maharashtra-phase-2-e-vehicle-green-mobility-subsidy,E-Vehicle & Green Mobility Subsidy,Asset & Equipment Subsidy,20000.0,One-Time,"Direct cash incentive on purchase of electric 2-wheelers and 3-wheelers. (₹20,000)"
1507,maharashtra-phase-2-rainwater-harvesting-ground-water-recharge-grant,Rainwater Harvesting & Ground Water Recharge Grant,Asset & Equipment Subsidy,15000.0,One-Time,"Subsidized rooftop rainwater harvesting system for individual residences. (₹15,000)"
1508,maharashtra-phase-2-bio-gas-cattle-dung-renewable-plant-subsidy,Bio-Gas & Cattle Dung Renewable Plant Subsidy,Asset & Equipment Subsidy,18000.0,One-Time,"Financial support for installing domestic Gobar-Dhan biogas units. (₹18,000)"
1509,maharashtra-phase-3-kisan-samriddhi-crop-assistance,Kisan Samriddhi & Crop Assistance,Asset & Equipment Subsidy,6000.0,One-Time,"Financial input subsidy for seed, fertilizer, and organic cultivation equipment. (₹6,000)"
1510,maharashtra-phase-3-solar-krishi-pump-subsidy,Solar Krishi Pump Subsidy,Asset & Equipment Subsidy,75000.0,One-Time,"Up to 90% capital subsidy for installing off-grid solar irrigation pumps. (₹75,000)"
1511,maharashtra-phase-3-horticulture-drip-irrigation-grant,Horticulture & Drip Irrigation Grant,Asset & Equipment Subsidy,25000.0,One-Time,"Direct subsidy for drip, sprinkler, and precision micro-irrigation installation. (₹25,000)"
1512,maharashtra-phase-3-dairy-cattle-development-incentive,Dairy & Cattle Development Incentive,Direct Cash Transfer (DBT),40000.0,One-Time,"Financial assistance for purchasing high-yield milch cows and buffaloes. (₹40,000)"
1513,maharashtra-phase-3-fodder-cultivation-animal-care-grant,Fodder Cultivation & Animal Care Grant,Asset & Equipment Subsidy,12000.0,One-Time,"Subsidized silage, quality seeds, and livestock health vaccination support. (₹12,000)"
1514,maharashtra-phase-3-fisheries-pond-biofloc-support,Fisheries Pond & Biofloc Support,Direct Cash Transfer (DBT),50000.0,One-Time,"Capital grant for biofloc fish farming, fingerling supply, and aerators. (₹50,000)"
1515,maharashtra-phase-3-soil-health-organic-farming-mission,Soil Health & Organic Farming Mission,Direct Cash Transfer (DBT),8000.0,One-Time,"Free soil nutrient testing kit and bio-compost financial top-up grant. (₹8,000)"
1516,maharashtra-phase-3-farm-mechanization-rotavator-subsidy,Farm Mechanization & Rotavator Subsidy,Asset & Equipment Subsidy,60000.0,One-Time,"Up to 50% subsidy on modern harvesters, rotavators, and custom hiring centers. (₹60,000)"
1517,maharashtra-phase-3-post-matric-merit-scholarship,Post-Matric Merit Scholarship,Scholarship & Academic Stipend,18000.0,One-Time,"Tuition fee waiver and maintenance stipend for higher collegiate education. (₹18,000)"
1518,maharashtra-phase-3-free-digital-tablet-laptop-distribution,Free Digital Tablet & Laptop Distribution,Asset & Equipment Subsidy,15000.0,One-Time,"High-speed digital learning devices distributed to meritorious board students. (₹15,000)"
1519,maharashtra-phase-3-competitive-exam-coaching-assistance,Competitive Exam Coaching Assistance,Scholarship & Academic Stipend,50000.0,One-Time,"100% sponsored classroom coaching for UPSC, PSC, JEE, and NEET exams. (₹50,000)"
1520,maharashtra-phase-3-girl-child-higher-education-incentive,Girl Child Higher Education Incentive,Direct Cash Transfer (DBT),25000.0,One-Time,"Direct milestone grant upon enrolling in undergraduate degree programs. (₹25,000)"
1521,maharashtra-phase-3-technical-polytechnic-skill-stipend,Technical & Polytechnic Skill Stipend,Scholarship & Academic Stipend,12000.0,Monthly,"Monthly allowance for students pursuing diploma and industrial training. (₹12,000)"
1522,maharashtra-phase-3-overseas-education-scholarship-for-ews,Overseas Education Scholarship for EWS,Subsidized / Collateral-Free Loan,500000.0,One-Time,"Educational loan interest subsidy for foreign universities. (₹500,000)"
1523,maharashtra-phase-3-special-education-aid-for-divyang-students,Special Education Aid for Divyang Students,Direct Cash Transfer (DBT),20000.0,One-Time,"Assistive braille, hearing aids, and transport allowance for disabled students. (₹20,000)"
1524,maharashtra-phase-3-matru-kalyan-nutrition-dbt,Matru Kalyan & Nutrition DBT,Subsidized Food & Nutrition,6000.0,One-Time,"Conditional cash transfer across pregnancy trimesters and post-natal care. (₹6,000)"
1525,maharashtra-phase-3-mahila-swavalamban-livelihood-grant,Mahila Swavalamban Livelihood Grant,Direct Cash Transfer (DBT),50000.0,One-Time,"Revolving seed fund for women Self-Help Groups (SHGs) to start enterprises. (₹50,000)"
1526,maharashtra-phase-3-kanya-vivah-marriage-assistance,Kanya Vivah & Marriage Assistance,Direct Cash Transfer (DBT),51000.0,One-Time,"Direct financial grant for marriage of daughters from economically weaker families. (₹51,000)"
1527,maharashtra-phase-3-working-women-hostel-transport-subsidy,Working Women Hostel & Transport Subsidy,Asset & Equipment Subsidy,15000.0,Monthly,"Subsidized secure safe housing and monthly urban commute pass. (₹15,000)"
1528,maharashtra-phase-3-single-mother-destitute-women-pension,Single Mother & Destitute Women Pension,Monthly Social Security Pension,15000.0,Monthly,"Monthly social security pension for widowed and abandoned women. (₹15,000)"
1529,maharashtra-phase-3-sukanya-samriddhi-high-interest-top-up,Sukanya Samriddhi High-Interest Top-Up,Asset & Equipment Subsidy,10000.0,One-Time,"State government interest subsidy top-up on girl child savings accounts. (₹10,000)"
1530,maharashtra-phase-3-universal-cashless-health-insurance,Universal Cashless Health Insurance,Health & Accidental Insurance Cover,500000.0,Annual,"Annual cashless hospitalization and surgical treatment cover in network hospitals. (₹500,000)"
1531,maharashtra-phase-3-critical-illness-relief-fund-cancer-kidney,Critical Illness Relief Fund (Cancer & Kidney),Health & Accidental Insurance Cover,200000.0,Claim-Based,"One-time financial relief grant for dialysis, chemotherapy, and heart surgery. (₹200,000)"
1532,maharashtra-phase-3-free-diagnostic-tests-medicine-scheme,Free Diagnostic Tests & Medicine Scheme,Direct Cash Transfer (DBT),10000.0,One-Time,"100% free prescription drugs and pathology tests at government clinics. (₹10,000)"
1533,maharashtra-phase-3-senior-citizen-specialized-geriatric-care,Senior Citizen Specialized Geriatric Care,Direct Cash Transfer (DBT),15000.0,One-Time,"Free cataract surgeries, hearing aids, and doorstep chronic care medicine. (₹15,000)"
1534,maharashtra-phase-3-emergency-accidental-trauma-insurance,Emergency Accidental Trauma Insurance,Health & Accidental Insurance Cover,100000.0,Claim-Based,"Immediate cashless golden-hour emergency trauma care coverage. (₹100,000)"
1535,maharashtra-phase-3-old-age-social-security-pension,Old Age Social Security Pension,Monthly Social Security Pension,12000.0,Monthly,"Monthly direct benefit transfer pension for elderly citizens aged 60 and above. (₹12,000)"
1536,maharashtra-phase-3-divyangjan-disability-monthly-pension,Divyangjan Disability Monthly Pension,Monthly Social Security Pension,18000.0,Monthly,"Monthly financial support and motorized tricycle allowance for disabled persons. (₹18,000)"
1537,maharashtra-phase-3-antyodaya-subsidized-food-security,Antyodaya Subsidized Food Security,Subsidized Food & Nutrition,8000.0,Monthly,"Subsidized monthly ration of 35kg foodgrains for poorest-of-poor households. (₹8,000)"
1538,maharashtra-phase-3-sanitation-workers-rehabilitation-grant,Sanitation Workers Rehabilitation Grant,Asset & Equipment Subsidy,40000.0,One-Time,"Capital subsidy and skill retraining for sanitary workers and sewer workers. (₹40,000)"
1539,maharashtra-phase-3-tribal-livelihood-forest-produce-grant,Tribal Livelihood & Forest Produce Grant,Asset & Equipment Subsidy,20000.0,One-Time,"Direct procurement support and value addition subsidy for minor forest produce. (₹20,000)"
1540,maharashtra-phase-3-youth-apprenticeship-monthly-stipend,Youth Apprenticeship Monthly Stipend,Scholarship & Academic Stipend,18000.0,Monthly,"Direct government stipend top-up for technical industrial apprenticeships. (₹18,000)"
1541,maharashtra-phase-3-artisan-craftsman-modern-tool-kit-grant,Artisan & Craftsman Modern Tool Kit Grant,Subsidized / Collateral-Free Loan,20000.0,One-Time,"Free motorized toolkits and collateral-free micro credit for traditional artisans. (₹20,000)"
1542,maharashtra-phase-3-rural-youth-driving-heavy-machinery-training,Rural Youth Driving & Heavy Machinery Training,Asset & Equipment Subsidy,25000.0,One-Time,"100% sponsored commercial vehicle and excavator driver training. (₹25,000)"
1543,maharashtra-phase-3-it-emerging-tech-bootcamp-voucher,IT & Emerging Tech Bootcamp Voucher,Scholarship & Academic Stipend,35000.0,One-Time,"Full tuition sponsorship for AI, Cloud, and Software certification bootcamps. (₹35,000)"
1544,maharashtra-phase-3-self-employment-micro-credit-guarantee,Self-Employment Micro-Credit Guarantee,Subsidized / Collateral-Free Loan,500000.0,One-Time,"Collateral-free subsidized loan up to ₹5 Lakh for starting local enterprises. (₹100,000)"
1545,maharashtra-phase-3-pucca-house-construction-subsidy,Pucca House Construction Subsidy,Asset & Equipment Subsidy,150000.0,Quarterly,"Direct installment financial grant for building disaster-resilient pucca home. (₹150,000)"
1546,maharashtra-phase-3-rooftop-solar-green-energy-assistance,Rooftop Solar & Green Energy Assistance,Asset & Equipment Subsidy,50000.0,One-Time,"Capital subsidy for grid-connected rooftop solar installation for homeowners. (₹50,000)"
1547,maharashtra-phase-3-slum-rehabilitation-ews-flat-allocation,Slum Rehabilitation & EWS Flat Allocation,Asset & Equipment Subsidy,250000.0,One-Time,"Subsidized ownership allotment of 1BHK flats with basic civic amenities. (₹250,000)"
1548,maharashtra-phase-3-rural-toilet-water-tap-incentive,Rural Toilet & Water Tap Incentive,Direct Cash Transfer (DBT),12000.0,One-Time,"Financial assistance for individual household latrines and clean piped tap. (₹12,000)"
1549,maharashtra-phase-3-micro-enterprise-collateral-free-loan,Micro Enterprise Collateral-Free Loan,Subsidized / Collateral-Free Loan,1000000.0,One-Time,"Guaranteed working capital and equipment loan up to ₹10 Lakh at subsidized interest. (₹200,000)"
1550,maharashtra-phase-3-women-entrepreneur-startup-grant,Women Entrepreneur Startup Grant,Direct Cash Transfer (DBT),100000.0,One-Time,"Seed funding capital grant for innovative women-founded MSME ventures. (₹100,000)"
1551,maharashtra-phase-3-export-promotion-quality-certification-subsidy,Export Promotion & Quality Certification Subsidy,Asset & Equipment Subsidy,75000.0,One-Time,"Reimbursement for ISO, ZED, and international trade mark registration costs. (₹75,000)"
1552,maharashtra-phase-3-credit-linked-capital-subsidy-for-tech-upgradation,Credit Linked Capital Subsidy for Tech Upgradation,Asset & Equipment Subsidy,150000.0,One-Time,"15% upfront capital subsidy for machinery modernization in manufacturing. (₹150,000)"
1553,maharashtra-phase-3-e-vehicle-green-mobility-subsidy,E-Vehicle & Green Mobility Subsidy,Asset & Equipment Subsidy,20000.0,One-Time,"Direct cash incentive on purchase of electric 2-wheelers and 3-wheelers. (₹20,000)"
1554,maharashtra-phase-3-rainwater-harvesting-ground-water-recharge-grant,Rainwater Harvesting & Ground Water Recharge Grant,Asset & Equipment Subsidy,15000.0,One-Time,"Subsidized rooftop rainwater harvesting system for individual residences. (₹15,000)"
1555,maharashtra-phase-3-bio-gas-cattle-dung-renewable-plant-subsidy,Bio-Gas & Cattle Dung Renewable Plant Subsidy,Asset & Equipment Subsidy,18000.0,One-Time,"Financial support for installing domestic Gobar-Dhan biogas units. (₹18,000)"
1556,maharashtra-phase-4-kisan-samriddhi-crop-assistance,Kisan Samriddhi & Crop Assistance,Asset & Equipment Subsidy,6000.0,One-Time,"Financial input subsidy for seed, fertilizer, and organic cultivation equipment. (₹6,000)"
1557,maharashtra-phase-4-solar-krishi-pump-subsidy,Solar Krishi Pump Subsidy,Asset & Equipment Subsidy,75000.0,One-Time,"Up to 90% capital subsidy for installing off-grid solar irrigation pumps. (₹75,000)"
1558,maharashtra-phase-4-horticulture-drip-irrigation-grant,Horticulture & Drip Irrigation Grant,Asset & Equipment Subsidy,25000.0,One-Time,"Direct subsidy for drip, sprinkler, and precision micro-irrigation installation. (₹25,000)"
1559,maharashtra-phase-4-dairy-cattle-development-incentive,Dairy & Cattle Development Incentive,Direct Cash Transfer (DBT),40000.0,One-Time,"Financial assistance for purchasing high-yield milch cows and buffaloes. (₹40,000)"
1560,maharashtra-phase-4-fodder-cultivation-animal-care-grant,Fodder Cultivation & Animal Care Grant,Asset & Equipment Subsidy,12000.0,One-Time,"Subsidized silage, quality seeds, and livestock health vaccination support. (₹12,000)"
1561,maharashtra-phase-4-fisheries-pond-biofloc-support,Fisheries Pond & Biofloc Support,Direct Cash Transfer (DBT),50000.0,One-Time,"Capital grant for biofloc fish farming, fingerling supply, and aerators. (₹50,000)"
1562,maharashtra-phase-4-soil-health-organic-farming-mission,Soil Health & Organic Farming Mission,Direct Cash Transfer (DBT),8000.0,One-Time,"Free soil nutrient testing kit and bio-compost financial top-up grant. (₹8,000)"
1563,maharashtra-phase-4-farm-mechanization-rotavator-subsidy,Farm Mechanization & Rotavator Subsidy,Asset & Equipment Subsidy,60000.0,One-Time,"Up to 50% subsidy on modern harvesters, rotavators, and custom hiring centers. (₹60,000)"
1564,maharashtra-phase-4-post-matric-merit-scholarship,Post-Matric Merit Scholarship,Scholarship & Academic Stipend,18000.0,One-Time,"Tuition fee waiver and maintenance stipend for higher collegiate education. (₹18,000)"
1565,maharashtra-phase-4-free-digital-tablet-laptop-distribution,Free Digital Tablet & Laptop Distribution,Asset & Equipment Subsidy,15000.0,One-Time,"High-speed digital learning devices distributed to meritorious board students. (₹15,000)"
1566,maharashtra-phase-4-competitive-exam-coaching-assistance,Competitive Exam Coaching Assistance,Scholarship & Academic Stipend,50000.0,One-Time,"100% sponsored classroom coaching for UPSC, PSC, JEE, and NEET exams. (₹50,000)"
1567,maharashtra-phase-4-girl-child-higher-education-incentive,Girl Child Higher Education Incentive,Direct Cash Transfer (DBT),25000.0,One-Time,"Direct milestone grant upon enrolling in undergraduate degree programs. (₹25,000)"
1568,maharashtra-phase-4-technical-polytechnic-skill-stipend,Technical & Polytechnic Skill Stipend,Scholarship & Academic Stipend,12000.0,Monthly,"Monthly allowance for students pursuing diploma and industrial training. (₹12,000)"
1569,maharashtra-phase-4-overseas-education-scholarship-for-ews,Overseas Education Scholarship for EWS,Subsidized / Collateral-Free Loan,500000.0,One-Time,"Educational loan interest subsidy for foreign universities. (₹500,000)"
1570,maharashtra-phase-4-special-education-aid-for-divyang-students,Special Education Aid for Divyang Students,Direct Cash Transfer (DBT),20000.0,One-Time,"Assistive braille, hearing aids, and transport allowance for disabled students. (₹20,000)"
1571,maharashtra-phase-4-matru-kalyan-nutrition-dbt,Matru Kalyan & Nutrition DBT,Subsidized Food & Nutrition,6000.0,One-Time,"Conditional cash transfer across pregnancy trimesters and post-natal care. (₹6,000)"
1572,maharashtra-phase-4-mahila-swavalamban-livelihood-grant,Mahila Swavalamban Livelihood Grant,Direct Cash Transfer (DBT),50000.0,One-Time,"Revolving seed fund for women Self-Help Groups (SHGs) to start enterprises. (₹50,000)"
1573,maharashtra-phase-4-kanya-vivah-marriage-assistance,Kanya Vivah & Marriage Assistance,Direct Cash Transfer (DBT),51000.0,One-Time,"Direct financial grant for marriage of daughters from economically weaker families. (₹51,000)"
1574,maharashtra-phase-4-working-women-hostel-transport-subsidy,Working Women Hostel & Transport Subsidy,Asset & Equipment Subsidy,15000.0,Monthly,"Subsidized secure safe housing and monthly urban commute pass. (₹15,000)"
1575,manipur-kisan-samriddhi-crop-assistance,Kisan Samriddhi & Crop Assistance,Asset & Equipment Subsidy,6000.0,One-Time,"Financial input subsidy for seed, fertilizer, and organic cultivation equipment. (₹6,000)"
1576,manipur-solar-krishi-pump-subsidy,Solar Krishi Pump Subsidy,Asset & Equipment Subsidy,75000.0,One-Time,"Up to 90% capital subsidy for installing off-grid solar irrigation pumps. (₹75,000)"
1577,manipur-horticulture-drip-irrigation-grant,Horticulture & Drip Irrigation Grant,Asset & Equipment Subsidy,25000.0,One-Time,"Direct subsidy for drip, sprinkler, and precision micro-irrigation installation. (₹25,000)"
1578,manipur-dairy-cattle-development-incentive,Dairy & Cattle Development Incentive,Direct Cash Transfer (DBT),40000.0,One-Time,"Financial assistance for purchasing high-yield milch cows and buffaloes. (₹40,000)"
1579,manipur-fodder-cultivation-animal-care-grant,Fodder Cultivation & Animal Care Grant,Asset & Equipment Subsidy,12000.0,One-Time,"Subsidized silage, quality seeds, and livestock health vaccination support. (₹12,000)"
1580,manipur-fisheries-pond-biofloc-support,Fisheries Pond & Biofloc Support,Direct Cash Transfer (DBT),50000.0,One-Time,"Capital grant for biofloc fish farming, fingerling supply, and aerators. (₹50,000)"
1581,manipur-soil-health-organic-farming-mission,Soil Health & Organic Farming Mission,Direct Cash Transfer (DBT),8000.0,One-Time,"Free soil nutrient testing kit and bio-compost financial top-up grant. (₹8,000)"
1582,manipur-farm-mechanization-rotavator-subsidy,Farm Mechanization & Rotavator Subsidy,Asset & Equipment Subsidy,60000.0,One-Time,"Up to 50% subsidy on modern harvesters, rotavators, and custom hiring centers. (₹60,000)"
1583,manipur-post-matric-merit-scholarship,Post-Matric Merit Scholarship,Scholarship & Academic Stipend,18000.0,One-Time,"Tuition fee waiver and maintenance stipend for higher collegiate education. (₹18,000)"
1584,manipur-free-digital-tablet-laptop-distribution,Free Digital Tablet & Laptop Distribution,Asset & Equipment Subsidy,15000.0,One-Time,"High-speed digital learning devices distributed to meritorious board students. (₹15,000)"
1587,manipur-technical-polytechnic-skill-stipend,Technical & Polytechnic Skill Stipend,Scholarship & Academic Stipend,12000.0,Monthly,"Monthly allowance for students pursuing diploma and industrial training. (₹12,000)"
1588,manipur-overseas-education-scholarship-for-ews,Overseas Education Scholarship for EWS,Subsidized / Collateral-Free Loan,500000.0,One-Time,"Educational loan interest subsidy for foreign universities. (₹500,000)"
1589,manipur-special-education-aid-for-divyang-students,Special Education Aid for Divyang Students,Direct Cash Transfer (DBT),20000.0,One-Time,"Assistive braille, hearing aids, and transport allowance for disabled students. (₹20,000)"
1590,manipur-matru-kalyan-nutrition-dbt,Matru Kalyan & Nutrition DBT,Subsidized Food & Nutrition,6000.0,One-Time,"Conditional cash transfer across pregnancy trimesters and post-natal care. (₹6,000)"
1591,manipur-mahila-swavalamban-livelihood-grant,Mahila Swavalamban Livelihood Grant,Direct Cash Transfer (DBT),50000.0,One-Time,"Revolving seed fund for women Self-Help Groups (SHGs) to start enterprises. (₹50,000)"
1592,manipur-kanya-vivah-marriage-assistance,Kanya Vivah & Marriage Assistance,Direct Cash Transfer (DBT),51000.0,One-Time,"Direct financial grant for marriage of daughters from economically weaker families. (₹51,000)"
1593,manipur-working-women-hostel-transport-subsidy,Working Women Hostel & Transport Subsidy,Asset & Equipment Subsidy,15000.0,Monthly,"Subsidized secure safe housing and monthly urban commute pass. (₹15,000)"
1594,manipur-single-mother-destitute-women-pension,Single Mother & Destitute Women Pension,Monthly Social Security Pension,15000.0,Monthly,"Monthly social security pension for widowed and abandoned women. (₹15,000)"
1595,manipur-sukanya-samriddhi-high-interest-top-up,Sukanya Samriddhi High-Interest Top-Up,Asset & Equipment Subsidy,10000.0,One-Time,"State government interest subsidy top-up on girl child savings accounts. (₹10,000)"
1596,manipur-universal-cashless-health-insurance,Universal Cashless Health Insurance,Health & Accidental Insurance Cover,500000.0,Annual,"Annual cashless hospitalization and surgical treatment cover in network hospitals. (₹500,000)"
1597,manipur-critical-illness-relief-fund-cancer-kidney,Critical Illness Relief Fund (Cancer & Kidney),Health & Accidental Insurance Cover,200000.0,Claim-Based,"One-time financial relief grant for dialysis, chemotherapy, and heart surgery. (₹200,000)"
1598,manipur-free-diagnostic-tests-medicine-scheme,Free Diagnostic Tests & Medicine Scheme,Direct Cash Transfer (DBT),10000.0,One-Time,"100% free prescription drugs and pathology tests at government clinics. (₹10,000)"
1599,manipur-senior-citizen-specialized-geriatric-care,Senior Citizen Specialized Geriatric Care,Direct Cash Transfer (DBT),15000.0,One-Time,"Free cataract surgeries, hearing aids, and doorstep chronic care medicine. (₹15,000)"
1600,manipur-emergency-accidental-trauma-insurance,Emergency Accidental Trauma Insurance,Health & Accidental Insurance Cover,100000.0,Claim-Based,"Immediate cashless golden-hour emergency trauma care coverage. (₹100,000)"
1601,manipur-old-age-social-security-pension,Old Age Social Security Pension,Monthly Social Security Pension,12000.0,Monthly,"Monthly direct benefit transfer pension for elderly citizens aged 60 and above. (₹12,000)"
1602,manipur-divyangjan-disability-monthly-pension,Divyangjan Disability Monthly Pension,Monthly Social Security Pension,18000.0,Monthly,"Monthly financial support and motorized tricycle allowance for disabled persons. (₹18,000)"
1603,manipur-antyodaya-subsidized-food-security,Antyodaya Subsidized Food Security,Subsidized Food & Nutrition,8000.0,Monthly,"Subsidized monthly ration of 35kg foodgrains for poorest-of-poor households. (₹8,000)"
1604,manipur-sanitation-workers-rehabilitation-grant,Sanitation Workers Rehabilitation Grant,Asset & Equipment Subsidy,40000.0,One-Time,"Capital subsidy and skill retraining for sanitary workers and sewer workers. (₹40,000)"
1605,manipur-tribal-livelihood-forest-produce-grant,Tribal Livelihood & Forest Produce Grant,Asset & Equipment Subsidy,20000.0,One-Time,"Direct procurement support and value addition subsidy for minor forest produce. (₹20,000)"
1606,manipur-youth-apprenticeship-monthly-stipend,Youth Apprenticeship Monthly Stipend,Scholarship & Academic Stipend,18000.0,Monthly,"Direct government stipend top-up for technical industrial apprenticeships. (₹18,000)"
1607,manipur-artisan-craftsman-modern-tool-kit-grant,Artisan & Craftsman Modern Tool Kit Grant,Subsidized / Collateral-Free Loan,20000.0,One-Time,"Free motorized toolkits and collateral-free micro credit for traditional artisans. (₹20,000)"
1608,manipur-rural-youth-driving-heavy-machinery-training,Rural Youth Driving & Heavy Machinery Training,Asset & Equipment Subsidy,25000.0,One-Time,"100% sponsored commercial vehicle and excavator driver training. (₹25,000)"
1609,manipur-it-emerging-tech-bootcamp-voucher,IT & Emerging Tech Bootcamp Voucher,Scholarship & Academic Stipend,35000.0,One-Time,"Full tuition sponsorship for AI, Cloud, and Software certification bootcamps. (₹35,000)"
1610,manipur-self-employment-micro-credit-guarantee,Self-Employment Micro-Credit Guarantee,Subsidized / Collateral-Free Loan,500000.0,One-Time,"Collateral-free subsidized loan up to ₹5 Lakh for starting local enterprises. (₹100,000)"
1611,manipur-pucca-house-construction-subsidy,Pucca House Construction Subsidy,Asset & Equipment Subsidy,150000.0,Quarterly,"Direct installment financial grant for building disaster-resilient pucca home. (₹150,000)"
1612,manipur-rooftop-solar-green-energy-assistance,Rooftop Solar & Green Energy Assistance,Asset & Equipment Subsidy,50000.0,One-Time,"Capital subsidy for grid-connected rooftop solar installation for homeowners. (₹50,000)"
1613,manipur-slum-rehabilitation-ews-flat-allocation,Slum Rehabilitation & EWS Flat Allocation,Asset & Equipment Subsidy,250000.0,One-Time,"Subsidized ownership allotment of 1BHK flats with basic civic amenities. (₹250,000)"
1614,manipur-rural-toilet-water-tap-incentive,Rural Toilet & Water Tap Incentive,Direct Cash Transfer (DBT),12000.0,One-Time,"Financial assistance for individual household latrines and clean piped tap. (₹12,000)"
1615,manipur-micro-enterprise-collateral-free-loan,Micro Enterprise Collateral-Free Loan,Subsidized / Collateral-Free Loan,1000000.0,One-Time,"Guaranteed working capital and equipment loan up to ₹10 Lakh at subsidized interest. (₹200,000)"
1616,manipur-women-entrepreneur-startup-grant,Women Entrepreneur Startup Grant,Direct Cash Transfer (DBT),100000.0,One-Time,"Seed funding capital grant for innovative women-founded MSME ventures. (₹100,000)"
1617,manipur-export-promotion-quality-certification-subsidy,Export Promotion & Quality Certification Subsidy,Asset & Equipment Subsidy,75000.0,One-Time,"Reimbursement for ISO, ZED, and international trade mark registration costs. (₹75,000)"
1618,manipur-credit-linked-capital-subsidy-for-tech-upgradation,Credit Linked Capital Subsidy for Tech Upgradation,Asset & Equipment Subsidy,150000.0,One-Time,"15% upfront capital subsidy for machinery modernization in manufacturing. (₹150,000)"
1619,manipur-e-vehicle-green-mobility-subsidy,E-Vehicle & Green Mobility Subsidy,Asset & Equipment Subsidy,20000.0,One-Time,"Direct cash incentive on purchase of electric 2-wheelers and 3-wheelers. (₹20,000)"
1620,manipur-rainwater-harvesting-ground-water-recharge-grant,Rainwater Harvesting & Ground Water Recharge Grant,Asset & Equipment Subsidy,15000.0,One-Time,"Subsidized rooftop rainwater harvesting system for individual residences. (₹15,000)"
1621,manipur-bio-gas-cattle-dung-renewable-plant-subsidy,Bio-Gas & Cattle Dung Renewable Plant Subsidy,Asset & Equipment Subsidy,18000.0,One-Time,"Financial support for installing domestic Gobar-Dhan biogas units. (₹18,000)"
1622,manipur-phase-2-kisan-samriddhi-crop-assistance,Kisan Samriddhi & Crop Assistance,Asset & Equipment Subsidy,6000.0,One-Time,"Financial input subsidy for seed, fertilizer, and organic cultivation equipment. (₹6,000)"
1623,manipur-phase-2-solar-krishi-pump-subsidy,Solar Krishi Pump Subsidy,Asset & Equipment Subsidy,75000.0,One-Time,"Up to 90% capital subsidy for installing off-grid solar irrigation pumps. (₹75,000)"
1624,manipur-phase-2-horticulture-drip-irrigation-grant,Horticulture & Drip Irrigation Grant,Asset & Equipment Subsidy,25000.0,One-Time,"Direct subsidy for drip, sprinkler, and precision micro-irrigation installation. (₹25,000)"
1625,manipur-phase-2-dairy-cattle-development-incentive,Dairy & Cattle Development Incentive,Direct Cash Transfer (DBT),40000.0,One-Time,"Financial assistance for purchasing high-yield milch cows and buffaloes. (₹40,000)"
1626,manipur-phase-2-fodder-cultivation-animal-care-grant,Fodder Cultivation & Animal Care Grant,Asset & Equipment Subsidy,12000.0,One-Time,"Subsidized silage, quality seeds, and livestock health vaccination support. (₹12,000)"
1627,manipur-phase-2-fisheries-pond-biofloc-support,Fisheries Pond & Biofloc Support,Direct Cash Transfer (DBT),50000.0,One-Time,"Capital grant for biofloc fish farming, fingerling supply, and aerators. (₹50,000)"
1628,manipur-phase-2-soil-health-organic-farming-mission,Soil Health & Organic Farming Mission,Direct Cash Transfer (DBT),8000.0,One-Time,"Free soil nutrient testing kit and bio-compost financial top-up grant. (₹8,000)"
1629,manipur-phase-2-farm-mechanization-rotavator-subsidy,Farm Mechanization & Rotavator Subsidy,Asset & Equipment Subsidy,60000.0,One-Time,"Up to 50% subsidy on modern harvesters, rotavators, and custom hiring centers. (₹60,000)"
1630,manipur-phase-2-post-matric-merit-scholarship,Post-Matric Merit Scholarship,Scholarship & Academic Stipend,18000.0,One-Time,"Tuition fee waiver and maintenance stipend for higher collegiate education. (₹18,000)"
1631,manipur-phase-2-free-digital-tablet-laptop-distribution,Free Digital Tablet & Laptop Distribution,Asset & Equipment Subsidy,15000.0,One-Time,"High-speed digital learning devices distributed to meritorious board students. (₹15,000)"
1632,manipur-phase-2-competitive-exam-coaching-assistance,Competitive Exam Coaching Assistance,Scholarship & Academic Stipend,50000.0,One-Time,"100% sponsored classroom coaching for UPSC, PSC, JEE, and NEET exams. (₹50,000)"
1633,manipur-phase-2-girl-child-higher-education-incentive,Girl Child Higher Education Incentive,Direct Cash Transfer (DBT),25000.0,One-Time,"Direct milestone grant upon enrolling in undergraduate degree programs. (₹25,000)"
1634,manipur-phase-2-technical-polytechnic-skill-stipend,Technical & Polytechnic Skill Stipend,Scholarship & Academic Stipend,12000.0,Monthly,"Monthly allowance for students pursuing diploma and industrial training. (₹12,000)"
1635,meghalaya-kisan-samriddhi-crop-assistance,Kisan Samriddhi & Crop Assistance,Asset & Equipment Subsidy,6000.0,One-Time,"Financial input subsidy for seed, fertilizer, and organic cultivation equipment. (₹6,000)"
1636,meghalaya-solar-krishi-pump-subsidy,Solar Krishi Pump Subsidy,Asset & Equipment Subsidy,75000.0,One-Time,"Up to 90% capital subsidy for installing off-grid solar irrigation pumps. (₹75,000)"
1637,meghalaya-horticulture-drip-irrigation-grant,Horticulture & Drip Irrigation Grant,Asset & Equipment Subsidy,25000.0,One-Time,"Direct subsidy for drip, sprinkler, and precision micro-irrigation installation. (₹25,000)"
1638,meghalaya-dairy-cattle-development-incentive,Dairy & Cattle Development Incentive,Direct Cash Transfer (DBT),40000.0,One-Time,"Financial assistance for purchasing high-yield milch cows and buffaloes. (₹40,000)"
1639,meghalaya-fodder-cultivation-animal-care-grant,Fodder Cultivation & Animal Care Grant,Asset & Equipment Subsidy,12000.0,One-Time,"Subsidized silage, quality seeds, and livestock health vaccination support. (₹12,000)"
1640,meghalaya-fisheries-pond-biofloc-support,Fisheries Pond & Biofloc Support,Direct Cash Transfer (DBT),50000.0,One-Time,"Capital grant for biofloc fish farming, fingerling supply, and aerators. (₹50,000)"
1641,meghalaya-soil-health-organic-farming-mission,Soil Health & Organic Farming Mission,Direct Cash Transfer (DBT),8000.0,One-Time,"Free soil nutrient testing kit and bio-compost financial top-up grant. (₹8,000)"
1642,meghalaya-farm-mechanization-rotavator-subsidy,Farm Mechanization & Rotavator Subsidy,Asset & Equipment Subsidy,60000.0,One-Time,"Up to 50% subsidy on modern harvesters, rotavators, and custom hiring centers. (₹60,000)"
1643,meghalaya-post-matric-merit-scholarship,Post-Matric Merit Scholarship,Scholarship & Academic Stipend,18000.0,One-Time,"Tuition fee waiver and maintenance stipend for higher collegiate education. (₹18,000)"
1644,meghalaya-free-digital-tablet-laptop-distribution,Free Digital Tablet & Laptop Distribution,Asset & Equipment Subsidy,15000.0,One-Time,"High-speed digital learning devices distributed to meritorious board students. (₹15,000)"
1645,meghalaya-competitive-exam-coaching-assistance,Competitive Exam Coaching Assistance,Scholarship & Academic Stipend,50000.0,One-Time,"100% sponsored classroom coaching for UPSC, PSC, JEE, and NEET exams. (₹50,000)"
1646,meghalaya-girl-child-higher-education-incentive,Girl Child Higher Education Incentive,Direct Cash Transfer (DBT),25000.0,One-Time,"Direct milestone grant upon enrolling in undergraduate degree programs. (₹25,000)"
1647,meghalaya-technical-polytechnic-skill-stipend,Technical & Polytechnic Skill Stipend,Scholarship & Academic Stipend,12000.0,Monthly,"Monthly allowance for students pursuing diploma and industrial training. (₹12,000)"
1648,meghalaya-overseas-education-scholarship-for-ews,Overseas Education Scholarship for EWS,Subsidized / Collateral-Free Loan,500000.0,One-Time,"Educational loan interest subsidy for foreign universities. (₹500,000)"
1649,meghalaya-special-education-aid-for-divyang-students,Special Education Aid for Divyang Students,Direct Cash Transfer (DBT),20000.0,One-Time,"Assistive braille, hearing aids, and transport allowance for disabled students. (₹20,000)"
1650,meghalaya-matru-kalyan-nutrition-dbt,Matru Kalyan & Nutrition DBT,Subsidized Food & Nutrition,6000.0,One-Time,"Conditional cash transfer across pregnancy trimesters and post-natal care. (₹6,000)"
1651,meghalaya-mahila-swavalamban-livelihood-grant,Mahila Swavalamban Livelihood Grant,Direct Cash Transfer (DBT),50000.0,One-Time,"Revolving seed fund for women Self-Help Groups (SHGs) to start enterprises. (₹50,000)"
1652,meghalaya-kanya-vivah-marriage-assistance,Kanya Vivah & Marriage Assistance,Direct Cash Transfer (DBT),51000.0,One-Time,"Direct financial grant for marriage of daughters from economically weaker families. (₹51,000)"
1653,meghalaya-working-women-hostel-transport-subsidy,Working Women Hostel & Transport Subsidy,Asset & Equipment Subsidy,15000.0,Monthly,"Subsidized secure safe housing and monthly urban commute pass. (₹15,000)"
1654,meghalaya-single-mother-destitute-women-pension,Single Mother & Destitute Women Pension,Monthly Social Security Pension,15000.0,Monthly,"Monthly social security pension for widowed and abandoned women. (₹15,000)"
1655,meghalaya-sukanya-samriddhi-high-interest-top-up,Sukanya Samriddhi High-Interest Top-Up,Asset & Equipment Subsidy,10000.0,One-Time,"State government interest subsidy top-up on girl child savings accounts. (₹10,000)"
1656,meghalaya-universal-cashless-health-insurance,Universal Cashless Health Insurance,Health & Accidental Insurance Cover,500000.0,Annual,"Annual cashless hospitalization and surgical treatment cover in network hospitals. (₹500,000)"
1657,meghalaya-critical-illness-relief-fund-cancer-kidney,Critical Illness Relief Fund (Cancer & Kidney),Health & Accidental Insurance Cover,200000.0,Claim-Based,"One-time financial relief grant for dialysis, chemotherapy, and heart surgery. (₹200,000)"
1658,meghalaya-free-diagnostic-tests-medicine-scheme,Free Diagnostic Tests & Medicine Scheme,Direct Cash Transfer (DBT),10000.0,One-Time,"100% free prescription drugs and pathology tests at government clinics. (₹10,000)"
1659,meghalaya-senior-citizen-specialized-geriatric-care,Senior Citizen Specialized Geriatric Care,Direct Cash Transfer (DBT),15000.0,One-Time,"Free cataract surgeries, hearing aids, and doorstep chronic care medicine. (₹15,000)"
1660,meghalaya-emergency-accidental-trauma-insurance,Emergency Accidental Trauma Insurance,Health & Accidental Insurance Cover,100000.0,Claim-Based,"Immediate cashless golden-hour emergency trauma care coverage. (₹100,000)"
1661,meghalaya-old-age-social-security-pension,Old Age Social Security Pension,Monthly Social Security Pension,12000.0,Monthly,"Monthly direct benefit transfer pension for elderly citizens aged 60 and above. (₹12,000)"
1662,meghalaya-divyangjan-disability-monthly-pension,Divyangjan Disability Monthly Pension,Monthly Social Security Pension,18000.0,Monthly,"Monthly financial support and motorized tricycle allowance for disabled persons. (₹18,000)"
1663,meghalaya-antyodaya-subsidized-food-security,Antyodaya Subsidized Food Security,Subsidized Food & Nutrition,8000.0,Monthly,"Subsidized monthly ration of 35kg foodgrains for poorest-of-poor households. (₹8,000)"
1664,meghalaya-sanitation-workers-rehabilitation-grant,Sanitation Workers Rehabilitation Grant,Asset & Equipment Subsidy,40000.0,One-Time,"Capital subsidy and skill retraining for sanitary workers and sewer workers. (₹40,000)"
1665,meghalaya-tribal-livelihood-forest-produce-grant,Tribal Livelihood & Forest Produce Grant,Asset & Equipment Subsidy,20000.0,One-Time,"Direct procurement support and value addition subsidy for minor forest produce. (₹20,000)"
1666,meghalaya-youth-apprenticeship-monthly-stipend,Youth Apprenticeship Monthly Stipend,Scholarship & Academic Stipend,18000.0,Monthly,"Direct government stipend top-up for technical industrial apprenticeships. (₹18,000)"
1667,meghalaya-artisan-craftsman-modern-tool-kit-grant,Artisan & Craftsman Modern Tool Kit Grant,Subsidized / Collateral-Free Loan,20000.0,One-Time,"Free motorized toolkits and collateral-free micro credit for traditional artisans. (₹20,000)"
1668,meghalaya-rural-youth-driving-heavy-machinery-training,Rural Youth Driving & Heavy Machinery Training,Asset & Equipment Subsidy,25000.0,One-Time,"100% sponsored commercial vehicle and excavator driver training. (₹25,000)"
1669,meghalaya-it-emerging-tech-bootcamp-voucher,IT & Emerging Tech Bootcamp Voucher,Scholarship & Academic Stipend,35000.0,One-Time,"Full tuition sponsorship for AI, Cloud, and Software certification bootcamps. (₹35,000)"
1670,meghalaya-self-employment-micro-credit-guarantee,Self-Employment Micro-Credit Guarantee,Subsidized / Collateral-Free Loan,500000.0,One-Time,"Collateral-free subsidized loan up to ₹5 Lakh for starting local enterprises. (₹100,000)"
1671,meghalaya-pucca-house-construction-subsidy,Pucca House Construction Subsidy,Asset & Equipment Subsidy,150000.0,Quarterly,"Direct installment financial grant for building disaster-resilient pucca home. (₹150,000)"
1672,meghalaya-rooftop-solar-green-energy-assistance,Rooftop Solar & Green Energy Assistance,Asset & Equipment Subsidy,50000.0,One-Time,"Capital subsidy for grid-connected rooftop solar installation for homeowners. (₹50,000)"
1673,meghalaya-slum-rehabilitation-ews-flat-allocation,Slum Rehabilitation & EWS Flat Allocation,Asset & Equipment Subsidy,250000.0,One-Time,"Subsidized ownership allotment of 1BHK flats with basic civic amenities. (₹250,000)"
1674,meghalaya-rural-toilet-water-tap-incentive,Rural Toilet & Water Tap Incentive,Direct Cash Transfer (DBT),12000.0,One-Time,"Financial assistance for individual household latrines and clean piped tap. (₹12,000)"
1675,meghalaya-micro-enterprise-collateral-free-loan,Micro Enterprise Collateral-Free Loan,Subsidized / Collateral-Free Loan,1000000.0,One-Time,"Guaranteed working capital and equipment loan up to ₹10 Lakh at subsidized interest. (₹200,000)"
1676,meghalaya-women-entrepreneur-startup-grant,Women Entrepreneur Startup Grant,Direct Cash Transfer (DBT),100000.0,One-Time,"Seed funding capital grant for innovative women-founded MSME ventures. (₹100,000)"
1677,meghalaya-export-promotion-quality-certification-subsidy,Export Promotion & Quality Certification Subsidy,Asset & Equipment Subsidy,75000.0,One-Time,"Reimbursement for ISO, ZED, and international trade mark registration costs. (₹75,000)"
1678,meghalaya-credit-linked-capital-subsidy-for-tech-upgradation,Credit Linked Capital Subsidy for Tech Upgradation,Asset & Equipment Subsidy,150000.0,One-Time,"15% upfront capital subsidy for machinery modernization in manufacturing. (₹150,000)"
1679,meghalaya-e-vehicle-green-mobility-subsidy,E-Vehicle & Green Mobility Subsidy,Asset & Equipment Subsidy,20000.0,One-Time,"Direct cash incentive on purchase of electric 2-wheelers and 3-wheelers. (₹20,000)"
1680,meghalaya-rainwater-harvesting-ground-water-recharge-grant,Rainwater Harvesting & Ground Water Recharge Grant,Asset & Equipment Subsidy,15000.0,One-Time,"Subsidized rooftop rainwater harvesting system for individual residences. (₹15,000)"
1681,meghalaya-bio-gas-cattle-dung-renewable-plant-subsidy,Bio-Gas & Cattle Dung Renewable Plant Subsidy,Asset & Equipment Subsidy,18000.0,One-Time,"Financial support for installing domestic Gobar-Dhan biogas units. (₹18,000)"
1682,meghalaya-phase-2-kisan-samriddhi-crop-assistance,Kisan Samriddhi & Crop Assistance,Asset & Equipment Subsidy,6000.0,One-Time,"Financial input subsidy for seed, fertilizer, and organic cultivation equipment. (₹6,000)"
1683,meghalaya-phase-2-solar-krishi-pump-subsidy,Solar Krishi Pump Subsidy,Asset & Equipment Subsidy,75000.0,One-Time,"Up to 90% capital subsidy for installing off-grid solar irrigation pumps. (₹75,000)"
1684,meghalaya-phase-2-horticulture-drip-irrigation-grant,Horticulture & Drip Irrigation Grant,Asset & Equipment Subsidy,25000.0,One-Time,"Direct subsidy for drip, sprinkler, and precision micro-irrigation installation. (₹25,000)"
1685,meghalaya-phase-2-dairy-cattle-development-incentive,Dairy & Cattle Development Incentive,Direct Cash Transfer (DBT),40000.0,One-Time,"Financial assistance for purchasing high-yield milch cows and buffaloes. (₹40,000)"
1686,meghalaya-phase-2-fodder-cultivation-animal-care-grant,Fodder Cultivation & Animal Care Grant,Asset & Equipment Subsidy,12000.0,One-Time,"Subsidized silage, quality seeds, and livestock health vaccination support. (₹12,000)"
1687,meghalaya-phase-2-fisheries-pond-biofloc-support,Fisheries Pond & Biofloc Support,Direct Cash Transfer (DBT),50000.0,One-Time,"Capital grant for biofloc fish farming, fingerling supply, and aerators. (₹50,000)"
1688,meghalaya-phase-2-soil-health-organic-farming-mission,Soil Health & Organic Farming Mission,Direct Cash Transfer (DBT),8000.0,One-Time,"Free soil nutrient testing kit and bio-compost financial top-up grant. (₹8,000)"
1689,meghalaya-phase-2-farm-mechanization-rotavator-subsidy,Farm Mechanization & Rotavator Subsidy,Asset & Equipment Subsidy,60000.0,One-Time,"Up to 50% subsidy on modern harvesters, rotavators, and custom hiring centers. (₹60,000)"
1690,meghalaya-phase-2-post-matric-merit-scholarship,Post-Matric Merit Scholarship,Scholarship & Academic Stipend,18000.0,One-Time,"Tuition fee waiver and maintenance stipend for higher collegiate education. (₹18,000)"
1691,meghalaya-phase-2-free-digital-tablet-laptop-distribution,Free Digital Tablet & Laptop Distribution,Asset & Equipment Subsidy,15000.0,One-Time,"High-speed digital learning devices distributed to meritorious board students. (₹15,000)"
1692,meghalaya-phase-2-competitive-exam-coaching-assistance,Competitive Exam Coaching Assistance,Scholarship & Academic Stipend,50000.0,One-Time,"100% sponsored classroom coaching for UPSC, PSC, JEE, and NEET exams. (₹50,000)"
1693,meghalaya-phase-2-girl-child-higher-education-incentive,Girl Child Higher Education Incentive,Direct Cash Transfer (DBT),25000.0,One-Time,"Direct milestone grant upon enrolling in undergraduate degree programs. (₹25,000)"
1694,meghalaya-phase-2-technical-polytechnic-skill-stipend,Technical & Polytechnic Skill Stipend,Scholarship & Academic Stipend,12000.0,Monthly,"Monthly allowance for students pursuing diploma and industrial training. (₹12,000)"
1695,mizoram-kisan-samriddhi-crop-assistance,Kisan Samriddhi & Crop Assistance,Asset & Equipment Subsidy,6000.0,One-Time,"Financial input subsidy for seed, fertilizer, and organic cultivation equipment. (₹6,000)"
1696,mizoram-solar-krishi-pump-subsidy,Solar Krishi Pump Subsidy,Asset & Equipment Subsidy,75000.0,One-Time,"Up to 90% capital subsidy for installing off-grid solar irrigation pumps. (₹75,000)"
1697,mizoram-horticulture-drip-irrigation-grant,Horticulture & Drip Irrigation Grant,Asset & Equipment Subsidy,25000.0,One-Time,"Direct subsidy for drip, sprinkler, and precision micro-irrigation installation. (₹25,000)"
1698,mizoram-dairy-cattle-development-incentive,Dairy & Cattle Development Incentive,Direct Cash Transfer (DBT),40000.0,One-Time,"Financial assistance for purchasing high-yield milch cows and buffaloes. (₹40,000)"
1699,mizoram-fodder-cultivation-animal-care-grant,Fodder Cultivation & Animal Care Grant,Asset & Equipment Subsidy,12000.0,One-Time,"Subsidized silage, quality seeds, and livestock health vaccination support. (₹12,000)"
1700,mizoram-fisheries-pond-biofloc-support,Fisheries Pond & Biofloc Support,Direct Cash Transfer (DBT),50000.0,One-Time,"Capital grant for biofloc fish farming, fingerling supply, and aerators. (₹50,000)"
1701,mizoram-soil-health-organic-farming-mission,Soil Health & Organic Farming Mission,Direct Cash Transfer (DBT),8000.0,One-Time,"Free soil nutrient testing kit and bio-compost financial top-up grant. (₹8,000)"
1702,mizoram-farm-mechanization-rotavator-subsidy,Farm Mechanization & Rotavator Subsidy,Asset & Equipment Subsidy,60000.0,One-Time,"Up to 50% subsidy on modern harvesters, rotavators, and custom hiring centers. (₹60,000)"
1703,mizoram-post-matric-merit-scholarship,Post-Matric Merit Scholarship,Scholarship & Academic Stipend,18000.0,One-Time,"Tuition fee waiver and maintenance stipend for higher collegiate education. (₹18,000)"
1704,mizoram-free-digital-tablet-laptop-distribution,Free Digital Tablet & Laptop Distribution,Asset & Equipment Subsidy,15000.0,One-Time,"High-speed digital learning devices distributed to meritorious board students. (₹15,000)"
1705,mizoram-competitive-exam-coaching-assistance,Competitive Exam Coaching Assistance,Scholarship & Academic Stipend,50000.0,One-Time,"100% sponsored classroom coaching for UPSC, PSC, JEE, and NEET exams. (₹50,000)"
1706,mizoram-girl-child-higher-education-incentive,Girl Child Higher Education Incentive,Direct Cash Transfer (DBT),25000.0,One-Time,"Direct milestone grant upon enrolling in undergraduate degree programs. (₹25,000)"
1707,mizoram-technical-polytechnic-skill-stipend,Technical & Polytechnic Skill Stipend,Scholarship & Academic Stipend,12000.0,Monthly,"Monthly allowance for students pursuing diploma and industrial training. (₹12,000)"
1708,mizoram-overseas-education-scholarship-for-ews,Overseas Education Scholarship for EWS,Subsidized / Collateral-Free Loan,500000.0,One-Time,"Educational loan interest subsidy for foreign universities. (₹500,000)"
1709,mizoram-special-education-aid-for-divyang-students,Special Education Aid for Divyang Students,Direct Cash Transfer (DBT),20000.0,One-Time,"Assistive braille, hearing aids, and transport allowance for disabled students. (₹20,000)"
1710,mizoram-matru-kalyan-nutrition-dbt,Matru Kalyan & Nutrition DBT,Subsidized Food & Nutrition,6000.0,One-Time,"Conditional cash transfer across pregnancy trimesters and post-natal care. (₹6,000)"
1711,mizoram-mahila-swavalamban-livelihood-grant,Mahila Swavalamban Livelihood Grant,Direct Cash Transfer (DBT),50000.0,One-Time,"Revolving seed fund for women Self-Help Groups (SHGs) to start enterprises. (₹50,000)"
1712,mizoram-kanya-vivah-marriage-assistance,Kanya Vivah & Marriage Assistance,Direct Cash Transfer (DBT),51000.0,One-Time,"Direct financial grant for marriage of daughters from economically weaker families. (₹51,000)"
1713,mizoram-working-women-hostel-transport-subsidy,Working Women Hostel & Transport Subsidy,Asset & Equipment Subsidy,15000.0,Monthly,"Subsidized secure safe housing and monthly urban commute pass. (₹15,000)"
1714,mizoram-single-mother-destitute-women-pension,Single Mother & Destitute Women Pension,Monthly Social Security Pension,15000.0,Monthly,"Monthly social security pension for widowed and abandoned women. (₹15,000)"
1715,mizoram-sukanya-samriddhi-high-interest-top-up,Sukanya Samriddhi High-Interest Top-Up,Asset & Equipment Subsidy,10000.0,One-Time,"State government interest subsidy top-up on girl child savings accounts. (₹10,000)"
1716,mizoram-universal-cashless-health-insurance,Universal Cashless Health Insurance,Health & Accidental Insurance Cover,500000.0,Annual,"Annual cashless hospitalization and surgical treatment cover in network hospitals. (₹500,000)"
1717,mizoram-critical-illness-relief-fund-cancer-kidney,Critical Illness Relief Fund (Cancer & Kidney),Health & Accidental Insurance Cover,200000.0,Claim-Based,"One-time financial relief grant for dialysis, chemotherapy, and heart surgery. (₹200,000)"
1718,mizoram-free-diagnostic-tests-medicine-scheme,Free Diagnostic Tests & Medicine Scheme,Direct Cash Transfer (DBT),10000.0,One-Time,"100% free prescription drugs and pathology tests at government clinics. (₹10,000)"
1719,mizoram-senior-citizen-specialized-geriatric-care,Senior Citizen Specialized Geriatric Care,Direct Cash Transfer (DBT),15000.0,One-Time,"Free cataract surgeries, hearing aids, and doorstep chronic care medicine. (₹15,000)"
1720,mizoram-emergency-accidental-trauma-insurance,Emergency Accidental Trauma Insurance,Health & Accidental Insurance Cover,100000.0,Claim-Based,"Immediate cashless golden-hour emergency trauma care coverage. (₹100,000)"
1721,mizoram-old-age-social-security-pension,Old Age Social Security Pension,Monthly Social Security Pension,12000.0,Monthly,"Monthly direct benefit transfer pension for elderly citizens aged 60 and above. (₹12,000)"
1722,mizoram-divyangjan-disability-monthly-pension,Divyangjan Disability Monthly Pension,Monthly Social Security Pension,18000.0,Monthly,"Monthly financial support and motorized tricycle allowance for disabled persons. (₹18,000)"
1723,mizoram-antyodaya-subsidized-food-security,Antyodaya Subsidized Food Security,Subsidized Food & Nutrition,8000.0,Monthly,"Subsidized monthly ration of 35kg foodgrains for poorest-of-poor households. (₹8,000)"
1724,mizoram-sanitation-workers-rehabilitation-grant,Sanitation Workers Rehabilitation Grant,Asset & Equipment Subsidy,40000.0,One-Time,"Capital subsidy and skill retraining for sanitary workers and sewer workers. (₹40,000)"
1725,mizoram-tribal-livelihood-forest-produce-grant,Tribal Livelihood & Forest Produce Grant,Asset & Equipment Subsidy,20000.0,One-Time,"Direct procurement support and value addition subsidy for minor forest produce. (₹20,000)"
1726,mizoram-youth-apprenticeship-monthly-stipend,Youth Apprenticeship Monthly Stipend,Scholarship & Academic Stipend,18000.0,Monthly,"Direct government stipend top-up for technical industrial apprenticeships. (₹18,000)"
1727,mizoram-artisan-craftsman-modern-tool-kit-grant,Artisan & Craftsman Modern Tool Kit Grant,Subsidized / Collateral-Free Loan,20000.0,One-Time,"Free motorized toolkits and collateral-free micro credit for traditional artisans. (₹20,000)"
1728,mizoram-rural-youth-driving-heavy-machinery-training,Rural Youth Driving & Heavy Machinery Training,Asset & Equipment Subsidy,25000.0,One-Time,"100% sponsored commercial vehicle and excavator driver training. (₹25,000)"
1729,mizoram-it-emerging-tech-bootcamp-voucher,IT & Emerging Tech Bootcamp Voucher,Scholarship & Academic Stipend,35000.0,One-Time,"Full tuition sponsorship for AI, Cloud, and Software certification bootcamps. (₹35,000)"
1730,mizoram-self-employment-micro-credit-guarantee,Self-Employment Micro-Credit Guarantee,Subsidized / Collateral-Free Loan,500000.0,One-Time,"Collateral-free subsidized loan up to ₹5 Lakh for starting local enterprises. (₹100,000)"
1731,mizoram-pucca-house-construction-subsidy,Pucca House Construction Subsidy,Asset & Equipment Subsidy,150000.0,Quarterly,"Direct installment financial grant for building disaster-resilient pucca home. (₹150,000)"
1732,mizoram-rooftop-solar-green-energy-assistance,Rooftop Solar & Green Energy Assistance,Asset & Equipment Subsidy,50000.0,One-Time,"Capital subsidy for grid-connected rooftop solar installation for homeowners. (₹50,000)"
1733,mizoram-slum-rehabilitation-ews-flat-allocation,Slum Rehabilitation & EWS Flat Allocation,Asset & Equipment Subsidy,250000.0,One-Time,"Subsidized ownership allotment of 1BHK flats with basic civic amenities. (₹250,000)"
1734,mizoram-rural-toilet-water-tap-incentive,Rural Toilet & Water Tap Incentive,Direct Cash Transfer (DBT),12000.0,One-Time,"Financial assistance for individual household latrines and clean piped tap. (₹12,000)"
1735,mizoram-micro-enterprise-collateral-free-loan,Micro Enterprise Collateral-Free Loan,Subsidized / Collateral-Free Loan,1000000.0,One-Time,"Guaranteed working capital and equipment loan up to ₹10 Lakh at subsidized interest. (₹200,000)"
1736,mizoram-women-entrepreneur-startup-grant,Women Entrepreneur Startup Grant,Direct Cash Transfer (DBT),100000.0,One-Time,"Seed funding capital grant for innovative women-founded MSME ventures. (₹100,000)"
1737,mizoram-export-promotion-quality-certification-subsidy,Export Promotion & Quality Certification Subsidy,Asset & Equipment Subsidy,75000.0,One-Time,"Reimbursement for ISO, ZED, and international trade mark registration costs. (₹75,000)"
1738,mizoram-credit-linked-capital-subsidy-for-tech-upgradation,Credit Linked Capital Subsidy for Tech Upgradation,Asset & Equipment Subsidy,150000.0,One-Time,"15% upfront capital subsidy for machinery modernization in manufacturing. (₹150,000)"
1739,mizoram-e-vehicle-green-mobility-subsidy,E-Vehicle & Green Mobility Subsidy,Asset & Equipment Subsidy,20000.0,One-Time,"Direct cash incentive on purchase of electric 2-wheelers and 3-wheelers. (₹20,000)"
1740,mizoram-rainwater-harvesting-ground-water-recharge-grant,Rainwater Harvesting & Ground Water Recharge Grant,Asset & Equipment Subsidy,15000.0,One-Time,"Subsidized rooftop rainwater harvesting system for individual residences. (₹15,000)"
1741,mizoram-bio-gas-cattle-dung-renewable-plant-subsidy,Bio-Gas & Cattle Dung Renewable Plant Subsidy,Asset & Equipment Subsidy,18000.0,One-Time,"Financial support for installing domestic Gobar-Dhan biogas units. (₹18,000)"
1742,mizoram-phase-2-kisan-samriddhi-crop-assistance,Kisan Samriddhi & Crop Assistance,Asset & Equipment Subsidy,6000.0,One-Time,"Financial input subsidy for seed, fertilizer, and organic cultivation equipment. (₹6,000)"
1743,mizoram-phase-2-solar-krishi-pump-subsidy,Solar Krishi Pump Subsidy,Asset & Equipment Subsidy,75000.0,One-Time,"Up to 90% capital subsidy for installing off-grid solar irrigation pumps. (₹75,000)"
1744,mizoram-phase-2-horticulture-drip-irrigation-grant,Horticulture & Drip Irrigation Grant,Asset & Equipment Subsidy,25000.0,One-Time,"Direct subsidy for drip, sprinkler, and precision micro-irrigation installation. (₹25,000)"
1745,nagaland-kisan-samriddhi-crop-assistance,Kisan Samriddhi & Crop Assistance,Asset & Equipment Subsidy,6000.0,One-Time,"Financial input subsidy for seed, fertilizer, and organic cultivation equipment. (₹6,000)"
1746,nagaland-solar-krishi-pump-subsidy,Solar Krishi Pump Subsidy,Asset & Equipment Subsidy,75000.0,One-Time,"Up to 90% capital subsidy for installing off-grid solar irrigation pumps. (₹75,000)"
1747,nagaland-horticulture-drip-irrigation-grant,Horticulture & Drip Irrigation Grant,Asset & Equipment Subsidy,25000.0,One-Time,"Direct subsidy for drip, sprinkler, and precision micro-irrigation installation. (₹25,000)"
1748,nagaland-dairy-cattle-development-incentive,Dairy & Cattle Development Incentive,Direct Cash Transfer (DBT),40000.0,One-Time,"Financial assistance for purchasing high-yield milch cows and buffaloes. (₹40,000)"
1749,nagaland-fodder-cultivation-animal-care-grant,Fodder Cultivation & Animal Care Grant,Asset & Equipment Subsidy,12000.0,One-Time,"Subsidized silage, quality seeds, and livestock health vaccination support. (₹12,000)"
1750,nagaland-fisheries-pond-biofloc-support,Fisheries Pond & Biofloc Support,Direct Cash Transfer (DBT),50000.0,One-Time,"Capital grant for biofloc fish farming, fingerling supply, and aerators. (₹50,000)"
1751,nagaland-soil-health-organic-farming-mission,Soil Health & Organic Farming Mission,Direct Cash Transfer (DBT),8000.0,One-Time,"Free soil nutrient testing kit and bio-compost financial top-up grant. (₹8,000)"
1752,nagaland-farm-mechanization-rotavator-subsidy,Farm Mechanization & Rotavator Subsidy,Asset & Equipment Subsidy,60000.0,One-Time,"Up to 50% subsidy on modern harvesters, rotavators, and custom hiring centers. (₹60,000)"
1753,nagaland-post-matric-merit-scholarship,Post-Matric Merit Scholarship,Scholarship & Academic Stipend,18000.0,One-Time,"Tuition fee waiver and maintenance stipend for higher collegiate education. (₹18,000)"
1754,nagaland-free-digital-tablet-laptop-distribution,Free Digital Tablet & Laptop Distribution,Asset & Equipment Subsidy,15000.0,One-Time,"High-speed digital learning devices distributed to meritorious board students. (₹15,000)"
1755,nagaland-competitive-exam-coaching-assistance,Competitive Exam Coaching Assistance,Scholarship & Academic Stipend,50000.0,One-Time,"100% sponsored classroom coaching for UPSC, PSC, JEE, and NEET exams. (₹50,000)"
1756,nagaland-girl-child-higher-education-incentive,Girl Child Higher Education Incentive,Direct Cash Transfer (DBT),25000.0,One-Time,"Direct milestone grant upon enrolling in undergraduate degree programs. (₹25,000)"
1757,nagaland-technical-polytechnic-skill-stipend,Technical & Polytechnic Skill Stipend,Scholarship & Academic Stipend,12000.0,Monthly,"Monthly allowance for students pursuing diploma and industrial training. (₹12,000)"
1758,nagaland-overseas-education-scholarship-for-ews,Overseas Education Scholarship for EWS,Subsidized / Collateral-Free Loan,500000.0,One-Time,"Educational loan interest subsidy for foreign universities. (₹500,000)"
1759,nagaland-special-education-aid-for-divyang-students,Special Education Aid for Divyang Students,Direct Cash Transfer (DBT),20000.0,One-Time,"Assistive braille, hearing aids, and transport allowance for disabled students. (₹20,000)"
1760,nagaland-matru-kalyan-nutrition-dbt,Matru Kalyan & Nutrition DBT,Subsidized Food & Nutrition,6000.0,One-Time,"Conditional cash transfer across pregnancy trimesters and post-natal care. (₹6,000)"
1761,nagaland-mahila-swavalamban-livelihood-grant,Mahila Swavalamban Livelihood Grant,Direct Cash Transfer (DBT),50000.0,One-Time,"Revolving seed fund for women Self-Help Groups (SHGs) to start enterprises. (₹50,000)"
1762,nagaland-kanya-vivah-marriage-assistance,Kanya Vivah & Marriage Assistance,Direct Cash Transfer (DBT),51000.0,One-Time,"Direct financial grant for marriage of daughters from economically weaker families. (₹51,000)"
1763,nagaland-working-women-hostel-transport-subsidy,Working Women Hostel & Transport Subsidy,Asset & Equipment Subsidy,15000.0,Monthly,"Subsidized secure safe housing and monthly urban commute pass. (₹15,000)"
1764,nagaland-single-mother-destitute-women-pension,Single Mother & Destitute Women Pension,Monthly Social Security Pension,15000.0,Monthly,"Monthly social security pension for widowed and abandoned women. (₹15,000)"
1765,nagaland-sukanya-samriddhi-high-interest-top-up,Sukanya Samriddhi High-Interest Top-Up,Asset & Equipment Subsidy,10000.0,One-Time,"State government interest subsidy top-up on girl child savings accounts. (₹10,000)"
1766,nagaland-universal-cashless-health-insurance,Universal Cashless Health Insurance,Health & Accidental Insurance Cover,500000.0,Annual,"Annual cashless hospitalization and surgical treatment cover in network hospitals. (₹500,000)"
1767,nagaland-critical-illness-relief-fund-cancer-kidney,Critical Illness Relief Fund (Cancer & Kidney),Health & Accidental Insurance Cover,200000.0,Claim-Based,"One-time financial relief grant for dialysis, chemotherapy, and heart surgery. (₹200,000)"
1768,nagaland-free-diagnostic-tests-medicine-scheme,Free Diagnostic Tests & Medicine Scheme,Direct Cash Transfer (DBT),10000.0,One-Time,"100% free prescription drugs and pathology tests at government clinics. (₹10,000)"
1769,nagaland-senior-citizen-specialized-geriatric-care,Senior Citizen Specialized Geriatric Care,Direct Cash Transfer (DBT),15000.0,One-Time,"Free cataract surgeries, hearing aids, and doorstep chronic care medicine. (₹15,000)"
1770,nagaland-emergency-accidental-trauma-insurance,Emergency Accidental Trauma Insurance,Health & Accidental Insurance Cover,100000.0,Claim-Based,"Immediate cashless golden-hour emergency trauma care coverage. (₹100,000)"
1771,nagaland-old-age-social-security-pension,Old Age Social Security Pension,Monthly Social Security Pension,12000.0,Monthly,"Monthly direct benefit transfer pension for elderly citizens aged 60 and above. (₹12,000)"
1772,nagaland-divyangjan-disability-monthly-pension,Divyangjan Disability Monthly Pension,Monthly Social Security Pension,18000.0,Monthly,"Monthly financial support and motorized tricycle allowance for disabled persons. (₹18,000)"
1773,nagaland-antyodaya-subsidized-food-security,Antyodaya Subsidized Food Security,Subsidized Food & Nutrition,8000.0,Monthly,"Subsidized monthly ration of 35kg foodgrains for poorest-of-poor households. (₹8,000)"
1774,nagaland-sanitation-workers-rehabilitation-grant,Sanitation Workers Rehabilitation Grant,Asset & Equipment Subsidy,40000.0,One-Time,"Capital subsidy and skill retraining for sanitary workers and sewer workers. (₹40,000)"
1775,nagaland-tribal-livelihood-forest-produce-grant,Tribal Livelihood & Forest Produce Grant,Asset & Equipment Subsidy,20000.0,One-Time,"Direct procurement support and value addition subsidy for minor forest produce. (₹20,000)"
1776,nagaland-youth-apprenticeship-monthly-stipend,Youth Apprenticeship Monthly Stipend,Scholarship & Academic Stipend,18000.0,Monthly,"Direct government stipend top-up for technical industrial apprenticeships. (₹18,000)"
1777,nagaland-artisan-craftsman-modern-tool-kit-grant,Artisan & Craftsman Modern Tool Kit Grant,Subsidized / Collateral-Free Loan,20000.0,One-Time,"Free motorized toolkits and collateral-free micro credit for traditional artisans. (₹20,000)"
1778,nagaland-rural-youth-driving-heavy-machinery-training,Rural Youth Driving & Heavy Machinery Training,Asset & Equipment Subsidy,25000.0,One-Time,"100% sponsored commercial vehicle and excavator driver training. (₹25,000)"
1779,nagaland-it-emerging-tech-bootcamp-voucher,IT & Emerging Tech Bootcamp Voucher,Scholarship & Academic Stipend,35000.0,One-Time,"Full tuition sponsorship for AI, Cloud, and Software certification bootcamps. (₹35,000)"
1780,nagaland-self-employment-micro-credit-guarantee,Self-Employment Micro-Credit Guarantee,Subsidized / Collateral-Free Loan,500000.0,One-Time,"Collateral-free subsidized loan up to ₹5 Lakh for starting local enterprises. (₹100,000)"
1781,nagaland-pucca-house-construction-subsidy,Pucca House Construction Subsidy,Asset & Equipment Subsidy,150000.0,Quarterly,"Direct installment financial grant for building disaster-resilient pucca home. (₹150,000)"
1782,nagaland-rooftop-solar-green-energy-assistance,Rooftop Solar & Green Energy Assistance,Asset & Equipment Subsidy,50000.0,One-Time,"Capital subsidy for grid-connected rooftop solar installation for homeowners. (₹50,000)"
1783,nagaland-slum-rehabilitation-ews-flat-allocation,Slum Rehabilitation & EWS Flat Allocation,Asset & Equipment Subsidy,250000.0,One-Time,"Subsidized ownership allotment of 1BHK flats with basic civic amenities. (₹250,000)"
1784,nagaland-rural-toilet-water-tap-incentive,Rural Toilet & Water Tap Incentive,Direct Cash Transfer (DBT),12000.0,One-Time,"Financial assistance for individual household latrines and clean piped tap. (₹12,000)"
1785,nagaland-micro-enterprise-collateral-free-loan,Micro Enterprise Collateral-Free Loan,Subsidized / Collateral-Free Loan,1000000.0,One-Time,"Guaranteed working capital and equipment loan up to ₹10 Lakh at subsidized interest. (₹200,000)"
1786,nagaland-women-entrepreneur-startup-grant,Women Entrepreneur Startup Grant,Direct Cash Transfer (DBT),100000.0,One-Time,"Seed funding capital grant for innovative women-founded MSME ventures. (₹100,000)"
1787,nagaland-export-promotion-quality-certification-subsidy,Export Promotion & Quality Certification Subsidy,Asset & Equipment Subsidy,75000.0,One-Time,"Reimbursement for ISO, ZED, and international trade mark registration costs. (₹75,000)"
1788,nagaland-credit-linked-capital-subsidy-for-tech-upgradation,Credit Linked Capital Subsidy for Tech Upgradation,Asset & Equipment Subsidy,150000.0,One-Time,"15% upfront capital subsidy for machinery modernization in manufacturing. (₹150,000)"
1789,nagaland-e-vehicle-green-mobility-subsidy,E-Vehicle & Green Mobility Subsidy,Asset & Equipment Subsidy,20000.0,One-Time,"Direct cash incentive on purchase of electric 2-wheelers and 3-wheelers. (₹20,000)"
1790,nagaland-rainwater-harvesting-ground-water-recharge-grant,Rainwater Harvesting & Ground Water Recharge Grant,Asset & Equipment Subsidy,15000.0,One-Time,"Subsidized rooftop rainwater harvesting system for individual residences. (₹15,000)"
1791,nagaland-bio-gas-cattle-dung-renewable-plant-subsidy,Bio-Gas & Cattle Dung Renewable Plant Subsidy,Asset & Equipment Subsidy,18000.0,One-Time,"Financial support for installing domestic Gobar-Dhan biogas units. (₹18,000)"
1792,nagaland-phase-2-kisan-samriddhi-crop-assistance,Kisan Samriddhi & Crop Assistance,Asset & Equipment Subsidy,6000.0,One-Time,"Financial input subsidy for seed, fertilizer, and organic cultivation equipment. (₹6,000)"
1793,nagaland-phase-2-solar-krishi-pump-subsidy,Solar Krishi Pump Subsidy,Asset & Equipment Subsidy,75000.0,One-Time,"Up to 90% capital subsidy for installing off-grid solar irrigation pumps. (₹75,000)"
1794,nagaland-phase-2-horticulture-drip-irrigation-grant,Horticulture & Drip Irrigation Grant,Asset & Equipment Subsidy,25000.0,One-Time,"Direct subsidy for drip, sprinkler, and precision micro-irrigation installation. (₹25,000)"
1795,odisha-kisan-samriddhi-crop-assistance,Kisan Samriddhi & Crop Assistance,Asset & Equipment Subsidy,6000.0,One-Time,"Financial input subsidy for seed, fertilizer, and organic cultivation equipment. (₹6,000)"
1796,odisha-solar-krishi-pump-subsidy,Solar Krishi Pump Subsidy,Asset & Equipment Subsidy,75000.0,One-Time,"Up to 90% capital subsidy for installing off-grid solar irrigation pumps. (₹75,000)"
1797,odisha-horticulture-drip-irrigation-grant,Horticulture & Drip Irrigation Grant,Asset & Equipment Subsidy,25000.0,One-Time,"Direct subsidy for drip, sprinkler, and precision micro-irrigation installation. (₹25,000)"
1798,odisha-dairy-cattle-development-incentive,Dairy & Cattle Development Incentive,Direct Cash Transfer (DBT),40000.0,One-Time,"Financial assistance for purchasing high-yield milch cows and buffaloes. (₹40,000)"
1799,odisha-fodder-cultivation-animal-care-grant,Fodder Cultivation & Animal Care Grant,Asset & Equipment Subsidy,12000.0,One-Time,"Subsidized silage, quality seeds, and livestock health vaccination support. (₹12,000)"
1800,odisha-fisheries-pond-biofloc-support,Fisheries Pond & Biofloc Support,Direct Cash Transfer (DBT),50000.0,One-Time,"Capital grant for biofloc fish farming, fingerling supply, and aerators. (₹50,000)"
1801,odisha-soil-health-organic-farming-mission,Soil Health & Organic Farming Mission,Direct Cash Transfer (DBT),8000.0,One-Time,"Free soil nutrient testing kit and bio-compost financial top-up grant. (₹8,000)"
1802,odisha-farm-mechanization-rotavator-subsidy,Farm Mechanization & Rotavator Subsidy,Asset & Equipment Subsidy,60000.0,One-Time,"Up to 50% subsidy on modern harvesters, rotavators, and custom hiring centers. (₹60,000)"
1803,odisha-post-matric-merit-scholarship,Post-Matric Merit Scholarship,Scholarship & Academic Stipend,18000.0,One-Time,"Tuition fee waiver and maintenance stipend for higher collegiate education. (₹18,000)"
1804,odisha-free-digital-tablet-laptop-distribution,Free Digital Tablet & Laptop Distribution,Asset & Equipment Subsidy,15000.0,One-Time,"High-speed digital learning devices distributed to meritorious board students. (₹15,000)"
1805,odisha-competitive-exam-coaching-assistance,Competitive Exam Coaching Assistance,Scholarship & Academic Stipend,50000.0,One-Time,"100% sponsored classroom coaching for UPSC, PSC, JEE, and NEET exams. (₹50,000)"
1806,odisha-girl-child-higher-education-incentive,Girl Child Higher Education Incentive,Direct Cash Transfer (DBT),25000.0,One-Time,"Direct milestone grant upon enrolling in undergraduate degree programs. (₹25,000)"
1807,odisha-technical-polytechnic-skill-stipend,Technical & Polytechnic Skill Stipend,Scholarship & Academic Stipend,12000.0,Monthly,"Monthly allowance for students pursuing diploma and industrial training. (₹12,000)"
1808,odisha-overseas-education-scholarship-for-ews,Overseas Education Scholarship for EWS,Subsidized / Collateral-Free Loan,500000.0,One-Time,"Educational loan interest subsidy for foreign universities. (₹500,000)"
1809,odisha-special-education-aid-for-divyang-students,Special Education Aid for Divyang Students,Direct Cash Transfer (DBT),20000.0,One-Time,"Assistive braille, hearing aids, and transport allowance for disabled students. (₹20,000)"
1810,odisha-matru-kalyan-nutrition-dbt,Matru Kalyan & Nutrition DBT,Subsidized Food & Nutrition,6000.0,One-Time,"Conditional cash transfer across pregnancy trimesters and post-natal care. (₹6,000)"
1811,odisha-mahila-swavalamban-livelihood-grant,Mahila Swavalamban Livelihood Grant,Direct Cash Transfer (DBT),50000.0,One-Time,"Revolving seed fund for women Self-Help Groups (SHGs) to start enterprises. (₹50,000)"
1812,odisha-kanya-vivah-marriage-assistance,Kanya Vivah & Marriage Assistance,Direct Cash Transfer (DBT),51000.0,One-Time,"Direct financial grant for marriage of daughters from economically weaker families. (₹51,000)"
1813,odisha-working-women-hostel-transport-subsidy,Working Women Hostel & Transport Subsidy,Asset & Equipment Subsidy,15000.0,Monthly,"Subsidized secure safe housing and monthly urban commute pass. (₹15,000)"
1814,odisha-single-mother-destitute-women-pension,Single Mother & Destitute Women Pension,Monthly Social Security Pension,15000.0,Monthly,"Monthly social security pension for widowed and abandoned women. (₹15,000)"
1815,odisha-sukanya-samriddhi-high-interest-top-up,Sukanya Samriddhi High-Interest Top-Up,Asset & Equipment Subsidy,10000.0,One-Time,"State government interest subsidy top-up on girl child savings accounts. (₹10,000)"
1816,odisha-universal-cashless-health-insurance,Universal Cashless Health Insurance,Health & Accidental Insurance Cover,500000.0,Annual,"Annual cashless hospitalization and surgical treatment cover in network hospitals. (₹500,000)"
1817,odisha-critical-illness-relief-fund-cancer-kidney,Critical Illness Relief Fund (Cancer & Kidney),Health & Accidental Insurance Cover,200000.0,Claim-Based,"One-time financial relief grant for dialysis, chemotherapy, and heart surgery. (₹200,000)"
1818,odisha-free-diagnostic-tests-medicine-scheme,Free Diagnostic Tests & Medicine Scheme,Direct Cash Transfer (DBT),10000.0,One-Time,"100% free prescription drugs and pathology tests at government clinics. (₹10,000)"
1819,odisha-senior-citizen-specialized-geriatric-care,Senior Citizen Specialized Geriatric Care,Direct Cash Transfer (DBT),15000.0,One-Time,"Free cataract surgeries, hearing aids, and doorstep chronic care medicine. (₹15,000)"
1820,odisha-emergency-accidental-trauma-insurance,Emergency Accidental Trauma Insurance,Health & Accidental Insurance Cover,100000.0,Claim-Based,"Immediate cashless golden-hour emergency trauma care coverage. (₹100,000)"
1821,odisha-old-age-social-security-pension,Old Age Social Security Pension,Monthly Social Security Pension,12000.0,Monthly,"Monthly direct benefit transfer pension for elderly citizens aged 60 and above. (₹12,000)"
1822,odisha-divyangjan-disability-monthly-pension,Divyangjan Disability Monthly Pension,Monthly Social Security Pension,18000.0,Monthly,"Monthly financial support and motorized tricycle allowance for disabled persons. (₹18,000)"
1823,odisha-antyodaya-subsidized-food-security,Antyodaya Subsidized Food Security,Subsidized Food & Nutrition,8000.0,Monthly,"Subsidized monthly ration of 35kg foodgrains for poorest-of-poor households. (₹8,000)"
1824,odisha-sanitation-workers-rehabilitation-grant,Sanitation Workers Rehabilitation Grant,Asset & Equipment Subsidy,40000.0,One-Time,"Capital subsidy and skill retraining for sanitary workers and sewer workers. (₹40,000)"
1825,odisha-tribal-livelihood-forest-produce-grant,Tribal Livelihood & Forest Produce Grant,Asset & Equipment Subsidy,20000.0,One-Time,"Direct procurement support and value addition subsidy for minor forest produce. (₹20,000)"
1826,odisha-youth-apprenticeship-monthly-stipend,Youth Apprenticeship Monthly Stipend,Scholarship & Academic Stipend,18000.0,Monthly,"Direct government stipend top-up for technical industrial apprenticeships. (₹18,000)"
1827,odisha-artisan-craftsman-modern-tool-kit-grant,Artisan & Craftsman Modern Tool Kit Grant,Subsidized / Collateral-Free Loan,20000.0,One-Time,"Free motorized toolkits and collateral-free micro credit for traditional artisans. (₹20,000)"
1828,odisha-rural-youth-driving-heavy-machinery-training,Rural Youth Driving & Heavy Machinery Training,Asset & Equipment Subsidy,25000.0,One-Time,"100% sponsored commercial vehicle and excavator driver training. (₹25,000)"
1829,odisha-it-emerging-tech-bootcamp-voucher,IT & Emerging Tech Bootcamp Voucher,Scholarship & Academic Stipend,35000.0,One-Time,"Full tuition sponsorship for AI, Cloud, and Software certification bootcamps. (₹35,000)"
1830,odisha-self-employment-micro-credit-guarantee,Self-Employment Micro-Credit Guarantee,Subsidized / Collateral-Free Loan,500000.0,One-Time,"Collateral-free subsidized loan up to ₹5 Lakh for starting local enterprises. (₹100,000)"
1831,odisha-pucca-house-construction-subsidy,Pucca House Construction Subsidy,Asset & Equipment Subsidy,150000.0,Quarterly,"Direct installment financial grant for building disaster-resilient pucca home. (₹150,000)"
1832,odisha-rooftop-solar-green-energy-assistance,Rooftop Solar & Green Energy Assistance,Asset & Equipment Subsidy,50000.0,One-Time,"Capital subsidy for grid-connected rooftop solar installation for homeowners. (₹50,000)"
1833,odisha-slum-rehabilitation-ews-flat-allocation,Slum Rehabilitation & EWS Flat Allocation,Asset & Equipment Subsidy,250000.0,One-Time,"Subsidized ownership allotment of 1BHK flats with basic civic amenities. (₹250,000)"
1834,odisha-rural-toilet-water-tap-incentive,Rural Toilet & Water Tap Incentive,Direct Cash Transfer (DBT),12000.0,One-Time,"Financial assistance for individual household latrines and clean piped tap. (₹12,000)"
1835,odisha-micro-enterprise-collateral-free-loan,Micro Enterprise Collateral-Free Loan,Subsidized / Collateral-Free Loan,1000000.0,One-Time,"Guaranteed working capital and equipment loan up to ₹10 Lakh at subsidized interest. (₹200,000)"
1836,odisha-women-entrepreneur-startup-grant,Women Entrepreneur Startup Grant,Direct Cash Transfer (DBT),100000.0,One-Time,"Seed funding capital grant for innovative women-founded MSME ventures. (₹100,000)"
1837,odisha-export-promotion-quality-certification-subsidy,Export Promotion & Quality Certification Subsidy,Asset & Equipment Subsidy,75000.0,One-Time,"Reimbursement for ISO, ZED, and international trade mark registration costs. (₹75,000)"
1838,odisha-credit-linked-capital-subsidy-for-tech-upgradation,Credit Linked Capital Subsidy for Tech Upgradation,Asset & Equipment Subsidy,150000.0,One-Time,"15% upfront capital subsidy for machinery modernization in manufacturing. (₹150,000)"
1839,odisha-e-vehicle-green-mobility-subsidy,E-Vehicle & Green Mobility Subsidy,Asset & Equipment Subsidy,20000.0,One-Time,"Direct cash incentive on purchase of electric 2-wheelers and 3-wheelers. (₹20,000)"
1840,odisha-rainwater-harvesting-ground-water-recharge-grant,Rainwater Harvesting & Ground Water Recharge Grant,Asset & Equipment Subsidy,15000.0,One-Time,"Subsidized rooftop rainwater harvesting system for individual residences. (₹15,000)"
1841,odisha-bio-gas-cattle-dung-renewable-plant-subsidy,Bio-Gas & Cattle Dung Renewable Plant Subsidy,Asset & Equipment Subsidy,18000.0,One-Time,"Financial support for installing domestic Gobar-Dhan biogas units. (₹18,000)"
1842,odisha-phase-2-kisan-samriddhi-crop-assistance,Kisan Samriddhi & Crop Assistance,Asset & Equipment Subsidy,6000.0,One-Time,"Financial input subsidy for seed, fertilizer, and organic cultivation equipment. (₹6,000)"
1843,odisha-phase-2-solar-krishi-pump-subsidy,Solar Krishi Pump Subsidy,Asset & Equipment Subsidy,75000.0,One-Time,"Up to 90% capital subsidy for installing off-grid solar irrigation pumps. (₹75,000)"
1844,odisha-phase-2-horticulture-drip-irrigation-grant,Horticulture & Drip Irrigation Grant,Asset & Equipment Subsidy,25000.0,One-Time,"Direct subsidy for drip, sprinkler, and precision micro-irrigation installation. (₹25,000)"
1845,odisha-phase-2-dairy-cattle-development-incentive,Dairy & Cattle Development Incentive,Direct Cash Transfer (DBT),40000.0,One-Time,"Financial assistance for purchasing high-yield milch cows and buffaloes. (₹40,000)"
1846,odisha-phase-2-fodder-cultivation-animal-care-grant,Fodder Cultivation & Animal Care Grant,Asset & Equipment Subsidy,12000.0,One-Time,"Subsidized silage, quality seeds, and livestock health vaccination support. (₹12,000)"
1847,odisha-phase-2-fisheries-pond-biofloc-support,Fisheries Pond & Biofloc Support,Direct Cash Transfer (DBT),50000.0,One-Time,"Capital grant for biofloc fish farming, fingerling supply, and aerators. (₹50,000)"
1848,odisha-phase-2-soil-health-organic-farming-mission,Soil Health & Organic Farming Mission,Direct Cash Transfer (DBT),8000.0,One-Time,"Free soil nutrient testing kit and bio-compost financial top-up grant. (₹8,000)"
1849,odisha-phase-2-farm-mechanization-rotavator-subsidy,Farm Mechanization & Rotavator Subsidy,Asset & Equipment Subsidy,60000.0,One-Time,"Up to 50% subsidy on modern harvesters, rotavators, and custom hiring centers. (₹60,000)"
1850,odisha-phase-2-post-matric-merit-scholarship,Post-Matric Merit Scholarship,Scholarship & Academic Stipend,18000.0,One-Time,"Tuition fee waiver and maintenance stipend for higher collegiate education. (₹18,000)"
1851,odisha-phase-2-free-digital-tablet-laptop-distribution,Free Digital Tablet & Laptop Distribution,Asset & Equipment Subsidy,15000.0,One-Time,"High-speed digital learning devices distributed to meritorious board students. (₹15,000)"
1852,odisha-phase-2-competitive-exam-coaching-assistance,Competitive Exam Coaching Assistance,Scholarship & Academic Stipend,50000.0,One-Time,"100% sponsored classroom coaching for UPSC, PSC, JEE, and NEET exams. (₹50,000)"
1853,odisha-phase-2-girl-child-higher-education-incentive,Girl Child Higher Education Incentive,Direct Cash Transfer (DBT),25000.0,One-Time,"Direct milestone grant upon enrolling in undergraduate degree programs. (₹25,000)"
1854,odisha-phase-2-technical-polytechnic-skill-stipend,Technical & Polytechnic Skill Stipend,Scholarship & Academic Stipend,12000.0,Monthly,"Monthly allowance for students pursuing diploma and industrial training. (₹12,000)"
1855,odisha-phase-2-overseas-education-scholarship-for-ews,Overseas Education Scholarship for EWS,Subsidized / Collateral-Free Loan,500000.0,One-Time,"Educational loan interest subsidy for foreign universities. (₹500,000)"
1856,odisha-phase-2-special-education-aid-for-divyang-students,Special Education Aid for Divyang Students,Direct Cash Transfer (DBT),20000.0,One-Time,"Assistive braille, hearing aids, and transport allowance for disabled students. (₹20,000)"
1857,odisha-phase-2-matru-kalyan-nutrition-dbt,Matru Kalyan & Nutrition DBT,Subsidized Food & Nutrition,6000.0,One-Time,"Conditional cash transfer across pregnancy trimesters and post-natal care. (₹6,000)"
1858,odisha-phase-2-mahila-swavalamban-livelihood-grant,Mahila Swavalamban Livelihood Grant,Direct Cash Transfer (DBT),50000.0,One-Time,"Revolving seed fund for women Self-Help Groups (SHGs) to start enterprises. (₹50,000)"
1859,odisha-phase-2-kanya-vivah-marriage-assistance,Kanya Vivah & Marriage Assistance,Direct Cash Transfer (DBT),51000.0,One-Time,"Direct financial grant for marriage of daughters from economically weaker families. (₹51,000)"
1860,odisha-phase-2-working-women-hostel-transport-subsidy,Working Women Hostel & Transport Subsidy,Asset & Equipment Subsidy,15000.0,Monthly,"Subsidized secure safe housing and monthly urban commute pass. (₹15,000)"
1861,odisha-phase-2-single-mother-destitute-women-pension,Single Mother & Destitute Women Pension,Monthly Social Security Pension,15000.0,Monthly,"Monthly social security pension for widowed and abandoned women. (₹15,000)"
1862,odisha-phase-2-sukanya-samriddhi-high-interest-top-up,Sukanya Samriddhi High-Interest Top-Up,Asset & Equipment Subsidy,10000.0,One-Time,"State government interest subsidy top-up on girl child savings accounts. (₹10,000)"
1863,odisha-phase-2-universal-cashless-health-insurance,Universal Cashless Health Insurance,Health & Accidental Insurance Cover,500000.0,Annual,"Annual cashless hospitalization and surgical treatment cover in network hospitals. (₹500,000)"
1864,odisha-phase-2-critical-illness-relief-fund-cancer-kidney,Critical Illness Relief Fund (Cancer & Kidney),Health & Accidental Insurance Cover,200000.0,Claim-Based,"One-time financial relief grant for dialysis, chemotherapy, and heart surgery. (₹200,000)"
1865,odisha-phase-2-free-diagnostic-tests-medicine-scheme,Free Diagnostic Tests & Medicine Scheme,Direct Cash Transfer (DBT),10000.0,One-Time,"100% free prescription drugs and pathology tests at government clinics. (₹10,000)"
1866,odisha-phase-2-senior-citizen-specialized-geriatric-care,Senior Citizen Specialized Geriatric Care,Direct Cash Transfer (DBT),15000.0,One-Time,"Free cataract surgeries, hearing aids, and doorstep chronic care medicine. (₹15,000)"
1867,odisha-phase-2-emergency-accidental-trauma-insurance,Emergency Accidental Trauma Insurance,Health & Accidental Insurance Cover,100000.0,Claim-Based,"Immediate cashless golden-hour emergency trauma care coverage. (₹100,000)"
1868,odisha-phase-2-old-age-social-security-pension,Old Age Social Security Pension,Monthly Social Security Pension,12000.0,Monthly,"Monthly direct benefit transfer pension for elderly citizens aged 60 and above. (₹12,000)"
1869,odisha-phase-2-divyangjan-disability-monthly-pension,Divyangjan Disability Monthly Pension,Monthly Social Security Pension,18000.0,Monthly,"Monthly financial support and motorized tricycle allowance for disabled persons. (₹18,000)"
1870,odisha-phase-2-antyodaya-subsidized-food-security,Antyodaya Subsidized Food Security,Subsidized Food & Nutrition,8000.0,Monthly,"Subsidized monthly ration of 35kg foodgrains for poorest-of-poor households. (₹8,000)"
1871,odisha-phase-2-sanitation-workers-rehabilitation-grant,Sanitation Workers Rehabilitation Grant,Asset & Equipment Subsidy,40000.0,One-Time,"Capital subsidy and skill retraining for sanitary workers and sewer workers. (₹40,000)"
1872,odisha-phase-2-tribal-livelihood-forest-produce-grant,Tribal Livelihood & Forest Produce Grant,Asset & Equipment Subsidy,20000.0,One-Time,"Direct procurement support and value addition subsidy for minor forest produce. (₹20,000)"
1873,odisha-phase-2-youth-apprenticeship-monthly-stipend,Youth Apprenticeship Monthly Stipend,Scholarship & Academic Stipend,18000.0,Monthly,"Direct government stipend top-up for technical industrial apprenticeships. (₹18,000)"
1874,odisha-phase-2-artisan-craftsman-modern-tool-kit-grant,Artisan & Craftsman Modern Tool Kit Grant,Subsidized / Collateral-Free Loan,20000.0,One-Time,"Free motorized toolkits and collateral-free micro credit for traditional artisans. (₹20,000)"
1875,odisha-phase-2-rural-youth-driving-heavy-machinery-training,Rural Youth Driving & Heavy Machinery Training,Asset & Equipment Subsidy,25000.0,One-Time,"100% sponsored commercial vehicle and excavator driver training. (₹25,000)"
1876,odisha-phase-2-it-emerging-tech-bootcamp-voucher,IT & Emerging Tech Bootcamp Voucher,Scholarship & Academic Stipend,35000.0,One-Time,"Full tuition sponsorship for AI, Cloud, and Software certification bootcamps. (₹35,000)"
1877,odisha-phase-2-self-employment-micro-credit-guarantee,Self-Employment Micro-Credit Guarantee,Subsidized / Collateral-Free Loan,500000.0,One-Time,"Collateral-free subsidized loan up to ₹5 Lakh for starting local enterprises. (₹100,000)"
1878,odisha-phase-2-pucca-house-construction-subsidy,Pucca House Construction Subsidy,Asset & Equipment Subsidy,150000.0,Quarterly,"Direct installment financial grant for building disaster-resilient pucca home. (₹150,000)"
1879,odisha-phase-2-rooftop-solar-green-energy-assistance,Rooftop Solar & Green Energy Assistance,Asset & Equipment Subsidy,50000.0,One-Time,"Capital subsidy for grid-connected rooftop solar installation for homeowners. (₹50,000)"
1880,odisha-phase-2-slum-rehabilitation-ews-flat-allocation,Slum Rehabilitation & EWS Flat Allocation,Asset & Equipment Subsidy,250000.0,One-Time,"Subsidized ownership allotment of 1BHK flats with basic civic amenities. (₹250,000)"
1881,odisha-phase-2-rural-toilet-water-tap-incentive,Rural Toilet & Water Tap Incentive,Direct Cash Transfer (DBT),12000.0,One-Time,"Financial assistance for individual household latrines and clean piped tap. (₹12,000)"
1882,odisha-phase-2-micro-enterprise-collateral-free-loan,Micro Enterprise Collateral-Free Loan,Subsidized / Collateral-Free Loan,1000000.0,One-Time,"Guaranteed working capital and equipment loan up to ₹10 Lakh at subsidized interest. (₹200,000)"
1883,odisha-phase-2-women-entrepreneur-startup-grant,Women Entrepreneur Startup Grant,Direct Cash Transfer (DBT),100000.0,One-Time,"Seed funding capital grant for innovative women-founded MSME ventures. (₹100,000)"
1884,odisha-phase-2-export-promotion-quality-certification-subsidy,Export Promotion & Quality Certification Subsidy,Asset & Equipment Subsidy,75000.0,One-Time,"Reimbursement for ISO, ZED, and international trade mark registration costs. (₹75,000)"
1885,odisha-phase-2-credit-linked-capital-subsidy-for-tech-upgradation,Credit Linked Capital Subsidy for Tech Upgradation,Asset & Equipment Subsidy,150000.0,One-Time,"15% upfront capital subsidy for machinery modernization in manufacturing. (₹150,000)"
1886,odisha-phase-2-e-vehicle-green-mobility-subsidy,E-Vehicle & Green Mobility Subsidy,Asset & Equipment Subsidy,20000.0,One-Time,"Direct cash incentive on purchase of electric 2-wheelers and 3-wheelers. (₹20,000)"
1887,odisha-phase-2-rainwater-harvesting-ground-water-recharge-grant,Rainwater Harvesting & Ground Water Recharge Grant,Asset & Equipment Subsidy,15000.0,One-Time,"Subsidized rooftop rainwater harvesting system for individual residences. (₹15,000)"
1888,odisha-phase-2-bio-gas-cattle-dung-renewable-plant-subsidy,Bio-Gas & Cattle Dung Renewable Plant Subsidy,Asset & Equipment Subsidy,18000.0,One-Time,"Financial support for installing domestic Gobar-Dhan biogas units. (₹18,000)"
1889,odisha-phase-3-kisan-samriddhi-crop-assistance,Kisan Samriddhi & Crop Assistance,Asset & Equipment Subsidy,6000.0,One-Time,"Financial input subsidy for seed, fertilizer, and organic cultivation equipment. (₹6,000)"
1890,odisha-phase-3-solar-krishi-pump-subsidy,Solar Krishi Pump Subsidy,Asset & Equipment Subsidy,75000.0,One-Time,"Up to 90% capital subsidy for installing off-grid solar irrigation pumps. (₹75,000)"
1891,odisha-phase-3-horticulture-drip-irrigation-grant,Horticulture & Drip Irrigation Grant,Asset & Equipment Subsidy,25000.0,One-Time,"Direct subsidy for drip, sprinkler, and precision micro-irrigation installation. (₹25,000)"
1892,odisha-phase-3-dairy-cattle-development-incentive,Dairy & Cattle Development Incentive,Direct Cash Transfer (DBT),40000.0,One-Time,"Financial assistance for purchasing high-yield milch cows and buffaloes. (₹40,000)"
1893,odisha-phase-3-fodder-cultivation-animal-care-grant,Fodder Cultivation & Animal Care Grant,Asset & Equipment Subsidy,12000.0,One-Time,"Subsidized silage, quality seeds, and livestock health vaccination support. (₹12,000)"
1894,odisha-phase-3-fisheries-pond-biofloc-support,Fisheries Pond & Biofloc Support,Direct Cash Transfer (DBT),50000.0,One-Time,"Capital grant for biofloc fish farming, fingerling supply, and aerators. (₹50,000)"
1895,odisha-phase-3-soil-health-organic-farming-mission,Soil Health & Organic Farming Mission,Direct Cash Transfer (DBT),8000.0,One-Time,"Free soil nutrient testing kit and bio-compost financial top-up grant. (₹8,000)"
1896,odisha-phase-3-farm-mechanization-rotavator-subsidy,Farm Mechanization & Rotavator Subsidy,Asset & Equipment Subsidy,60000.0,One-Time,"Up to 50% subsidy on modern harvesters, rotavators, and custom hiring centers. (₹60,000)"
1897,odisha-phase-3-post-matric-merit-scholarship,Post-Matric Merit Scholarship,Scholarship & Academic Stipend,18000.0,One-Time,"Tuition fee waiver and maintenance stipend for higher collegiate education. (₹18,000)"
1898,odisha-phase-3-free-digital-tablet-laptop-distribution,Free Digital Tablet & Laptop Distribution,Asset & Equipment Subsidy,15000.0,One-Time,"High-speed digital learning devices distributed to meritorious board students. (₹15,000)"
1899,odisha-phase-3-competitive-exam-coaching-assistance,Competitive Exam Coaching Assistance,Scholarship & Academic Stipend,50000.0,One-Time,"100% sponsored classroom coaching for UPSC, PSC, JEE, and NEET exams. (₹50,000)"
1900,odisha-phase-3-girl-child-higher-education-incentive,Girl Child Higher Education Incentive,Direct Cash Transfer (DBT),25000.0,One-Time,"Direct milestone grant upon enrolling in undergraduate degree programs. (₹25,000)"
1901,odisha-phase-3-technical-polytechnic-skill-stipend,Technical & Polytechnic Skill Stipend,Scholarship & Academic Stipend,12000.0,Monthly,"Monthly allowance for students pursuing diploma and industrial training. (₹12,000)"
1902,odisha-phase-3-overseas-education-scholarship-for-ews,Overseas Education Scholarship for EWS,Subsidized / Collateral-Free Loan,500000.0,One-Time,"Educational loan interest subsidy for foreign universities. (₹500,000)"
1903,odisha-phase-3-special-education-aid-for-divyang-students,Special Education Aid for Divyang Students,Direct Cash Transfer (DBT),20000.0,One-Time,"Assistive braille, hearing aids, and transport allowance for disabled students. (₹20,000)"
1904,odisha-phase-3-matru-kalyan-nutrition-dbt,Matru Kalyan & Nutrition DBT,Subsidized Food & Nutrition,6000.0,One-Time,"Conditional cash transfer across pregnancy trimesters and post-natal care. (₹6,000)"
1905,odisha-phase-3-mahila-swavalamban-livelihood-grant,Mahila Swavalamban Livelihood Grant,Direct Cash Transfer (DBT),50000.0,One-Time,"Revolving seed fund for women Self-Help Groups (SHGs) to start enterprises. (₹50,000)"
1906,odisha-phase-3-kanya-vivah-marriage-assistance,Kanya Vivah & Marriage Assistance,Direct Cash Transfer (DBT),51000.0,One-Time,"Direct financial grant for marriage of daughters from economically weaker families. (₹51,000)"
1907,odisha-phase-3-working-women-hostel-transport-subsidy,Working Women Hostel & Transport Subsidy,Asset & Equipment Subsidy,15000.0,Monthly,"Subsidized secure safe housing and monthly urban commute pass. (₹15,000)"
1908,odisha-phase-3-single-mother-destitute-women-pension,Single Mother & Destitute Women Pension,Monthly Social Security Pension,15000.0,Monthly,"Monthly social security pension for widowed and abandoned women. (₹15,000)"
1909,odisha-phase-3-sukanya-samriddhi-high-interest-top-up,Sukanya Samriddhi High-Interest Top-Up,Asset & Equipment Subsidy,10000.0,One-Time,"State government interest subsidy top-up on girl child savings accounts. (₹10,000)"
1910,odisha-phase-3-universal-cashless-health-insurance,Universal Cashless Health Insurance,Health & Accidental Insurance Cover,500000.0,Annual,"Annual cashless hospitalization and surgical treatment cover in network hospitals. (₹500,000)"
1911,odisha-phase-3-critical-illness-relief-fund-cancer-kidney,Critical Illness Relief Fund (Cancer & Kidney),Health & Accidental Insurance Cover,200000.0,Claim-Based,"One-time financial relief grant for dialysis, chemotherapy, and heart surgery. (₹200,000)"
1912,odisha-phase-3-free-diagnostic-tests-medicine-scheme,Free Diagnostic Tests & Medicine Scheme,Direct Cash Transfer (DBT),10000.0,One-Time,"100% free prescription drugs and pathology tests at government clinics. (₹10,000)"
1913,odisha-phase-3-senior-citizen-specialized-geriatric-care,Senior Citizen Specialized Geriatric Care,Direct Cash Transfer (DBT),15000.0,One-Time,"Free cataract surgeries, hearing aids, and doorstep chronic care medicine. (₹15,000)"
1914,odisha-phase-3-emergency-accidental-trauma-insurance,Emergency Accidental Trauma Insurance,Health & Accidental Insurance Cover,100000.0,Claim-Based,"Immediate cashless golden-hour emergency trauma care coverage. (₹100,000)"
1915,punjab-kisan-samriddhi-crop-assistance,Kisan Samriddhi & Crop Assistance,Asset & Equipment Subsidy,6000.0,One-Time,"Financial input subsidy for seed, fertilizer, and organic cultivation equipment. (₹6,000)"
1916,punjab-solar-krishi-pump-subsidy,Solar Krishi Pump Subsidy,Asset & Equipment Subsidy,75000.0,One-Time,"Up to 90% capital subsidy for installing off-grid solar irrigation pumps. (₹75,000)"
1917,punjab-horticulture-drip-irrigation-grant,Horticulture & Drip Irrigation Grant,Asset & Equipment Subsidy,25000.0,One-Time,"Direct subsidy for drip, sprinkler, and precision micro-irrigation installation. (₹25,000)"
1918,punjab-dairy-cattle-development-incentive,Dairy & Cattle Development Incentive,Direct Cash Transfer (DBT),40000.0,One-Time,"Financial assistance for purchasing high-yield milch cows and buffaloes. (₹40,000)"
1919,punjab-fodder-cultivation-animal-care-grant,Fodder Cultivation & Animal Care Grant,Asset & Equipment Subsidy,12000.0,One-Time,"Subsidized silage, quality seeds, and livestock health vaccination support. (₹12,000)"
1920,punjab-fisheries-pond-biofloc-support,Fisheries Pond & Biofloc Support,Direct Cash Transfer (DBT),50000.0,One-Time,"Capital grant for biofloc fish farming, fingerling supply, and aerators. (₹50,000)"
1921,punjab-soil-health-organic-farming-mission,Soil Health & Organic Farming Mission,Direct Cash Transfer (DBT),8000.0,One-Time,"Free soil nutrient testing kit and bio-compost financial top-up grant. (₹8,000)"
1922,punjab-farm-mechanization-rotavator-subsidy,Farm Mechanization & Rotavator Subsidy,Asset & Equipment Subsidy,60000.0,One-Time,"Up to 50% subsidy on modern harvesters, rotavators, and custom hiring centers. (₹60,000)"
1923,punjab-post-matric-merit-scholarship,Post-Matric Merit Scholarship,Scholarship & Academic Stipend,18000.0,One-Time,"Tuition fee waiver and maintenance stipend for higher collegiate education. (₹18,000)"
1924,punjab-free-digital-tablet-laptop-distribution,Free Digital Tablet & Laptop Distribution,Asset & Equipment Subsidy,15000.0,One-Time,"High-speed digital learning devices distributed to meritorious board students. (₹15,000)"
1925,punjab-competitive-exam-coaching-assistance,Competitive Exam Coaching Assistance,Scholarship & Academic Stipend,50000.0,One-Time,"100% sponsored classroom coaching for UPSC, PSC, JEE, and NEET exams. (₹50,000)"
1926,punjab-girl-child-higher-education-incentive,Girl Child Higher Education Incentive,Direct Cash Transfer (DBT),25000.0,One-Time,"Direct milestone grant upon enrolling in undergraduate degree programs. (₹25,000)"
1927,punjab-technical-polytechnic-skill-stipend,Technical & Polytechnic Skill Stipend,Scholarship & Academic Stipend,12000.0,Monthly,"Monthly allowance for students pursuing diploma and industrial training. (₹12,000)"
1928,punjab-overseas-education-scholarship-for-ews,Overseas Education Scholarship for EWS,Subsidized / Collateral-Free Loan,500000.0,One-Time,"Educational loan interest subsidy for foreign universities. (₹500,000)"
1929,punjab-special-education-aid-for-divyang-students,Special Education Aid for Divyang Students,Direct Cash Transfer (DBT),20000.0,One-Time,"Assistive braille, hearing aids, and transport allowance for disabled students. (₹20,000)"
1930,punjab-matru-kalyan-nutrition-dbt,Matru Kalyan & Nutrition DBT,Subsidized Food & Nutrition,6000.0,One-Time,"Conditional cash transfer across pregnancy trimesters and post-natal care. (₹6,000)"
1931,punjab-mahila-swavalamban-livelihood-grant,Mahila Swavalamban Livelihood Grant,Direct Cash Transfer (DBT),50000.0,One-Time,"Revolving seed fund for women Self-Help Groups (SHGs) to start enterprises. (₹50,000)"
1932,punjab-kanya-vivah-marriage-assistance,Kanya Vivah & Marriage Assistance,Direct Cash Transfer (DBT),51000.0,One-Time,"Direct financial grant for marriage of daughters from economically weaker families. (₹51,000)"
1933,punjab-working-women-hostel-transport-subsidy,Working Women Hostel & Transport Subsidy,Asset & Equipment Subsidy,15000.0,Monthly,"Subsidized secure safe housing and monthly urban commute pass. (₹15,000)"
1934,punjab-single-mother-destitute-women-pension,Single Mother & Destitute Women Pension,Monthly Social Security Pension,15000.0,Monthly,"Monthly social security pension for widowed and abandoned women. (₹15,000)"
1935,punjab-sukanya-samriddhi-high-interest-top-up,Sukanya Samriddhi High-Interest Top-Up,Asset & Equipment Subsidy,10000.0,One-Time,"State government interest subsidy top-up on girl child savings accounts. (₹10,000)"
1936,punjab-universal-cashless-health-insurance,Universal Cashless Health Insurance,Health & Accidental Insurance Cover,500000.0,Annual,"Annual cashless hospitalization and surgical treatment cover in network hospitals. (₹500,000)"
1937,punjab-critical-illness-relief-fund-cancer-kidney,Critical Illness Relief Fund (Cancer & Kidney),Health & Accidental Insurance Cover,200000.0,Claim-Based,"One-time financial relief grant for dialysis, chemotherapy, and heart surgery. (₹200,000)"
1938,punjab-free-diagnostic-tests-medicine-scheme,Free Diagnostic Tests & Medicine Scheme,Direct Cash Transfer (DBT),10000.0,One-Time,"100% free prescription drugs and pathology tests at government clinics. (₹10,000)"
1939,punjab-senior-citizen-specialized-geriatric-care,Senior Citizen Specialized Geriatric Care,Direct Cash Transfer (DBT),15000.0,One-Time,"Free cataract surgeries, hearing aids, and doorstep chronic care medicine. (₹15,000)"
1940,punjab-emergency-accidental-trauma-insurance,Emergency Accidental Trauma Insurance,Health & Accidental Insurance Cover,100000.0,Claim-Based,"Immediate cashless golden-hour emergency trauma care coverage. (₹100,000)"
1941,punjab-old-age-social-security-pension,Old Age Social Security Pension,Monthly Social Security Pension,12000.0,Monthly,"Monthly direct benefit transfer pension for elderly citizens aged 60 and above. (₹12,000)"
1942,punjab-divyangjan-disability-monthly-pension,Divyangjan Disability Monthly Pension,Monthly Social Security Pension,18000.0,Monthly,"Monthly financial support and motorized tricycle allowance for disabled persons. (₹18,000)"
1943,punjab-antyodaya-subsidized-food-security,Antyodaya Subsidized Food Security,Subsidized Food & Nutrition,8000.0,Monthly,"Subsidized monthly ration of 35kg foodgrains for poorest-of-poor households. (₹8,000)"
1944,punjab-sanitation-workers-rehabilitation-grant,Sanitation Workers Rehabilitation Grant,Asset & Equipment Subsidy,40000.0,One-Time,"Capital subsidy and skill retraining for sanitary workers and sewer workers. (₹40,000)"
1945,punjab-tribal-livelihood-forest-produce-grant,Tribal Livelihood & Forest Produce Grant,Asset & Equipment Subsidy,20000.0,One-Time,"Direct procurement support and value addition subsidy for minor forest produce. (₹20,000)"
1946,punjab-youth-apprenticeship-monthly-stipend,Youth Apprenticeship Monthly Stipend,Scholarship & Academic Stipend,18000.0,Monthly,"Direct government stipend top-up for technical industrial apprenticeships. (₹18,000)"
1947,punjab-artisan-craftsman-modern-tool-kit-grant,Artisan & Craftsman Modern Tool Kit Grant,Subsidized / Collateral-Free Loan,20000.0,One-Time,"Free motorized toolkits and collateral-free micro credit for traditional artisans. (₹20,000)"
1948,punjab-rural-youth-driving-heavy-machinery-training,Rural Youth Driving & Heavy Machinery Training,Asset & Equipment Subsidy,25000.0,One-Time,"100% sponsored commercial vehicle and excavator driver training. (₹25,000)"
1949,punjab-it-emerging-tech-bootcamp-voucher,IT & Emerging Tech Bootcamp Voucher,Scholarship & Academic Stipend,35000.0,One-Time,"Full tuition sponsorship for AI, Cloud, and Software certification bootcamps. (₹35,000)"
1950,punjab-self-employment-micro-credit-guarantee,Self-Employment Micro-Credit Guarantee,Subsidized / Collateral-Free Loan,500000.0,One-Time,"Collateral-free subsidized loan up to ₹5 Lakh for starting local enterprises. (₹100,000)"
1951,punjab-pucca-house-construction-subsidy,Pucca House Construction Subsidy,Asset & Equipment Subsidy,150000.0,Quarterly,"Direct installment financial grant for building disaster-resilient pucca home. (₹150,000)"
1952,punjab-rooftop-solar-green-energy-assistance,Rooftop Solar & Green Energy Assistance,Asset & Equipment Subsidy,50000.0,One-Time,"Capital subsidy for grid-connected rooftop solar installation for homeowners. (₹50,000)"
1953,punjab-slum-rehabilitation-ews-flat-allocation,Slum Rehabilitation & EWS Flat Allocation,Asset & Equipment Subsidy,250000.0,One-Time,"Subsidized ownership allotment of 1BHK flats with basic civic amenities. (₹250,000)"
1954,punjab-rural-toilet-water-tap-incentive,Rural Toilet & Water Tap Incentive,Direct Cash Transfer (DBT),12000.0,One-Time,"Financial assistance for individual household latrines and clean piped tap. (₹12,000)"
1955,punjab-micro-enterprise-collateral-free-loan,Micro Enterprise Collateral-Free Loan,Subsidized / Collateral-Free Loan,1000000.0,One-Time,"Guaranteed working capital and equipment loan up to ₹10 Lakh at subsidized interest. (₹200,000)"
1956,punjab-women-entrepreneur-startup-grant,Women Entrepreneur Startup Grant,Direct Cash Transfer (DBT),100000.0,One-Time,"Seed funding capital grant for innovative women-founded MSME ventures. (₹100,000)"
1957,punjab-export-promotion-quality-certification-subsidy,Export Promotion & Quality Certification Subsidy,Asset & Equipment Subsidy,75000.0,One-Time,"Reimbursement for ISO, ZED, and international trade mark registration costs. (₹75,000)"
1958,punjab-credit-linked-capital-subsidy-for-tech-upgradation,Credit Linked Capital Subsidy for Tech Upgradation,Asset & Equipment Subsidy,150000.0,One-Time,"15% upfront capital subsidy for machinery modernization in manufacturing. (₹150,000)"
1959,punjab-e-vehicle-green-mobility-subsidy,E-Vehicle & Green Mobility Subsidy,Asset & Equipment Subsidy,20000.0,One-Time,"Direct cash incentive on purchase of electric 2-wheelers and 3-wheelers. (₹20,000)"
1960,punjab-rainwater-harvesting-ground-water-recharge-grant,Rainwater Harvesting & Ground Water Recharge Grant,Asset & Equipment Subsidy,15000.0,One-Time,"Subsidized rooftop rainwater harvesting system for individual residences. (₹15,000)"
1961,punjab-bio-gas-cattle-dung-renewable-plant-subsidy,Bio-Gas & Cattle Dung Renewable Plant Subsidy,Asset & Equipment Subsidy,18000.0,One-Time,"Financial support for installing domestic Gobar-Dhan biogas units. (₹18,000)"
1962,punjab-phase-2-kisan-samriddhi-crop-assistance,Kisan Samriddhi & Crop Assistance,Asset & Equipment Subsidy,6000.0,One-Time,"Financial input subsidy for seed, fertilizer, and organic cultivation equipment. (₹6,000)"
1963,punjab-phase-2-solar-krishi-pump-subsidy,Solar Krishi Pump Subsidy,Asset & Equipment Subsidy,75000.0,One-Time,"Up to 90% capital subsidy for installing off-grid solar irrigation pumps. (₹75,000)"
1964,punjab-phase-2-horticulture-drip-irrigation-grant,Horticulture & Drip Irrigation Grant,Asset & Equipment Subsidy,25000.0,One-Time,"Direct subsidy for drip, sprinkler, and precision micro-irrigation installation. (₹25,000)"
1965,punjab-phase-2-dairy-cattle-development-incentive,Dairy & Cattle Development Incentive,Direct Cash Transfer (DBT),40000.0,One-Time,"Financial assistance for purchasing high-yield milch cows and buffaloes. (₹40,000)"
1966,punjab-phase-2-fodder-cultivation-animal-care-grant,Fodder Cultivation & Animal Care Grant,Asset & Equipment Subsidy,12000.0,One-Time,"Subsidized silage, quality seeds, and livestock health vaccination support. (₹12,000)"
1967,punjab-phase-2-fisheries-pond-biofloc-support,Fisheries Pond & Biofloc Support,Direct Cash Transfer (DBT),50000.0,One-Time,"Capital grant for biofloc fish farming, fingerling supply, and aerators. (₹50,000)"
1968,punjab-phase-2-soil-health-organic-farming-mission,Soil Health & Organic Farming Mission,Direct Cash Transfer (DBT),8000.0,One-Time,"Free soil nutrient testing kit and bio-compost financial top-up grant. (₹8,000)"
1969,punjab-phase-2-farm-mechanization-rotavator-subsidy,Farm Mechanization & Rotavator Subsidy,Asset & Equipment Subsidy,60000.0,One-Time,"Up to 50% subsidy on modern harvesters, rotavators, and custom hiring centers. (₹60,000)"
1970,punjab-phase-2-post-matric-merit-scholarship,Post-Matric Merit Scholarship,Scholarship & Academic Stipend,18000.0,One-Time,"Tuition fee waiver and maintenance stipend for higher collegiate education. (₹18,000)"
1971,punjab-phase-2-free-digital-tablet-laptop-distribution,Free Digital Tablet & Laptop Distribution,Asset & Equipment Subsidy,15000.0,One-Time,"High-speed digital learning devices distributed to meritorious board students. (₹15,000)"
1972,punjab-phase-2-competitive-exam-coaching-assistance,Competitive Exam Coaching Assistance,Scholarship & Academic Stipend,50000.0,One-Time,"100% sponsored classroom coaching for UPSC, PSC, JEE, and NEET exams. (₹50,000)"
1973,punjab-phase-2-girl-child-higher-education-incentive,Girl Child Higher Education Incentive,Direct Cash Transfer (DBT),25000.0,One-Time,"Direct milestone grant upon enrolling in undergraduate degree programs. (₹25,000)"
1974,punjab-phase-2-technical-polytechnic-skill-stipend,Technical & Polytechnic Skill Stipend,Scholarship & Academic Stipend,12000.0,Monthly,"Monthly allowance for students pursuing diploma and industrial training. (₹12,000)"
1975,punjab-phase-2-overseas-education-scholarship-for-ews,Overseas Education Scholarship for EWS,Subsidized / Collateral-Free Loan,500000.0,One-Time,"Educational loan interest subsidy for foreign universities. (₹500,000)"
1976,punjab-phase-2-special-education-aid-for-divyang-students,Special Education Aid for Divyang Students,Direct Cash Transfer (DBT),20000.0,One-Time,"Assistive braille, hearing aids, and transport allowance for disabled students. (₹20,000)"
1977,punjab-phase-2-matru-kalyan-nutrition-dbt,Matru Kalyan & Nutrition DBT,Subsidized Food & Nutrition,6000.0,One-Time,"Conditional cash transfer across pregnancy trimesters and post-natal care. (₹6,000)"
1978,punjab-phase-2-mahila-swavalamban-livelihood-grant,Mahila Swavalamban Livelihood Grant,Direct Cash Transfer (DBT),50000.0,One-Time,"Revolving seed fund for women Self-Help Groups (SHGs) to start enterprises. (₹50,000)"
1979,punjab-phase-2-kanya-vivah-marriage-assistance,Kanya Vivah & Marriage Assistance,Direct Cash Transfer (DBT),51000.0,One-Time,"Direct financial grant for marriage of daughters from economically weaker families. (₹51,000)"
1980,punjab-phase-2-working-women-hostel-transport-subsidy,Working Women Hostel & Transport Subsidy,Asset & Equipment Subsidy,15000.0,Monthly,"Subsidized secure safe housing and monthly urban commute pass. (₹15,000)"
1981,punjab-phase-2-single-mother-destitute-women-pension,Single Mother & Destitute Women Pension,Monthly Social Security Pension,15000.0,Monthly,"Monthly social security pension for widowed and abandoned women. (₹15,000)"
1982,punjab-phase-2-sukanya-samriddhi-high-interest-top-up,Sukanya Samriddhi High-Interest Top-Up,Asset & Equipment Subsidy,10000.0,One-Time,"State government interest subsidy top-up on girl child savings accounts. (₹10,000)"
1983,punjab-phase-2-universal-cashless-health-insurance,Universal Cashless Health Insurance,Health & Accidental Insurance Cover,500000.0,Annual,"Annual cashless hospitalization and surgical treatment cover in network hospitals. (₹500,000)"
1984,punjab-phase-2-critical-illness-relief-fund-cancer-kidney,Critical Illness Relief Fund (Cancer & Kidney),Health & Accidental Insurance Cover,200000.0,Claim-Based,"One-time financial relief grant for dialysis, chemotherapy, and heart surgery. (₹200,000)"
1985,punjab-phase-2-free-diagnostic-tests-medicine-scheme,Free Diagnostic Tests & Medicine Scheme,Direct Cash Transfer (DBT),10000.0,One-Time,"100% free prescription drugs and pathology tests at government clinics. (₹10,000)"
1986,punjab-phase-2-senior-citizen-specialized-geriatric-care,Senior Citizen Specialized Geriatric Care,Direct Cash Transfer (DBT),15000.0,One-Time,"Free cataract surgeries, hearing aids, and doorstep chronic care medicine. (₹15,000)"
1987,punjab-phase-2-emergency-accidental-trauma-insurance,Emergency Accidental Trauma Insurance,Health & Accidental Insurance Cover,100000.0,Claim-Based,"Immediate cashless golden-hour emergency trauma care coverage. (₹100,000)"
1988,punjab-phase-2-old-age-social-security-pension,Old Age Social Security Pension,Monthly Social Security Pension,12000.0,Monthly,"Monthly direct benefit transfer pension for elderly citizens aged 60 and above. (₹12,000)"
1989,punjab-phase-2-divyangjan-disability-monthly-pension,Divyangjan Disability Monthly Pension,Monthly Social Security Pension,18000.0,Monthly,"Monthly financial support and motorized tricycle allowance for disabled persons. (₹18,000)"
1990,punjab-phase-2-antyodaya-subsidized-food-security,Antyodaya Subsidized Food Security,Subsidized Food & Nutrition,8000.0,Monthly,"Subsidized monthly ration of 35kg foodgrains for poorest-of-poor households. (₹8,000)"
1991,punjab-phase-2-sanitation-workers-rehabilitation-grant,Sanitation Workers Rehabilitation Grant,Asset & Equipment Subsidy,40000.0,One-Time,"Capital subsidy and skill retraining for sanitary workers and sewer workers. (₹40,000)"
1992,punjab-phase-2-tribal-livelihood-forest-produce-grant,Tribal Livelihood & Forest Produce Grant,Asset & Equipment Subsidy,20000.0,One-Time,"Direct procurement support and value addition subsidy for minor forest produce. (₹20,000)"
1993,punjab-phase-2-youth-apprenticeship-monthly-stipend,Youth Apprenticeship Monthly Stipend,Scholarship & Academic Stipend,18000.0,Monthly,"Direct government stipend top-up for technical industrial apprenticeships. (₹18,000)"
1994,punjab-phase-2-artisan-craftsman-modern-tool-kit-grant,Artisan & Craftsman Modern Tool Kit Grant,Subsidized / Collateral-Free Loan,20000.0,One-Time,"Free motorized toolkits and collateral-free micro credit for traditional artisans. (₹20,000)"
1995,punjab-phase-2-rural-youth-driving-heavy-machinery-training,Rural Youth Driving & Heavy Machinery Training,Asset & Equipment Subsidy,25000.0,One-Time,"100% sponsored commercial vehicle and excavator driver training. (₹25,000)"
1996,punjab-phase-2-it-emerging-tech-bootcamp-voucher,IT & Emerging Tech Bootcamp Voucher,Scholarship & Academic Stipend,35000.0,One-Time,"Full tuition sponsorship for AI, Cloud, and Software certification bootcamps. (₹35,000)"
1997,punjab-phase-2-self-employment-micro-credit-guarantee,Self-Employment Micro-Credit Guarantee,Subsidized / Collateral-Free Loan,500000.0,One-Time,"Collateral-free subsidized loan up to ₹5 Lakh for starting local enterprises. (₹100,000)"
1998,punjab-phase-2-pucca-house-construction-subsidy,Pucca House Construction Subsidy,Asset & Equipment Subsidy,150000.0,Quarterly,"Direct installment financial grant for building disaster-resilient pucca home. (₹150,000)"
1999,punjab-phase-2-rooftop-solar-green-energy-assistance,Rooftop Solar & Green Energy Assistance,Asset & Equipment Subsidy,50000.0,One-Time,"Capital subsidy for grid-connected rooftop solar installation for homeowners. (₹50,000)"
2000,punjab-phase-2-slum-rehabilitation-ews-flat-allocation,Slum Rehabilitation & EWS Flat Allocation,Asset & Equipment Subsidy,250000.0,One-Time,"Subsidized ownership allotment of 1BHK flats with basic civic amenities. (₹250,000)"
2001,punjab-phase-2-rural-toilet-water-tap-incentive,Rural Toilet & Water Tap Incentive,Direct Cash Transfer (DBT),12000.0,One-Time,"Financial assistance for individual household latrines and clean piped tap. (₹12,000)"
2002,punjab-phase-2-micro-enterprise-collateral-free-loan,Micro Enterprise Collateral-Free Loan,Subsidized / Collateral-Free Loan,1000000.0,One-Time,"Guaranteed working capital and equipment loan up to ₹10 Lakh at subsidized interest. (₹200,000)"
2003,punjab-phase-2-women-entrepreneur-startup-grant,Women Entrepreneur Startup Grant,Direct Cash Transfer (DBT),100000.0,One-Time,"Seed funding capital grant for innovative women-founded MSME ventures. (₹100,000)"
2004,punjab-phase-2-export-promotion-quality-certification-subsidy,Export Promotion & Quality Certification Subsidy,Asset & Equipment Subsidy,75000.0,One-Time,"Reimbursement for ISO, ZED, and international trade mark registration costs. (₹75,000)"
2005,punjab-phase-2-credit-linked-capital-subsidy-for-tech-upgradation,Credit Linked Capital Subsidy for Tech Upgradation,Asset & Equipment Subsidy,150000.0,One-Time,"15% upfront capital subsidy for machinery modernization in manufacturing. (₹150,000)"
2006,punjab-phase-2-e-vehicle-green-mobility-subsidy,E-Vehicle & Green Mobility Subsidy,Asset & Equipment Subsidy,20000.0,One-Time,"Direct cash incentive on purchase of electric 2-wheelers and 3-wheelers. (₹20,000)"
2007,punjab-phase-2-rainwater-harvesting-ground-water-recharge-grant,Rainwater Harvesting & Ground Water Recharge Grant,Asset & Equipment Subsidy,15000.0,One-Time,"Subsidized rooftop rainwater harvesting system for individual residences. (₹15,000)"
2008,punjab-phase-2-bio-gas-cattle-dung-renewable-plant-subsidy,Bio-Gas & Cattle Dung Renewable Plant Subsidy,Asset & Equipment Subsidy,18000.0,One-Time,"Financial support for installing domestic Gobar-Dhan biogas units. (₹18,000)"
2009,punjab-phase-3-kisan-samriddhi-crop-assistance,Kisan Samriddhi & Crop Assistance,Asset & Equipment Subsidy,6000.0,One-Time,"Financial input subsidy for seed, fertilizer, and organic cultivation equipment. (₹6,000)"
2010,punjab-phase-3-solar-krishi-pump-subsidy,Solar Krishi Pump Subsidy,Asset & Equipment Subsidy,75000.0,One-Time,"Up to 90% capital subsidy for installing off-grid solar irrigation pumps. (₹75,000)"
2011,punjab-phase-3-horticulture-drip-irrigation-grant,Horticulture & Drip Irrigation Grant,Asset & Equipment Subsidy,25000.0,One-Time,"Direct subsidy for drip, sprinkler, and precision micro-irrigation installation. (₹25,000)"
2012,punjab-phase-3-dairy-cattle-development-incentive,Dairy & Cattle Development Incentive,Direct Cash Transfer (DBT),40000.0,One-Time,"Financial assistance for purchasing high-yield milch cows and buffaloes. (₹40,000)"
2013,punjab-phase-3-fodder-cultivation-animal-care-grant,Fodder Cultivation & Animal Care Grant,Asset & Equipment Subsidy,12000.0,One-Time,"Subsidized silage, quality seeds, and livestock health vaccination support. (₹12,000)"
2014,punjab-phase-3-fisheries-pond-biofloc-support,Fisheries Pond & Biofloc Support,Direct Cash Transfer (DBT),50000.0,One-Time,"Capital grant for biofloc fish farming, fingerling supply, and aerators. (₹50,000)"
2015,punjab-phase-3-soil-health-organic-farming-mission,Soil Health & Organic Farming Mission,Direct Cash Transfer (DBT),8000.0,One-Time,"Free soil nutrient testing kit and bio-compost financial top-up grant. (₹8,000)"
2016,punjab-phase-3-farm-mechanization-rotavator-subsidy,Farm Mechanization & Rotavator Subsidy,Asset & Equipment Subsidy,60000.0,One-Time,"Up to 50% subsidy on modern harvesters, rotavators, and custom hiring centers. (₹60,000)"
2017,punjab-phase-3-post-matric-merit-scholarship,Post-Matric Merit Scholarship,Scholarship & Academic Stipend,18000.0,One-Time,"Tuition fee waiver and maintenance stipend for higher collegiate education. (₹18,000)"
2018,punjab-phase-3-free-digital-tablet-laptop-distribution,Free Digital Tablet & Laptop Distribution,Asset & Equipment Subsidy,15000.0,One-Time,"High-speed digital learning devices distributed to meritorious board students. (₹15,000)"
2019,punjab-phase-3-competitive-exam-coaching-assistance,Competitive Exam Coaching Assistance,Scholarship & Academic Stipend,50000.0,One-Time,"100% sponsored classroom coaching for UPSC, PSC, JEE, and NEET exams. (₹50,000)"
2020,punjab-phase-3-girl-child-higher-education-incentive,Girl Child Higher Education Incentive,Direct Cash Transfer (DBT),25000.0,One-Time,"Direct milestone grant upon enrolling in undergraduate degree programs. (₹25,000)"
2021,punjab-phase-3-technical-polytechnic-skill-stipend,Technical & Polytechnic Skill Stipend,Scholarship & Academic Stipend,12000.0,Monthly,"Monthly allowance for students pursuing diploma and industrial training. (₹12,000)"
2022,punjab-phase-3-overseas-education-scholarship-for-ews,Overseas Education Scholarship for EWS,Subsidized / Collateral-Free Loan,500000.0,One-Time,"Educational loan interest subsidy for foreign universities. (₹500,000)"
2023,punjab-phase-3-special-education-aid-for-divyang-students,Special Education Aid for Divyang Students,Direct Cash Transfer (DBT),20000.0,One-Time,"Assistive braille, hearing aids, and transport allowance for disabled students. (₹20,000)"
2024,punjab-phase-3-matru-kalyan-nutrition-dbt,Matru Kalyan & Nutrition DBT,Subsidized Food & Nutrition,6000.0,One-Time,"Conditional cash transfer across pregnancy trimesters and post-natal care. (₹6,000)"
2025,rajasthan-kisan-samriddhi-crop-assistance,Kisan Samriddhi & Crop Assistance,Asset & Equipment Subsidy,6000.0,One-Time,"Financial input subsidy for seed, fertilizer, and organic cultivation equipment. (₹6,000)"
2026,rajasthan-solar-krishi-pump-subsidy,Solar Krishi Pump Subsidy,Asset & Equipment Subsidy,75000.0,One-Time,"Up to 90% capital subsidy for installing off-grid solar irrigation pumps. (₹75,000)"
2027,rajasthan-horticulture-drip-irrigation-grant,Horticulture & Drip Irrigation Grant,Asset & Equipment Subsidy,25000.0,One-Time,"Direct subsidy for drip, sprinkler, and precision micro-irrigation installation. (₹25,000)"
2028,rajasthan-dairy-cattle-development-incentive,Dairy & Cattle Development Incentive,Direct Cash Transfer (DBT),40000.0,One-Time,"Financial assistance for purchasing high-yield milch cows and buffaloes. (₹40,000)"
2029,rajasthan-fodder-cultivation-animal-care-grant,Fodder Cultivation & Animal Care Grant,Asset & Equipment Subsidy,12000.0,One-Time,"Subsidized silage, quality seeds, and livestock health vaccination support. (₹12,000)"
2030,rajasthan-fisheries-pond-biofloc-support,Fisheries Pond & Biofloc Support,Direct Cash Transfer (DBT),50000.0,One-Time,"Capital grant for biofloc fish farming, fingerling supply, and aerators. (₹50,000)"
2031,rajasthan-soil-health-organic-farming-mission,Soil Health & Organic Farming Mission,Direct Cash Transfer (DBT),8000.0,One-Time,"Free soil nutrient testing kit and bio-compost financial top-up grant. (₹8,000)"
2032,rajasthan-farm-mechanization-rotavator-subsidy,Farm Mechanization & Rotavator Subsidy,Asset & Equipment Subsidy,60000.0,One-Time,"Up to 50% subsidy on modern harvesters, rotavators, and custom hiring centers. (₹60,000)"
2033,rajasthan-post-matric-merit-scholarship,Post-Matric Merit Scholarship,Scholarship & Academic Stipend,18000.0,One-Time,"Tuition fee waiver and maintenance stipend for higher collegiate education. (₹18,000)"
2034,rajasthan-free-digital-tablet-laptop-distribution,Free Digital Tablet & Laptop Distribution,Asset & Equipment Subsidy,15000.0,One-Time,"High-speed digital learning devices distributed to meritorious board students. (₹15,000)"
2035,rajasthan-competitive-exam-coaching-assistance,Competitive Exam Coaching Assistance,Scholarship & Academic Stipend,50000.0,One-Time,"100% sponsored classroom coaching for UPSC, PSC, JEE, and NEET exams. (₹50,000)"
2036,rajasthan-girl-child-higher-education-incentive,Girl Child Higher Education Incentive,Direct Cash Transfer (DBT),25000.0,One-Time,"Direct milestone grant upon enrolling in undergraduate degree programs. (₹25,000)"
2037,rajasthan-technical-polytechnic-skill-stipend,Technical & Polytechnic Skill Stipend,Scholarship & Academic Stipend,12000.0,Monthly,"Monthly allowance for students pursuing diploma and industrial training. (₹12,000)"
2038,rajasthan-overseas-education-scholarship-for-ews,Overseas Education Scholarship for EWS,Subsidized / Collateral-Free Loan,500000.0,One-Time,"Educational loan interest subsidy for foreign universities. (₹500,000)"
2039,rajasthan-special-education-aid-for-divyang-students,Special Education Aid for Divyang Students,Direct Cash Transfer (DBT),20000.0,One-Time,"Assistive braille, hearing aids, and transport allowance for disabled students. (₹20,000)"
2040,rajasthan-matru-kalyan-nutrition-dbt,Matru Kalyan & Nutrition DBT,Subsidized Food & Nutrition,6000.0,One-Time,"Conditional cash transfer across pregnancy trimesters and post-natal care. (₹6,000)"
2041,rajasthan-mahila-swavalamban-livelihood-grant,Mahila Swavalamban Livelihood Grant,Direct Cash Transfer (DBT),50000.0,One-Time,"Revolving seed fund for women Self-Help Groups (SHGs) to start enterprises. (₹50,000)"
2042,rajasthan-kanya-vivah-marriage-assistance,Kanya Vivah & Marriage Assistance,Direct Cash Transfer (DBT),51000.0,One-Time,"Direct financial grant for marriage of daughters from economically weaker families. (₹51,000)"
2043,rajasthan-working-women-hostel-transport-subsidy,Working Women Hostel & Transport Subsidy,Asset & Equipment Subsidy,15000.0,Monthly,"Subsidized secure safe housing and monthly urban commute pass. (₹15,000)"
2044,rajasthan-single-mother-destitute-women-pension,Single Mother & Destitute Women Pension,Monthly Social Security Pension,15000.0,Monthly,"Monthly social security pension for widowed and abandoned women. (₹15,000)"
2045,rajasthan-sukanya-samriddhi-high-interest-top-up,Sukanya Samriddhi High-Interest Top-Up,Asset & Equipment Subsidy,10000.0,One-Time,"State government interest subsidy top-up on girl child savings accounts. (₹10,000)"
2046,rajasthan-universal-cashless-health-insurance,Universal Cashless Health Insurance,Health & Accidental Insurance Cover,500000.0,Annual,"Annual cashless hospitalization and surgical treatment cover in network hospitals. (₹500,000)"
2047,rajasthan-critical-illness-relief-fund-cancer-kidney,Critical Illness Relief Fund (Cancer & Kidney),Health & Accidental Insurance Cover,200000.0,Claim-Based,"One-time financial relief grant for dialysis, chemotherapy, and heart surgery. (₹200,000)"
2048,rajasthan-free-diagnostic-tests-medicine-scheme,Free Diagnostic Tests & Medicine Scheme,Direct Cash Transfer (DBT),10000.0,One-Time,"100% free prescription drugs and pathology tests at government clinics. (₹10,000)"
2049,rajasthan-senior-citizen-specialized-geriatric-care,Senior Citizen Specialized Geriatric Care,Direct Cash Transfer (DBT),15000.0,One-Time,"Free cataract surgeries, hearing aids, and doorstep chronic care medicine. (₹15,000)"
2050,rajasthan-emergency-accidental-trauma-insurance,Emergency Accidental Trauma Insurance,Health & Accidental Insurance Cover,100000.0,Claim-Based,"Immediate cashless golden-hour emergency trauma care coverage. (₹100,000)"
2051,rajasthan-old-age-social-security-pension,Old Age Social Security Pension,Monthly Social Security Pension,12000.0,Monthly,"Monthly direct benefit transfer pension for elderly citizens aged 60 and above. (₹12,000)"
2052,rajasthan-divyangjan-disability-monthly-pension,Divyangjan Disability Monthly Pension,Monthly Social Security Pension,18000.0,Monthly,"Monthly financial support and motorized tricycle allowance for disabled persons. (₹18,000)"
2053,rajasthan-antyodaya-subsidized-food-security,Antyodaya Subsidized Food Security,Subsidized Food & Nutrition,8000.0,Monthly,"Subsidized monthly ration of 35kg foodgrains for poorest-of-poor households. (₹8,000)"
2054,rajasthan-sanitation-workers-rehabilitation-grant,Sanitation Workers Rehabilitation Grant,Asset & Equipment Subsidy,40000.0,One-Time,"Capital subsidy and skill retraining for sanitary workers and sewer workers. (₹40,000)"
2055,rajasthan-tribal-livelihood-forest-produce-grant,Tribal Livelihood & Forest Produce Grant,Asset & Equipment Subsidy,20000.0,One-Time,"Direct procurement support and value addition subsidy for minor forest produce. (₹20,000)"
2056,rajasthan-youth-apprenticeship-monthly-stipend,Youth Apprenticeship Monthly Stipend,Scholarship & Academic Stipend,18000.0,Monthly,"Direct government stipend top-up for technical industrial apprenticeships. (₹18,000)"
2057,rajasthan-artisan-craftsman-modern-tool-kit-grant,Artisan & Craftsman Modern Tool Kit Grant,Subsidized / Collateral-Free Loan,20000.0,One-Time,"Free motorized toolkits and collateral-free micro credit for traditional artisans. (₹20,000)"
2058,rajasthan-rural-youth-driving-heavy-machinery-training,Rural Youth Driving & Heavy Machinery Training,Asset & Equipment Subsidy,25000.0,One-Time,"100% sponsored commercial vehicle and excavator driver training. (₹25,000)"
2059,rajasthan-it-emerging-tech-bootcamp-voucher,IT & Emerging Tech Bootcamp Voucher,Scholarship & Academic Stipend,35000.0,One-Time,"Full tuition sponsorship for AI, Cloud, and Software certification bootcamps. (₹35,000)"
2060,rajasthan-self-employment-micro-credit-guarantee,Self-Employment Micro-Credit Guarantee,Subsidized / Collateral-Free Loan,500000.0,One-Time,"Collateral-free subsidized loan up to ₹5 Lakh for starting local enterprises. (₹100,000)"
2061,rajasthan-pucca-house-construction-subsidy,Pucca House Construction Subsidy,Asset & Equipment Subsidy,150000.0,Quarterly,"Direct installment financial grant for building disaster-resilient pucca home. (₹150,000)"
2062,rajasthan-rooftop-solar-green-energy-assistance,Rooftop Solar & Green Energy Assistance,Asset & Equipment Subsidy,50000.0,One-Time,"Capital subsidy for grid-connected rooftop solar installation for homeowners. (₹50,000)"
2063,rajasthan-slum-rehabilitation-ews-flat-allocation,Slum Rehabilitation & EWS Flat Allocation,Asset & Equipment Subsidy,250000.0,One-Time,"Subsidized ownership allotment of 1BHK flats with basic civic amenities. (₹250,000)"
2064,rajasthan-rural-toilet-water-tap-incentive,Rural Toilet & Water Tap Incentive,Direct Cash Transfer (DBT),12000.0,One-Time,"Financial assistance for individual household latrines and clean piped tap. (₹12,000)"
2065,rajasthan-micro-enterprise-collateral-free-loan,Micro Enterprise Collateral-Free Loan,Subsidized / Collateral-Free Loan,1000000.0,One-Time,"Guaranteed working capital and equipment loan up to ₹10 Lakh at subsidized interest. (₹200,000)"
2066,rajasthan-women-entrepreneur-startup-grant,Women Entrepreneur Startup Grant,Direct Cash Transfer (DBT),100000.0,One-Time,"Seed funding capital grant for innovative women-founded MSME ventures. (₹100,000)"
2067,rajasthan-export-promotion-quality-certification-subsidy,Export Promotion & Quality Certification Subsidy,Asset & Equipment Subsidy,75000.0,One-Time,"Reimbursement for ISO, ZED, and international trade mark registration costs. (₹75,000)"
2068,rajasthan-credit-linked-capital-subsidy-for-tech-upgradation,Credit Linked Capital Subsidy for Tech Upgradation,Asset & Equipment Subsidy,150000.0,One-Time,"15% upfront capital subsidy for machinery modernization in manufacturing. (₹150,000)"
2069,rajasthan-e-vehicle-green-mobility-subsidy,E-Vehicle & Green Mobility Subsidy,Asset & Equipment Subsidy,20000.0,One-Time,"Direct cash incentive on purchase of electric 2-wheelers and 3-wheelers. (₹20,000)"
2070,rajasthan-rainwater-harvesting-ground-water-recharge-grant,Rainwater Harvesting & Ground Water Recharge Grant,Asset & Equipment Subsidy,15000.0,One-Time,"Subsidized rooftop rainwater harvesting system for individual residences. (₹15,000)"
2071,rajasthan-bio-gas-cattle-dung-renewable-plant-subsidy,Bio-Gas & Cattle Dung Renewable Plant Subsidy,Asset & Equipment Subsidy,18000.0,One-Time,"Financial support for installing domestic Gobar-Dhan biogas units. (₹18,000)"
2072,rajasthan-phase-2-kisan-samriddhi-crop-assistance,Kisan Samriddhi & Crop Assistance,Asset & Equipment Subsidy,6000.0,One-Time,"Financial input subsidy for seed, fertilizer, and organic cultivation equipment. (₹6,000)"
2073,rajasthan-phase-2-solar-krishi-pump-subsidy,Solar Krishi Pump Subsidy,Asset & Equipment Subsidy,75000.0,One-Time,"Up to 90% capital subsidy for installing off-grid solar irrigation pumps. (₹75,000)"
2074,rajasthan-phase-2-horticulture-drip-irrigation-grant,Horticulture & Drip Irrigation Grant,Asset & Equipment Subsidy,25000.0,One-Time,"Direct subsidy for drip, sprinkler, and precision micro-irrigation installation. (₹25,000)"
2075,rajasthan-phase-2-dairy-cattle-development-incentive,Dairy & Cattle Development Incentive,Direct Cash Transfer (DBT),40000.0,One-Time,"Financial assistance for purchasing high-yield milch cows and buffaloes. (₹40,000)"
2076,rajasthan-phase-2-fodder-cultivation-animal-care-grant,Fodder Cultivation & Animal Care Grant,Asset & Equipment Subsidy,12000.0,One-Time,"Subsidized silage, quality seeds, and livestock health vaccination support. (₹12,000)"
2077,rajasthan-phase-2-fisheries-pond-biofloc-support,Fisheries Pond & Biofloc Support,Direct Cash Transfer (DBT),50000.0,One-Time,"Capital grant for biofloc fish farming, fingerling supply, and aerators. (₹50,000)"
2078,rajasthan-phase-2-soil-health-organic-farming-mission,Soil Health & Organic Farming Mission,Direct Cash Transfer (DBT),8000.0,One-Time,"Free soil nutrient testing kit and bio-compost financial top-up grant. (₹8,000)"
2079,rajasthan-phase-2-farm-mechanization-rotavator-subsidy,Farm Mechanization & Rotavator Subsidy,Asset & Equipment Subsidy,60000.0,One-Time,"Up to 50% subsidy on modern harvesters, rotavators, and custom hiring centers. (₹60,000)"
2080,rajasthan-phase-2-post-matric-merit-scholarship,Post-Matric Merit Scholarship,Scholarship & Academic Stipend,18000.0,One-Time,"Tuition fee waiver and maintenance stipend for higher collegiate education. (₹18,000)"
2081,rajasthan-phase-2-free-digital-tablet-laptop-distribution,Free Digital Tablet & Laptop Distribution,Asset & Equipment Subsidy,15000.0,One-Time,"High-speed digital learning devices distributed to meritorious board students. (₹15,000)"
2082,rajasthan-phase-2-competitive-exam-coaching-assistance,Competitive Exam Coaching Assistance,Scholarship & Academic Stipend,50000.0,One-Time,"100% sponsored classroom coaching for UPSC, PSC, JEE, and NEET exams. (₹50,000)"
2083,rajasthan-phase-2-girl-child-higher-education-incentive,Girl Child Higher Education Incentive,Direct Cash Transfer (DBT),25000.0,One-Time,"Direct milestone grant upon enrolling in undergraduate degree programs. (₹25,000)"
2084,rajasthan-phase-2-technical-polytechnic-skill-stipend,Technical & Polytechnic Skill Stipend,Scholarship & Academic Stipend,12000.0,Monthly,"Monthly allowance for students pursuing diploma and industrial training. (₹12,000)"
2085,rajasthan-phase-2-overseas-education-scholarship-for-ews,Overseas Education Scholarship for EWS,Subsidized / Collateral-Free Loan,500000.0,One-Time,"Educational loan interest subsidy for foreign universities. (₹500,000)"
2086,rajasthan-phase-2-special-education-aid-for-divyang-students,Special Education Aid for Divyang Students,Direct Cash Transfer (DBT),20000.0,One-Time,"Assistive braille, hearing aids, and transport allowance for disabled students. (₹20,000)"
2087,rajasthan-phase-2-matru-kalyan-nutrition-dbt,Matru Kalyan & Nutrition DBT,Subsidized Food & Nutrition,6000.0,One-Time,"Conditional cash transfer across pregnancy trimesters and post-natal care. (₹6,000)"
2088,rajasthan-phase-2-mahila-swavalamban-livelihood-grant,Mahila Swavalamban Livelihood Grant,Direct Cash Transfer (DBT),50000.0,One-Time,"Revolving seed fund for women Self-Help Groups (SHGs) to start enterprises. (₹50,000)"
2089,rajasthan-phase-2-kanya-vivah-marriage-assistance,Kanya Vivah & Marriage Assistance,Direct Cash Transfer (DBT),51000.0,One-Time,"Direct financial grant for marriage of daughters from economically weaker families. (₹51,000)"
2090,rajasthan-phase-2-working-women-hostel-transport-subsidy,Working Women Hostel & Transport Subsidy,Asset & Equipment Subsidy,15000.0,Monthly,"Subsidized secure safe housing and monthly urban commute pass. (₹15,000)"
2091,rajasthan-phase-2-single-mother-destitute-women-pension,Single Mother & Destitute Women Pension,Monthly Social Security Pension,15000.0,Monthly,"Monthly social security pension for widowed and abandoned women. (₹15,000)"
2092,rajasthan-phase-2-sukanya-samriddhi-high-interest-top-up,Sukanya Samriddhi High-Interest Top-Up,Asset & Equipment Subsidy,10000.0,One-Time,"State government interest subsidy top-up on girl child savings accounts. (₹10,000)"
2093,rajasthan-phase-2-universal-cashless-health-insurance,Universal Cashless Health Insurance,Health & Accidental Insurance Cover,500000.0,Annual,"Annual cashless hospitalization and surgical treatment cover in network hospitals. (₹500,000)"
2094,rajasthan-phase-2-critical-illness-relief-fund-cancer-kidney,Critical Illness Relief Fund (Cancer & Kidney),Health & Accidental Insurance Cover,200000.0,Claim-Based,"One-time financial relief grant for dialysis, chemotherapy, and heart surgery. (₹200,000)"
2095,rajasthan-phase-2-free-diagnostic-tests-medicine-scheme,Free Diagnostic Tests & Medicine Scheme,Direct Cash Transfer (DBT),10000.0,One-Time,"100% free prescription drugs and pathology tests at government clinics. (₹10,000)"
2096,rajasthan-phase-2-senior-citizen-specialized-geriatric-care,Senior Citizen Specialized Geriatric Care,Direct Cash Transfer (DBT),15000.0,One-Time,"Free cataract surgeries, hearing aids, and doorstep chronic care medicine. (₹15,000)"
2097,rajasthan-phase-2-emergency-accidental-trauma-insurance,Emergency Accidental Trauma Insurance,Health & Accidental Insurance Cover,100000.0,Claim-Based,"Immediate cashless golden-hour emergency trauma care coverage. (₹100,000)"
2098,rajasthan-phase-2-old-age-social-security-pension,Old Age Social Security Pension,Monthly Social Security Pension,12000.0,Monthly,"Monthly direct benefit transfer pension for elderly citizens aged 60 and above. (₹12,000)"
2099,rajasthan-phase-2-divyangjan-disability-monthly-pension,Divyangjan Disability Monthly Pension,Monthly Social Security Pension,18000.0,Monthly,"Monthly financial support and motorized tricycle allowance for disabled persons. (₹18,000)"
2100,rajasthan-phase-2-antyodaya-subsidized-food-security,Antyodaya Subsidized Food Security,Subsidized Food & Nutrition,8000.0,Monthly,"Subsidized monthly ration of 35kg foodgrains for poorest-of-poor households. (₹8,000)"
2101,rajasthan-phase-2-sanitation-workers-rehabilitation-grant,Sanitation Workers Rehabilitation Grant,Asset & Equipment Subsidy,40000.0,One-Time,"Capital subsidy and skill retraining for sanitary workers and sewer workers. (₹40,000)"
2102,rajasthan-phase-2-tribal-livelihood-forest-produce-grant,Tribal Livelihood & Forest Produce Grant,Asset & Equipment Subsidy,20000.0,One-Time,"Direct procurement support and value addition subsidy for minor forest produce. (₹20,000)"
2103,rajasthan-phase-2-youth-apprenticeship-monthly-stipend,Youth Apprenticeship Monthly Stipend,Scholarship & Academic Stipend,18000.0,Monthly,"Direct government stipend top-up for technical industrial apprenticeships. (₹18,000)"
2104,rajasthan-phase-2-artisan-craftsman-modern-tool-kit-grant,Artisan & Craftsman Modern Tool Kit Grant,Subsidized / Collateral-Free Loan,20000.0,One-Time,"Free motorized toolkits and collateral-free micro credit for traditional artisans. (₹20,000)"
2105,rajasthan-phase-2-rural-youth-driving-heavy-machinery-training,Rural Youth Driving & Heavy Machinery Training,Asset & Equipment Subsidy,25000.0,One-Time,"100% sponsored commercial vehicle and excavator driver training. (₹25,000)"
2106,rajasthan-phase-2-it-emerging-tech-bootcamp-voucher,IT & Emerging Tech Bootcamp Voucher,Scholarship & Academic Stipend,35000.0,One-Time,"Full tuition sponsorship for AI, Cloud, and Software certification bootcamps. (₹35,000)"
2107,rajasthan-phase-2-self-employment-micro-credit-guarantee,Self-Employment Micro-Credit Guarantee,Subsidized / Collateral-Free Loan,500000.0,One-Time,"Collateral-free subsidized loan up to ₹5 Lakh for starting local enterprises. (₹100,000)"
2108,rajasthan-phase-2-pucca-house-construction-subsidy,Pucca House Construction Subsidy,Asset & Equipment Subsidy,150000.0,Quarterly,"Direct installment financial grant for building disaster-resilient pucca home. (₹150,000)"
2109,rajasthan-phase-2-rooftop-solar-green-energy-assistance,Rooftop Solar & Green Energy Assistance,Asset & Equipment Subsidy,50000.0,One-Time,"Capital subsidy for grid-connected rooftop solar installation for homeowners. (₹50,000)"
2110,rajasthan-phase-2-slum-rehabilitation-ews-flat-allocation,Slum Rehabilitation & EWS Flat Allocation,Asset & Equipment Subsidy,250000.0,One-Time,"Subsidized ownership allotment of 1BHK flats with basic civic amenities. (₹250,000)"
2111,rajasthan-phase-2-rural-toilet-water-tap-incentive,Rural Toilet & Water Tap Incentive,Direct Cash Transfer (DBT),12000.0,One-Time,"Financial assistance for individual household latrines and clean piped tap. (₹12,000)"
2112,rajasthan-phase-2-micro-enterprise-collateral-free-loan,Micro Enterprise Collateral-Free Loan,Subsidized / Collateral-Free Loan,1000000.0,One-Time,"Guaranteed working capital and equipment loan up to ₹10 Lakh at subsidized interest. (₹200,000)"
2113,rajasthan-phase-2-women-entrepreneur-startup-grant,Women Entrepreneur Startup Grant,Direct Cash Transfer (DBT),100000.0,One-Time,"Seed funding capital grant for innovative women-founded MSME ventures. (₹100,000)"
2114,rajasthan-phase-2-export-promotion-quality-certification-subsidy,Export Promotion & Quality Certification Subsidy,Asset & Equipment Subsidy,75000.0,One-Time,"Reimbursement for ISO, ZED, and international trade mark registration costs. (₹75,000)"
2115,rajasthan-phase-2-credit-linked-capital-subsidy-for-tech-upgradation,Credit Linked Capital Subsidy for Tech Upgradation,Asset & Equipment Subsidy,150000.0,One-Time,"15% upfront capital subsidy for machinery modernization in manufacturing. (₹150,000)"
2116,rajasthan-phase-2-e-vehicle-green-mobility-subsidy,E-Vehicle & Green Mobility Subsidy,Asset & Equipment Subsidy,20000.0,One-Time,"Direct cash incentive on purchase of electric 2-wheelers and 3-wheelers. (₹20,000)"
2117,rajasthan-phase-2-rainwater-harvesting-ground-water-recharge-grant,Rainwater Harvesting & Ground Water Recharge Grant,Asset & Equipment Subsidy,15000.0,One-Time,"Subsidized rooftop rainwater harvesting system for individual residences. (₹15,000)"
2118,rajasthan-phase-2-bio-gas-cattle-dung-renewable-plant-subsidy,Bio-Gas & Cattle Dung Renewable Plant Subsidy,Asset & Equipment Subsidy,18000.0,One-Time,"Financial support for installing domestic Gobar-Dhan biogas units. (₹18,000)"
2119,rajasthan-phase-3-kisan-samriddhi-crop-assistance,Kisan Samriddhi & Crop Assistance,Asset & Equipment Subsidy,6000.0,One-Time,"Financial input subsidy for seed, fertilizer, and organic cultivation equipment. (₹6,000)"
2120,rajasthan-phase-3-solar-krishi-pump-subsidy,Solar Krishi Pump Subsidy,Asset & Equipment Subsidy,75000.0,One-Time,"Up to 90% capital subsidy for installing off-grid solar irrigation pumps. (₹75,000)"
2121,rajasthan-phase-3-horticulture-drip-irrigation-grant,Horticulture & Drip Irrigation Grant,Asset & Equipment Subsidy,25000.0,One-Time,"Direct subsidy for drip, sprinkler, and precision micro-irrigation installation. (₹25,000)"
2122,rajasthan-phase-3-dairy-cattle-development-incentive,Dairy & Cattle Development Incentive,Direct Cash Transfer (DBT),40000.0,One-Time,"Financial assistance for purchasing high-yield milch cows and buffaloes. (₹40,000)"
2123,rajasthan-phase-3-fodder-cultivation-animal-care-grant,Fodder Cultivation & Animal Care Grant,Asset & Equipment Subsidy,12000.0,One-Time,"Subsidized silage, quality seeds, and livestock health vaccination support. (₹12,000)"
2124,rajasthan-phase-3-fisheries-pond-biofloc-support,Fisheries Pond & Biofloc Support,Direct Cash Transfer (DBT),50000.0,One-Time,"Capital grant for biofloc fish farming, fingerling supply, and aerators. (₹50,000)"
2125,rajasthan-phase-3-soil-health-organic-farming-mission,Soil Health & Organic Farming Mission,Direct Cash Transfer (DBT),8000.0,One-Time,"Free soil nutrient testing kit and bio-compost financial top-up grant. (₹8,000)"
2126,rajasthan-phase-3-farm-mechanization-rotavator-subsidy,Farm Mechanization & Rotavator Subsidy,Asset & Equipment Subsidy,60000.0,One-Time,"Up to 50% subsidy on modern harvesters, rotavators, and custom hiring centers. (₹60,000)"
2127,rajasthan-phase-3-post-matric-merit-scholarship,Post-Matric Merit Scholarship,Scholarship & Academic Stipend,18000.0,One-Time,"Tuition fee waiver and maintenance stipend for higher collegiate education. (₹18,000)"
2128,rajasthan-phase-3-free-digital-tablet-laptop-distribution,Free Digital Tablet & Laptop Distribution,Asset & Equipment Subsidy,15000.0,One-Time,"High-speed digital learning devices distributed to meritorious board students. (₹15,000)"
2129,rajasthan-phase-3-competitive-exam-coaching-assistance,Competitive Exam Coaching Assistance,Scholarship & Academic Stipend,50000.0,One-Time,"100% sponsored classroom coaching for UPSC, PSC, JEE, and NEET exams. (₹50,000)"
2130,rajasthan-phase-3-girl-child-higher-education-incentive,Girl Child Higher Education Incentive,Direct Cash Transfer (DBT),25000.0,One-Time,"Direct milestone grant upon enrolling in undergraduate degree programs. (₹25,000)"
2131,rajasthan-phase-3-technical-polytechnic-skill-stipend,Technical & Polytechnic Skill Stipend,Scholarship & Academic Stipend,12000.0,Monthly,"Monthly allowance for students pursuing diploma and industrial training. (₹12,000)"
2132,rajasthan-phase-3-overseas-education-scholarship-for-ews,Overseas Education Scholarship for EWS,Subsidized / Collateral-Free Loan,500000.0,One-Time,"Educational loan interest subsidy for foreign universities. (₹500,000)"
2133,rajasthan-phase-3-special-education-aid-for-divyang-students,Special Education Aid for Divyang Students,Direct Cash Transfer (DBT),20000.0,One-Time,"Assistive braille, hearing aids, and transport allowance for disabled students. (₹20,000)"
2134,rajasthan-phase-3-matru-kalyan-nutrition-dbt,Matru Kalyan & Nutrition DBT,Subsidized Food & Nutrition,6000.0,One-Time,"Conditional cash transfer across pregnancy trimesters and post-natal care. (₹6,000)"
2135,rajasthan-phase-3-mahila-swavalamban-livelihood-grant,Mahila Swavalamban Livelihood Grant,Direct Cash Transfer (DBT),50000.0,One-Time,"Revolving seed fund for women Self-Help Groups (SHGs) to start enterprises. (₹50,000)"
2136,rajasthan-phase-3-kanya-vivah-marriage-assistance,Kanya Vivah & Marriage Assistance,Direct Cash Transfer (DBT),51000.0,One-Time,"Direct financial grant for marriage of daughters from economically weaker families. (₹51,000)"
2137,rajasthan-phase-3-working-women-hostel-transport-subsidy,Working Women Hostel & Transport Subsidy,Asset & Equipment Subsidy,15000.0,Monthly,"Subsidized secure safe housing and monthly urban commute pass. (₹15,000)"
2138,rajasthan-phase-3-single-mother-destitute-women-pension,Single Mother & Destitute Women Pension,Monthly Social Security Pension,15000.0,Monthly,"Monthly social security pension for widowed and abandoned women. (₹15,000)"
2139,rajasthan-phase-3-sukanya-samriddhi-high-interest-top-up,Sukanya Samriddhi High-Interest Top-Up,Asset & Equipment Subsidy,10000.0,One-Time,"State government interest subsidy top-up on girl child savings accounts. (₹10,000)"
2140,rajasthan-phase-3-universal-cashless-health-insurance,Universal Cashless Health Insurance,Health & Accidental Insurance Cover,500000.0,Annual,"Annual cashless hospitalization and surgical treatment cover in network hospitals. (₹500,000)"
2141,rajasthan-phase-3-critical-illness-relief-fund-cancer-kidney,Critical Illness Relief Fund (Cancer & Kidney),Health & Accidental Insurance Cover,200000.0,Claim-Based,"One-time financial relief grant for dialysis, chemotherapy, and heart surgery. (₹200,000)"
2142,rajasthan-phase-3-free-diagnostic-tests-medicine-scheme,Free Diagnostic Tests & Medicine Scheme,Direct Cash Transfer (DBT),10000.0,One-Time,"100% free prescription drugs and pathology tests at government clinics. (₹10,000)"
2143,rajasthan-phase-3-senior-citizen-specialized-geriatric-care,Senior Citizen Specialized Geriatric Care,Direct Cash Transfer (DBT),15000.0,One-Time,"Free cataract surgeries, hearing aids, and doorstep chronic care medicine. (₹15,000)"
2144,rajasthan-phase-3-emergency-accidental-trauma-insurance,Emergency Accidental Trauma Insurance,Health & Accidental Insurance Cover,100000.0,Claim-Based,"Immediate cashless golden-hour emergency trauma care coverage. (₹100,000)"
2145,rajasthan-phase-3-old-age-social-security-pension,Old Age Social Security Pension,Monthly Social Security Pension,12000.0,Monthly,"Monthly direct benefit transfer pension for elderly citizens aged 60 and above. (₹12,000)"
2146,rajasthan-phase-3-divyangjan-disability-monthly-pension,Divyangjan Disability Monthly Pension,Monthly Social Security Pension,18000.0,Monthly,"Monthly financial support and motorized tricycle allowance for disabled persons. (₹18,000)"
2147,rajasthan-phase-3-antyodaya-subsidized-food-security,Antyodaya Subsidized Food Security,Subsidized Food & Nutrition,8000.0,Monthly,"Subsidized monthly ration of 35kg foodgrains for poorest-of-poor households. (₹8,000)"
2148,rajasthan-phase-3-sanitation-workers-rehabilitation-grant,Sanitation Workers Rehabilitation Grant,Asset & Equipment Subsidy,40000.0,One-Time,"Capital subsidy and skill retraining for sanitary workers and sewer workers. (₹40,000)"
2149,rajasthan-phase-3-tribal-livelihood-forest-produce-grant,Tribal Livelihood & Forest Produce Grant,Asset & Equipment Subsidy,20000.0,One-Time,"Direct procurement support and value addition subsidy for minor forest produce. (₹20,000)"
2150,rajasthan-phase-3-youth-apprenticeship-monthly-stipend,Youth Apprenticeship Monthly Stipend,Scholarship & Academic Stipend,18000.0,Monthly,"Direct government stipend top-up for technical industrial apprenticeships. (₹18,000)"
2151,rajasthan-phase-3-artisan-craftsman-modern-tool-kit-grant,Artisan & Craftsman Modern Tool Kit Grant,Subsidized / Collateral-Free Loan,20000.0,One-Time,"Free motorized toolkits and collateral-free micro credit for traditional artisans. (₹20,000)"
2152,rajasthan-phase-3-rural-youth-driving-heavy-machinery-training,Rural Youth Driving & Heavy Machinery Training,Asset & Equipment Subsidy,25000.0,One-Time,"100% sponsored commercial vehicle and excavator driver training. (₹25,000)"
2153,rajasthan-phase-3-it-emerging-tech-bootcamp-voucher,IT & Emerging Tech Bootcamp Voucher,Scholarship & Academic Stipend,35000.0,One-Time,"Full tuition sponsorship for AI, Cloud, and Software certification bootcamps. (₹35,000)"
2154,rajasthan-phase-3-self-employment-micro-credit-guarantee,Self-Employment Micro-Credit Guarantee,Subsidized / Collateral-Free Loan,500000.0,One-Time,"Collateral-free subsidized loan up to ₹5 Lakh for starting local enterprises. (₹100,000)"
2155,rajasthan-phase-3-pucca-house-construction-subsidy,Pucca House Construction Subsidy,Asset & Equipment Subsidy,150000.0,Quarterly,"Direct installment financial grant for building disaster-resilient pucca home. (₹150,000)"
2156,rajasthan-phase-3-rooftop-solar-green-energy-assistance,Rooftop Solar & Green Energy Assistance,Asset & Equipment Subsidy,50000.0,One-Time,"Capital subsidy for grid-connected rooftop solar installation for homeowners. (₹50,000)"
2157,rajasthan-phase-3-slum-rehabilitation-ews-flat-allocation,Slum Rehabilitation & EWS Flat Allocation,Asset & Equipment Subsidy,250000.0,One-Time,"Subsidized ownership allotment of 1BHK flats with basic civic amenities. (₹250,000)"
2158,rajasthan-phase-3-rural-toilet-water-tap-incentive,Rural Toilet & Water Tap Incentive,Direct Cash Transfer (DBT),12000.0,One-Time,"Financial assistance for individual household latrines and clean piped tap. (₹12,000)"
2159,rajasthan-phase-3-micro-enterprise-collateral-free-loan,Micro Enterprise Collateral-Free Loan,Subsidized / Collateral-Free Loan,1000000.0,One-Time,"Guaranteed working capital and equipment loan up to ₹10 Lakh at subsidized interest. (₹200,000)"
2160,rajasthan-phase-3-women-entrepreneur-startup-grant,Women Entrepreneur Startup Grant,Direct Cash Transfer (DBT),100000.0,One-Time,"Seed funding capital grant for innovative women-founded MSME ventures. (₹100,000)"
2161,rajasthan-phase-3-export-promotion-quality-certification-subsidy,Export Promotion & Quality Certification Subsidy,Asset & Equipment Subsidy,75000.0,One-Time,"Reimbursement for ISO, ZED, and international trade mark registration costs. (₹75,000)"
2162,rajasthan-phase-3-credit-linked-capital-subsidy-for-tech-upgradation,Credit Linked Capital Subsidy for Tech Upgradation,Asset & Equipment Subsidy,150000.0,One-Time,"15% upfront capital subsidy for machinery modernization in manufacturing. (₹150,000)"
2163,rajasthan-phase-3-e-vehicle-green-mobility-subsidy,E-Vehicle & Green Mobility Subsidy,Asset & Equipment Subsidy,20000.0,One-Time,"Direct cash incentive on purchase of electric 2-wheelers and 3-wheelers. (₹20,000)"
2164,rajasthan-phase-3-rainwater-harvesting-ground-water-recharge-grant,Rainwater Harvesting & Ground Water Recharge Grant,Asset & Equipment Subsidy,15000.0,One-Time,"Subsidized rooftop rainwater harvesting system for individual residences. (₹15,000)"
2165,sikkim-kisan-samriddhi-crop-assistance,Kisan Samriddhi & Crop Assistance,Asset & Equipment Subsidy,6000.0,One-Time,"Financial input subsidy for seed, fertilizer, and organic cultivation equipment. (₹6,000)"
2166,sikkim-solar-krishi-pump-subsidy,Solar Krishi Pump Subsidy,Asset & Equipment Subsidy,75000.0,One-Time,"Up to 90% capital subsidy for installing off-grid solar irrigation pumps. (₹75,000)"
2167,sikkim-horticulture-drip-irrigation-grant,Horticulture & Drip Irrigation Grant,Asset & Equipment Subsidy,25000.0,One-Time,"Direct subsidy for drip, sprinkler, and precision micro-irrigation installation. (₹25,000)"
2168,sikkim-dairy-cattle-development-incentive,Dairy & Cattle Development Incentive,Direct Cash Transfer (DBT),40000.0,One-Time,"Financial assistance for purchasing high-yield milch cows and buffaloes. (₹40,000)"
2169,sikkim-fodder-cultivation-animal-care-grant,Fodder Cultivation & Animal Care Grant,Asset & Equipment Subsidy,12000.0,One-Time,"Subsidized silage, quality seeds, and livestock health vaccination support. (₹12,000)"
2170,sikkim-fisheries-pond-biofloc-support,Fisheries Pond & Biofloc Support,Direct Cash Transfer (DBT),50000.0,One-Time,"Capital grant for biofloc fish farming, fingerling supply, and aerators. (₹50,000)"
2171,sikkim-soil-health-organic-farming-mission,Soil Health & Organic Farming Mission,Direct Cash Transfer (DBT),8000.0,One-Time,"Free soil nutrient testing kit and bio-compost financial top-up grant. (₹8,000)"
2172,sikkim-farm-mechanization-rotavator-subsidy,Farm Mechanization & Rotavator Subsidy,Asset & Equipment Subsidy,60000.0,One-Time,"Up to 50% subsidy on modern harvesters, rotavators, and custom hiring centers. (₹60,000)"
2173,sikkim-post-matric-merit-scholarship,Post-Matric Merit Scholarship,Scholarship & Academic Stipend,18000.0,One-Time,"Tuition fee waiver and maintenance stipend for higher collegiate education. (₹18,000)"
2174,sikkim-free-digital-tablet-laptop-distribution,Free Digital Tablet & Laptop Distribution,Asset & Equipment Subsidy,15000.0,One-Time,"High-speed digital learning devices distributed to meritorious board students. (₹15,000)"
2175,sikkim-competitive-exam-coaching-assistance,Competitive Exam Coaching Assistance,Scholarship & Academic Stipend,50000.0,One-Time,"100% sponsored classroom coaching for UPSC, PSC, JEE, and NEET exams. (₹50,000)"
2176,sikkim-girl-child-higher-education-incentive,Girl Child Higher Education Incentive,Direct Cash Transfer (DBT),25000.0,One-Time,"Direct milestone grant upon enrolling in undergraduate degree programs. (₹25,000)"
2177,sikkim-technical-polytechnic-skill-stipend,Technical & Polytechnic Skill Stipend,Scholarship & Academic Stipend,12000.0,Monthly,"Monthly allowance for students pursuing diploma and industrial training. (₹12,000)"
2178,sikkim-overseas-education-scholarship-for-ews,Overseas Education Scholarship for EWS,Subsidized / Collateral-Free Loan,500000.0,One-Time,"Educational loan interest subsidy for foreign universities. (₹500,000)"
2179,sikkim-special-education-aid-for-divyang-students,Special Education Aid for Divyang Students,Direct Cash Transfer (DBT),20000.0,One-Time,"Assistive braille, hearing aids, and transport allowance for disabled students. (₹20,000)"
2180,sikkim-matru-kalyan-nutrition-dbt,Matru Kalyan & Nutrition DBT,Subsidized Food & Nutrition,6000.0,One-Time,"Conditional cash transfer across pregnancy trimesters and post-natal care. (₹6,000)"
2181,sikkim-mahila-swavalamban-livelihood-grant,Mahila Swavalamban Livelihood Grant,Direct Cash Transfer (DBT),50000.0,One-Time,"Revolving seed fund for women Self-Help Groups (SHGs) to start enterprises. (₹50,000)"
2182,sikkim-kanya-vivah-marriage-assistance,Kanya Vivah & Marriage Assistance,Direct Cash Transfer (DBT),51000.0,One-Time,"Direct financial grant for marriage of daughters from economically weaker families. (₹51,000)"
2183,sikkim-working-women-hostel-transport-subsidy,Working Women Hostel & Transport Subsidy,Asset & Equipment Subsidy,15000.0,Monthly,"Subsidized secure safe housing and monthly urban commute pass. (₹15,000)"
2184,sikkim-single-mother-destitute-women-pension,Single Mother & Destitute Women Pension,Monthly Social Security Pension,15000.0,Monthly,"Monthly social security pension for widowed and abandoned women. (₹15,000)"
2185,sikkim-sukanya-samriddhi-high-interest-top-up,Sukanya Samriddhi High-Interest Top-Up,Asset & Equipment Subsidy,10000.0,One-Time,"State government interest subsidy top-up on girl child savings accounts. (₹10,000)"
2186,sikkim-universal-cashless-health-insurance,Universal Cashless Health Insurance,Health & Accidental Insurance Cover,500000.0,Annual,"Annual cashless hospitalization and surgical treatment cover in network hospitals. (₹500,000)"
2187,sikkim-critical-illness-relief-fund-cancer-kidney,Critical Illness Relief Fund (Cancer & Kidney),Health & Accidental Insurance Cover,200000.0,Claim-Based,"One-time financial relief grant for dialysis, chemotherapy, and heart surgery. (₹200,000)"
2188,sikkim-free-diagnostic-tests-medicine-scheme,Free Diagnostic Tests & Medicine Scheme,Direct Cash Transfer (DBT),10000.0,One-Time,"100% free prescription drugs and pathology tests at government clinics. (₹10,000)"
2189,sikkim-senior-citizen-specialized-geriatric-care,Senior Citizen Specialized Geriatric Care,Direct Cash Transfer (DBT),15000.0,One-Time,"Free cataract surgeries, hearing aids, and doorstep chronic care medicine. (₹15,000)"
2190,sikkim-emergency-accidental-trauma-insurance,Emergency Accidental Trauma Insurance,Health & Accidental Insurance Cover,100000.0,Claim-Based,"Immediate cashless golden-hour emergency trauma care coverage. (₹100,000)"
2191,sikkim-old-age-social-security-pension,Old Age Social Security Pension,Monthly Social Security Pension,12000.0,Monthly,"Monthly direct benefit transfer pension for elderly citizens aged 60 and above. (₹12,000)"
2192,sikkim-divyangjan-disability-monthly-pension,Divyangjan Disability Monthly Pension,Monthly Social Security Pension,18000.0,Monthly,"Monthly financial support and motorized tricycle allowance for disabled persons. (₹18,000)"
2193,sikkim-antyodaya-subsidized-food-security,Antyodaya Subsidized Food Security,Subsidized Food & Nutrition,8000.0,Monthly,"Subsidized monthly ration of 35kg foodgrains for poorest-of-poor households. (₹8,000)"
2194,sikkim-sanitation-workers-rehabilitation-grant,Sanitation Workers Rehabilitation Grant,Asset & Equipment Subsidy,40000.0,One-Time,"Capital subsidy and skill retraining for sanitary workers and sewer workers. (₹40,000)"
2195,sikkim-tribal-livelihood-forest-produce-grant,Tribal Livelihood & Forest Produce Grant,Asset & Equipment Subsidy,20000.0,One-Time,"Direct procurement support and value addition subsidy for minor forest produce. (₹20,000)"
2196,sikkim-youth-apprenticeship-monthly-stipend,Youth Apprenticeship Monthly Stipend,Scholarship & Academic Stipend,18000.0,Monthly,"Direct government stipend top-up for technical industrial apprenticeships. (₹18,000)"
2197,sikkim-artisan-craftsman-modern-tool-kit-grant,Artisan & Craftsman Modern Tool Kit Grant,Subsidized / Collateral-Free Loan,20000.0,One-Time,"Free motorized toolkits and collateral-free micro credit for traditional artisans. (₹20,000)"
2198,sikkim-rural-youth-driving-heavy-machinery-training,Rural Youth Driving & Heavy Machinery Training,Asset & Equipment Subsidy,25000.0,One-Time,"100% sponsored commercial vehicle and excavator driver training. (₹25,000)"
2199,sikkim-it-emerging-tech-bootcamp-voucher,IT & Emerging Tech Bootcamp Voucher,Scholarship & Academic Stipend,35000.0,One-Time,"Full tuition sponsorship for AI, Cloud, and Software certification bootcamps. (₹35,000)"
2200,sikkim-self-employment-micro-credit-guarantee,Self-Employment Micro-Credit Guarantee,Subsidized / Collateral-Free Loan,500000.0,One-Time,"Collateral-free subsidized loan up to ₹5 Lakh for starting local enterprises. (₹100,000)"
2201,sikkim-pucca-house-construction-subsidy,Pucca House Construction Subsidy,Asset & Equipment Subsidy,150000.0,Quarterly,"Direct installment financial grant for building disaster-resilient pucca home. (₹150,000)"
2202,sikkim-rooftop-solar-green-energy-assistance,Rooftop Solar & Green Energy Assistance,Asset & Equipment Subsidy,50000.0,One-Time,"Capital subsidy for grid-connected rooftop solar installation for homeowners. (₹50,000)"
2203,sikkim-slum-rehabilitation-ews-flat-allocation,Slum Rehabilitation & EWS Flat Allocation,Asset & Equipment Subsidy,250000.0,One-Time,"Subsidized ownership allotment of 1BHK flats with basic civic amenities. (₹250,000)"
2204,sikkim-rural-toilet-water-tap-incentive,Rural Toilet & Water Tap Incentive,Direct Cash Transfer (DBT),12000.0,One-Time,"Financial assistance for individual household latrines and clean piped tap. (₹12,000)"
2205,sikkim-micro-enterprise-collateral-free-loan,Micro Enterprise Collateral-Free Loan,Subsidized / Collateral-Free Loan,1000000.0,One-Time,"Guaranteed working capital and equipment loan up to ₹10 Lakh at subsidized interest. (₹200,000)"
2206,sikkim-women-entrepreneur-startup-grant,Women Entrepreneur Startup Grant,Direct Cash Transfer (DBT),100000.0,One-Time,"Seed funding capital grant for innovative women-founded MSME ventures. (₹100,000)"
2207,sikkim-export-promotion-quality-certification-subsidy,Export Promotion & Quality Certification Subsidy,Asset & Equipment Subsidy,75000.0,One-Time,"Reimbursement for ISO, ZED, and international trade mark registration costs. (₹75,000)"
2208,sikkim-credit-linked-capital-subsidy-for-tech-upgradation,Credit Linked Capital Subsidy for Tech Upgradation,Asset & Equipment Subsidy,150000.0,One-Time,"15% upfront capital subsidy for machinery modernization in manufacturing. (₹150,000)"
2209,sikkim-e-vehicle-green-mobility-subsidy,E-Vehicle & Green Mobility Subsidy,Asset & Equipment Subsidy,20000.0,One-Time,"Direct cash incentive on purchase of electric 2-wheelers and 3-wheelers. (₹20,000)"
2210,sikkim-rainwater-harvesting-ground-water-recharge-grant,Rainwater Harvesting & Ground Water Recharge Grant,Asset & Equipment Subsidy,15000.0,One-Time,"Subsidized rooftop rainwater harvesting system for individual residences. (₹15,000)"
2211,sikkim-bio-gas-cattle-dung-renewable-plant-subsidy,Bio-Gas & Cattle Dung Renewable Plant Subsidy,Asset & Equipment Subsidy,18000.0,One-Time,"Financial support for installing domestic Gobar-Dhan biogas units. (₹18,000)"
2212,sikkim-phase-2-kisan-samriddhi-crop-assistance,Kisan Samriddhi & Crop Assistance,Asset & Equipment Subsidy,6000.0,One-Time,"Financial input subsidy for seed, fertilizer, and organic cultivation equipment. (₹6,000)"
2213,sikkim-phase-2-solar-krishi-pump-subsidy,Solar Krishi Pump Subsidy,Asset & Equipment Subsidy,75000.0,One-Time,"Up to 90% capital subsidy for installing off-grid solar irrigation pumps. (₹75,000)"
2214,sikkim-phase-2-horticulture-drip-irrigation-grant,Horticulture & Drip Irrigation Grant,Asset & Equipment Subsidy,25000.0,One-Time,"Direct subsidy for drip, sprinkler, and precision micro-irrigation installation. (₹25,000)"
2215,tamil-nadu-kisan-samriddhi-crop-assistance,Kisan Samriddhi & Crop Assistance,Asset & Equipment Subsidy,6000.0,One-Time,"Financial input subsidy for seed, fertilizer, and organic cultivation equipment. (₹6,000)"
2216,tamil-nadu-solar-krishi-pump-subsidy,Solar Krishi Pump Subsidy,Asset & Equipment Subsidy,75000.0,One-Time,"Up to 90% capital subsidy for installing off-grid solar irrigation pumps. (₹75,000)"
2217,tamil-nadu-horticulture-drip-irrigation-grant,Horticulture & Drip Irrigation Grant,Asset & Equipment Subsidy,25000.0,One-Time,"Direct subsidy for drip, sprinkler, and precision micro-irrigation installation. (₹25,000)"
2218,tamil-nadu-dairy-cattle-development-incentive,Dairy & Cattle Development Incentive,Direct Cash Transfer (DBT),40000.0,One-Time,"Financial assistance for purchasing high-yield milch cows and buffaloes. (₹40,000)"
2219,tamil-nadu-fodder-cultivation-animal-care-grant,Fodder Cultivation & Animal Care Grant,Asset & Equipment Subsidy,12000.0,One-Time,"Subsidized silage, quality seeds, and livestock health vaccination support. (₹12,000)"
2220,tamil-nadu-fisheries-pond-biofloc-support,Fisheries Pond & Biofloc Support,Direct Cash Transfer (DBT),50000.0,One-Time,"Capital grant for biofloc fish farming, fingerling supply, and aerators. (₹50,000)"
2221,tamil-nadu-soil-health-organic-farming-mission,Soil Health & Organic Farming Mission,Direct Cash Transfer (DBT),8000.0,One-Time,"Free soil nutrient testing kit and bio-compost financial top-up grant. (₹8,000)"
2222,tamil-nadu-farm-mechanization-rotavator-subsidy,Farm Mechanization & Rotavator Subsidy,Asset & Equipment Subsidy,60000.0,One-Time,"Up to 50% subsidy on modern harvesters, rotavators, and custom hiring centers. (₹60,000)"
2223,tamil-nadu-post-matric-merit-scholarship,Post-Matric Merit Scholarship,Scholarship & Academic Stipend,18000.0,One-Time,"Tuition fee waiver and maintenance stipend for higher collegiate education. (₹18,000)"
2224,tamil-nadu-free-digital-tablet-laptop-distribution,Free Digital Tablet & Laptop Distribution,Asset & Equipment Subsidy,15000.0,One-Time,"High-speed digital learning devices distributed to meritorious board students. (₹15,000)"
2225,tamil-nadu-competitive-exam-coaching-assistance,Competitive Exam Coaching Assistance,Scholarship & Academic Stipend,50000.0,One-Time,"100% sponsored classroom coaching for UPSC, PSC, JEE, and NEET exams. (₹50,000)"
2226,tamil-nadu-girl-child-higher-education-incentive,Girl Child Higher Education Incentive,Direct Cash Transfer (DBT),25000.0,One-Time,"Direct milestone grant upon enrolling in undergraduate degree programs. (₹25,000)"
2227,tamil-nadu-technical-polytechnic-skill-stipend,Technical & Polytechnic Skill Stipend,Scholarship & Academic Stipend,12000.0,Monthly,"Monthly allowance for students pursuing diploma and industrial training. (₹12,000)"
2228,tamil-nadu-overseas-education-scholarship-for-ews,Overseas Education Scholarship for EWS,Subsidized / Collateral-Free Loan,500000.0,One-Time,"Educational loan interest subsidy for foreign universities. (₹500,000)"
2229,tamil-nadu-special-education-aid-for-divyang-students,Special Education Aid for Divyang Students,Direct Cash Transfer (DBT),20000.0,One-Time,"Assistive braille, hearing aids, and transport allowance for disabled students. (₹20,000)"
2230,tamil-nadu-matru-kalyan-nutrition-dbt,Matru Kalyan & Nutrition DBT,Subsidized Food & Nutrition,6000.0,One-Time,"Conditional cash transfer across pregnancy trimesters and post-natal care. (₹6,000)"
2231,tamil-nadu-mahila-swavalamban-livelihood-grant,Mahila Swavalamban Livelihood Grant,Direct Cash Transfer (DBT),50000.0,One-Time,"Revolving seed fund for women Self-Help Groups (SHGs) to start enterprises. (₹50,000)"
2232,tamil-nadu-kanya-vivah-marriage-assistance,Kanya Vivah & Marriage Assistance,Direct Cash Transfer (DBT),51000.0,One-Time,"Direct financial grant for marriage of daughters from economically weaker families. (₹51,000)"
2233,tamil-nadu-working-women-hostel-transport-subsidy,Working Women Hostel & Transport Subsidy,Asset & Equipment Subsidy,15000.0,Monthly,"Subsidized secure safe housing and monthly urban commute pass. (₹15,000)"
2234,tamil-nadu-single-mother-destitute-women-pension,Single Mother & Destitute Women Pension,Monthly Social Security Pension,15000.0,Monthly,"Monthly social security pension for widowed and abandoned women. (₹15,000)"
2235,tamil-nadu-sukanya-samriddhi-high-interest-top-up,Sukanya Samriddhi High-Interest Top-Up,Asset & Equipment Subsidy,10000.0,One-Time,"State government interest subsidy top-up on girl child savings accounts. (₹10,000)"
2236,tamil-nadu-universal-cashless-health-insurance,Universal Cashless Health Insurance,Health & Accidental Insurance Cover,500000.0,Annual,"Annual cashless hospitalization and surgical treatment cover in network hospitals. (₹500,000)"
2237,tamil-nadu-critical-illness-relief-fund-cancer-kidney,Critical Illness Relief Fund (Cancer & Kidney),Health & Accidental Insurance Cover,200000.0,Claim-Based,"One-time financial relief grant for dialysis, chemotherapy, and heart surgery. (₹200,000)"
2238,tamil-nadu-free-diagnostic-tests-medicine-scheme,Free Diagnostic Tests & Medicine Scheme,Direct Cash Transfer (DBT),10000.0,One-Time,"100% free prescription drugs and pathology tests at government clinics. (₹10,000)"
2239,tamil-nadu-senior-citizen-specialized-geriatric-care,Senior Citizen Specialized Geriatric Care,Direct Cash Transfer (DBT),15000.0,One-Time,"Free cataract surgeries, hearing aids, and doorstep chronic care medicine. (₹15,000)"
2240,tamil-nadu-emergency-accidental-trauma-insurance,Emergency Accidental Trauma Insurance,Health & Accidental Insurance Cover,100000.0,Claim-Based,"Immediate cashless golden-hour emergency trauma care coverage. (₹100,000)"
2241,tamil-nadu-old-age-social-security-pension,Old Age Social Security Pension,Monthly Social Security Pension,12000.0,Monthly,"Monthly direct benefit transfer pension for elderly citizens aged 60 and above. (₹12,000)"
2242,tamil-nadu-divyangjan-disability-monthly-pension,Divyangjan Disability Monthly Pension,Monthly Social Security Pension,18000.0,Monthly,"Monthly financial support and motorized tricycle allowance for disabled persons. (₹18,000)"
2243,tamil-nadu-antyodaya-subsidized-food-security,Antyodaya Subsidized Food Security,Subsidized Food & Nutrition,8000.0,Monthly,"Subsidized monthly ration of 35kg foodgrains for poorest-of-poor households. (₹8,000)"
2244,tamil-nadu-sanitation-workers-rehabilitation-grant,Sanitation Workers Rehabilitation Grant,Asset & Equipment Subsidy,40000.0,One-Time,"Capital subsidy and skill retraining for sanitary workers and sewer workers. (₹40,000)"
2245,tamil-nadu-tribal-livelihood-forest-produce-grant,Tribal Livelihood & Forest Produce Grant,Asset & Equipment Subsidy,20000.0,One-Time,"Direct procurement support and value addition subsidy for minor forest produce. (₹20,000)"
2246,tamil-nadu-youth-apprenticeship-monthly-stipend,Youth Apprenticeship Monthly Stipend,Scholarship & Academic Stipend,18000.0,Monthly,"Direct government stipend top-up for technical industrial apprenticeships. (₹18,000)"
2247,tamil-nadu-artisan-craftsman-modern-tool-kit-grant,Artisan & Craftsman Modern Tool Kit Grant,Subsidized / Collateral-Free Loan,20000.0,One-Time,"Free motorized toolkits and collateral-free micro credit for traditional artisans. (₹20,000)"
2248,tamil-nadu-rural-youth-driving-heavy-machinery-training,Rural Youth Driving & Heavy Machinery Training,Asset & Equipment Subsidy,25000.0,One-Time,"100% sponsored commercial vehicle and excavator driver training. (₹25,000)"
2249,tamil-nadu-it-emerging-tech-bootcamp-voucher,IT & Emerging Tech Bootcamp Voucher,Scholarship & Academic Stipend,35000.0,One-Time,"Full tuition sponsorship for AI, Cloud, and Software certification bootcamps. (₹35,000)"
2250,tamil-nadu-self-employment-micro-credit-guarantee,Self-Employment Micro-Credit Guarantee,Subsidized / Collateral-Free Loan,500000.0,One-Time,"Collateral-free subsidized loan up to ₹5 Lakh for starting local enterprises. (₹100,000)"
2251,tamil-nadu-pucca-house-construction-subsidy,Pucca House Construction Subsidy,Asset & Equipment Subsidy,150000.0,Quarterly,"Direct installment financial grant for building disaster-resilient pucca home. (₹150,000)"
2252,tamil-nadu-rooftop-solar-green-energy-assistance,Rooftop Solar & Green Energy Assistance,Asset & Equipment Subsidy,50000.0,One-Time,"Capital subsidy for grid-connected rooftop solar installation for homeowners. (₹50,000)"
2253,tamil-nadu-slum-rehabilitation-ews-flat-allocation,Slum Rehabilitation & EWS Flat Allocation,Asset & Equipment Subsidy,250000.0,One-Time,"Subsidized ownership allotment of 1BHK flats with basic civic amenities. (₹250,000)"
2254,tamil-nadu-rural-toilet-water-tap-incentive,Rural Toilet & Water Tap Incentive,Direct Cash Transfer (DBT),12000.0,One-Time,"Financial assistance for individual household latrines and clean piped tap. (₹12,000)"
2255,tamil-nadu-micro-enterprise-collateral-free-loan,Micro Enterprise Collateral-Free Loan,Subsidized / Collateral-Free Loan,1000000.0,One-Time,"Guaranteed working capital and equipment loan up to ₹10 Lakh at subsidized interest. (₹200,000)"
2256,tamil-nadu-women-entrepreneur-startup-grant,Women Entrepreneur Startup Grant,Direct Cash Transfer (DBT),100000.0,One-Time,"Seed funding capital grant for innovative women-founded MSME ventures. (₹100,000)"
2257,tamil-nadu-export-promotion-quality-certification-subsidy,Export Promotion & Quality Certification Subsidy,Asset & Equipment Subsidy,75000.0,One-Time,"Reimbursement for ISO, ZED, and international trade mark registration costs. (₹75,000)"
2258,tamil-nadu-credit-linked-capital-subsidy-for-tech-upgradation,Credit Linked Capital Subsidy for Tech Upgradation,Asset & Equipment Subsidy,150000.0,One-Time,"15% upfront capital subsidy for machinery modernization in manufacturing. (₹150,000)"
2259,tamil-nadu-e-vehicle-green-mobility-subsidy,E-Vehicle & Green Mobility Subsidy,Asset & Equipment Subsidy,20000.0,One-Time,"Direct cash incentive on purchase of electric 2-wheelers and 3-wheelers. (₹20,000)"
2260,tamil-nadu-rainwater-harvesting-ground-water-recharge-grant,Rainwater Harvesting & Ground Water Recharge Grant,Asset & Equipment Subsidy,15000.0,One-Time,"Subsidized rooftop rainwater harvesting system for individual residences. (₹15,000)"
2261,tamil-nadu-bio-gas-cattle-dung-renewable-plant-subsidy,Bio-Gas & Cattle Dung Renewable Plant Subsidy,Asset & Equipment Subsidy,18000.0,One-Time,"Financial support for installing domestic Gobar-Dhan biogas units. (₹18,000)"
2262,tamil-nadu-phase-2-kisan-samriddhi-crop-assistance,Kisan Samriddhi & Crop Assistance,Asset & Equipment Subsidy,6000.0,One-Time,"Financial input subsidy for seed, fertilizer, and organic cultivation equipment. (₹6,000)"
2263,tamil-nadu-phase-2-solar-krishi-pump-subsidy,Solar Krishi Pump Subsidy,Asset & Equipment Subsidy,75000.0,One-Time,"Up to 90% capital subsidy for installing off-grid solar irrigation pumps. (₹75,000)"
2264,tamil-nadu-phase-2-horticulture-drip-irrigation-grant,Horticulture & Drip Irrigation Grant,Asset & Equipment Subsidy,25000.0,One-Time,"Direct subsidy for drip, sprinkler, and precision micro-irrigation installation. (₹25,000)"
2265,tamil-nadu-phase-2-dairy-cattle-development-incentive,Dairy & Cattle Development Incentive,Direct Cash Transfer (DBT),40000.0,One-Time,"Financial assistance for purchasing high-yield milch cows and buffaloes. (₹40,000)"
2266,tamil-nadu-phase-2-fodder-cultivation-animal-care-grant,Fodder Cultivation & Animal Care Grant,Asset & Equipment Subsidy,12000.0,One-Time,"Subsidized silage, quality seeds, and livestock health vaccination support. (₹12,000)"
2267,tamil-nadu-phase-2-fisheries-pond-biofloc-support,Fisheries Pond & Biofloc Support,Direct Cash Transfer (DBT),50000.0,One-Time,"Capital grant for biofloc fish farming, fingerling supply, and aerators. (₹50,000)"
2268,tamil-nadu-phase-2-soil-health-organic-farming-mission,Soil Health & Organic Farming Mission,Direct Cash Transfer (DBT),8000.0,One-Time,"Free soil nutrient testing kit and bio-compost financial top-up grant. (₹8,000)"
2269,tamil-nadu-phase-2-farm-mechanization-rotavator-subsidy,Farm Mechanization & Rotavator Subsidy,Asset & Equipment Subsidy,60000.0,One-Time,"Up to 50% subsidy on modern harvesters, rotavators, and custom hiring centers. (₹60,000)"
2270,tamil-nadu-phase-2-post-matric-merit-scholarship,Post-Matric Merit Scholarship,Scholarship & Academic Stipend,18000.0,One-Time,"Tuition fee waiver and maintenance stipend for higher collegiate education. (₹18,000)"
2271,tamil-nadu-phase-2-free-digital-tablet-laptop-distribution,Free Digital Tablet & Laptop Distribution,Asset & Equipment Subsidy,15000.0,One-Time,"High-speed digital learning devices distributed to meritorious board students. (₹15,000)"
2272,tamil-nadu-phase-2-competitive-exam-coaching-assistance,Competitive Exam Coaching Assistance,Scholarship & Academic Stipend,50000.0,One-Time,"100% sponsored classroom coaching for UPSC, PSC, JEE, and NEET exams. (₹50,000)"
2273,tamil-nadu-phase-2-girl-child-higher-education-incentive,Girl Child Higher Education Incentive,Direct Cash Transfer (DBT),25000.0,One-Time,"Direct milestone grant upon enrolling in undergraduate degree programs. (₹25,000)"
2274,tamil-nadu-phase-2-technical-polytechnic-skill-stipend,Technical & Polytechnic Skill Stipend,Scholarship & Academic Stipend,12000.0,Monthly,"Monthly allowance for students pursuing diploma and industrial training. (₹12,000)"
2275,tamil-nadu-phase-2-overseas-education-scholarship-for-ews,Overseas Education Scholarship for EWS,Subsidized / Collateral-Free Loan,500000.0,One-Time,"Educational loan interest subsidy for foreign universities. (₹500,000)"
2276,tamil-nadu-phase-2-special-education-aid-for-divyang-students,Special Education Aid for Divyang Students,Direct Cash Transfer (DBT),20000.0,One-Time,"Assistive braille, hearing aids, and transport allowance for disabled students. (₹20,000)"
2277,tamil-nadu-phase-2-matru-kalyan-nutrition-dbt,Matru Kalyan & Nutrition DBT,Subsidized Food & Nutrition,6000.0,One-Time,"Conditional cash transfer across pregnancy trimesters and post-natal care. (₹6,000)"
2278,tamil-nadu-phase-2-mahila-swavalamban-livelihood-grant,Mahila Swavalamban Livelihood Grant,Direct Cash Transfer (DBT),50000.0,One-Time,"Revolving seed fund for women Self-Help Groups (SHGs) to start enterprises. (₹50,000)"
2279,tamil-nadu-phase-2-kanya-vivah-marriage-assistance,Kanya Vivah & Marriage Assistance,Direct Cash Transfer (DBT),51000.0,One-Time,"Direct financial grant for marriage of daughters from economically weaker families. (₹51,000)"
2280,tamil-nadu-phase-2-working-women-hostel-transport-subsidy,Working Women Hostel & Transport Subsidy,Asset & Equipment Subsidy,15000.0,Monthly,"Subsidized secure safe housing and monthly urban commute pass. (₹15,000)"
2281,tamil-nadu-phase-2-single-mother-destitute-women-pension,Single Mother & Destitute Women Pension,Monthly Social Security Pension,15000.0,Monthly,"Monthly social security pension for widowed and abandoned women. (₹15,000)"
2282,tamil-nadu-phase-2-sukanya-samriddhi-high-interest-top-up,Sukanya Samriddhi High-Interest Top-Up,Asset & Equipment Subsidy,10000.0,One-Time,"State government interest subsidy top-up on girl child savings accounts. (₹10,000)"
2283,tamil-nadu-phase-2-universal-cashless-health-insurance,Universal Cashless Health Insurance,Health & Accidental Insurance Cover,500000.0,Annual,"Annual cashless hospitalization and surgical treatment cover in network hospitals. (₹500,000)"
2284,tamil-nadu-phase-2-critical-illness-relief-fund-cancer-kidney,Critical Illness Relief Fund (Cancer & Kidney),Health & Accidental Insurance Cover,200000.0,Claim-Based,"One-time financial relief grant for dialysis, chemotherapy, and heart surgery. (₹200,000)"
2285,tamil-nadu-phase-2-free-diagnostic-tests-medicine-scheme,Free Diagnostic Tests & Medicine Scheme,Direct Cash Transfer (DBT),10000.0,One-Time,"100% free prescription drugs and pathology tests at government clinics. (₹10,000)"
2286,tamil-nadu-phase-2-senior-citizen-specialized-geriatric-care,Senior Citizen Specialized Geriatric Care,Direct Cash Transfer (DBT),15000.0,One-Time,"Free cataract surgeries, hearing aids, and doorstep chronic care medicine. (₹15,000)"
2287,tamil-nadu-phase-2-emergency-accidental-trauma-insurance,Emergency Accidental Trauma Insurance,Health & Accidental Insurance Cover,100000.0,Claim-Based,"Immediate cashless golden-hour emergency trauma care coverage. (₹100,000)"
2288,tamil-nadu-phase-2-old-age-social-security-pension,Old Age Social Security Pension,Monthly Social Security Pension,12000.0,Monthly,"Monthly direct benefit transfer pension for elderly citizens aged 60 and above. (₹12,000)"
2289,tamil-nadu-phase-2-divyangjan-disability-monthly-pension,Divyangjan Disability Monthly Pension,Monthly Social Security Pension,18000.0,Monthly,"Monthly financial support and motorized tricycle allowance for disabled persons. (₹18,000)"
2290,tamil-nadu-phase-2-antyodaya-subsidized-food-security,Antyodaya Subsidized Food Security,Subsidized Food & Nutrition,8000.0,Monthly,"Subsidized monthly ration of 35kg foodgrains for poorest-of-poor households. (₹8,000)"
2291,tamil-nadu-phase-2-sanitation-workers-rehabilitation-grant,Sanitation Workers Rehabilitation Grant,Asset & Equipment Subsidy,40000.0,One-Time,"Capital subsidy and skill retraining for sanitary workers and sewer workers. (₹40,000)"
2292,tamil-nadu-phase-2-tribal-livelihood-forest-produce-grant,Tribal Livelihood & Forest Produce Grant,Asset & Equipment Subsidy,20000.0,One-Time,"Direct procurement support and value addition subsidy for minor forest produce. (₹20,000)"
2293,tamil-nadu-phase-2-youth-apprenticeship-monthly-stipend,Youth Apprenticeship Monthly Stipend,Scholarship & Academic Stipend,18000.0,Monthly,"Direct government stipend top-up for technical industrial apprenticeships. (₹18,000)"
2294,tamil-nadu-phase-2-artisan-craftsman-modern-tool-kit-grant,Artisan & Craftsman Modern Tool Kit Grant,Subsidized / Collateral-Free Loan,20000.0,One-Time,"Free motorized toolkits and collateral-free micro credit for traditional artisans. (₹20,000)"
2295,tamil-nadu-phase-2-rural-youth-driving-heavy-machinery-training,Rural Youth Driving & Heavy Machinery Training,Asset & Equipment Subsidy,25000.0,One-Time,"100% sponsored commercial vehicle and excavator driver training. (₹25,000)"
2296,tamil-nadu-phase-2-it-emerging-tech-bootcamp-voucher,IT & Emerging Tech Bootcamp Voucher,Scholarship & Academic Stipend,35000.0,One-Time,"Full tuition sponsorship for AI, Cloud, and Software certification bootcamps. (₹35,000)"
2297,tamil-nadu-phase-2-self-employment-micro-credit-guarantee,Self-Employment Micro-Credit Guarantee,Subsidized / Collateral-Free Loan,500000.0,One-Time,"Collateral-free subsidized loan up to ₹5 Lakh for starting local enterprises. (₹100,000)"
2298,tamil-nadu-phase-2-pucca-house-construction-subsidy,Pucca House Construction Subsidy,Asset & Equipment Subsidy,150000.0,Quarterly,"Direct installment financial grant for building disaster-resilient pucca home. (₹150,000)"
2299,tamil-nadu-phase-2-rooftop-solar-green-energy-assistance,Rooftop Solar & Green Energy Assistance,Asset & Equipment Subsidy,50000.0,One-Time,"Capital subsidy for grid-connected rooftop solar installation for homeowners. (₹50,000)"
2300,tamil-nadu-phase-2-slum-rehabilitation-ews-flat-allocation,Slum Rehabilitation & EWS Flat Allocation,Asset & Equipment Subsidy,250000.0,One-Time,"Subsidized ownership allotment of 1BHK flats with basic civic amenities. (₹250,000)"
2301,tamil-nadu-phase-2-rural-toilet-water-tap-incentive,Rural Toilet & Water Tap Incentive,Direct Cash Transfer (DBT),12000.0,One-Time,"Financial assistance for individual household latrines and clean piped tap. (₹12,000)"
2302,tamil-nadu-phase-2-micro-enterprise-collateral-free-loan,Micro Enterprise Collateral-Free Loan,Subsidized / Collateral-Free Loan,1000000.0,One-Time,"Guaranteed working capital and equipment loan up to ₹10 Lakh at subsidized interest. (₹200,000)"
2303,tamil-nadu-phase-2-women-entrepreneur-startup-grant,Women Entrepreneur Startup Grant,Direct Cash Transfer (DBT),100000.0,One-Time,"Seed funding capital grant for innovative women-founded MSME ventures. (₹100,000)"
2304,tamil-nadu-phase-2-export-promotion-quality-certification-subsidy,Export Promotion & Quality Certification Subsidy,Asset & Equipment Subsidy,75000.0,One-Time,"Reimbursement for ISO, ZED, and international trade mark registration costs. (₹75,000)"
2305,tamil-nadu-phase-2-credit-linked-capital-subsidy-for-tech-upgradation,Credit Linked Capital Subsidy for Tech Upgradation,Asset & Equipment Subsidy,150000.0,One-Time,"15% upfront capital subsidy for machinery modernization in manufacturing. (₹150,000)"
2306,tamil-nadu-phase-2-e-vehicle-green-mobility-subsidy,E-Vehicle & Green Mobility Subsidy,Asset & Equipment Subsidy,20000.0,One-Time,"Direct cash incentive on purchase of electric 2-wheelers and 3-wheelers. (₹20,000)"
2307,tamil-nadu-phase-2-rainwater-harvesting-ground-water-recharge-grant,Rainwater Harvesting & Ground Water Recharge Grant,Asset & Equipment Subsidy,15000.0,One-Time,"Subsidized rooftop rainwater harvesting system for individual residences. (₹15,000)"
2308,tamil-nadu-phase-2-bio-gas-cattle-dung-renewable-plant-subsidy,Bio-Gas & Cattle Dung Renewable Plant Subsidy,Asset & Equipment Subsidy,18000.0,One-Time,"Financial support for installing domestic Gobar-Dhan biogas units. (₹18,000)"
2309,tamil-nadu-phase-3-kisan-samriddhi-crop-assistance,Kisan Samriddhi & Crop Assistance,Asset & Equipment Subsidy,6000.0,One-Time,"Financial input subsidy for seed, fertilizer, and organic cultivation equipment. (₹6,000)"
2310,tamil-nadu-phase-3-solar-krishi-pump-subsidy,Solar Krishi Pump Subsidy,Asset & Equipment Subsidy,75000.0,One-Time,"Up to 90% capital subsidy for installing off-grid solar irrigation pumps. (₹75,000)"
2311,tamil-nadu-phase-3-horticulture-drip-irrigation-grant,Horticulture & Drip Irrigation Grant,Asset & Equipment Subsidy,25000.0,One-Time,"Direct subsidy for drip, sprinkler, and precision micro-irrigation installation. (₹25,000)"
2312,tamil-nadu-phase-3-dairy-cattle-development-incentive,Dairy & Cattle Development Incentive,Direct Cash Transfer (DBT),40000.0,One-Time,"Financial assistance for purchasing high-yield milch cows and buffaloes. (₹40,000)"
2313,tamil-nadu-phase-3-fodder-cultivation-animal-care-grant,Fodder Cultivation & Animal Care Grant,Asset & Equipment Subsidy,12000.0,One-Time,"Subsidized silage, quality seeds, and livestock health vaccination support. (₹12,000)"
2314,tamil-nadu-phase-3-fisheries-pond-biofloc-support,Fisheries Pond & Biofloc Support,Direct Cash Transfer (DBT),50000.0,One-Time,"Capital grant for biofloc fish farming, fingerling supply, and aerators. (₹50,000)"
2315,tamil-nadu-phase-3-soil-health-organic-farming-mission,Soil Health & Organic Farming Mission,Direct Cash Transfer (DBT),8000.0,One-Time,"Free soil nutrient testing kit and bio-compost financial top-up grant. (₹8,000)"
2316,tamil-nadu-phase-3-farm-mechanization-rotavator-subsidy,Farm Mechanization & Rotavator Subsidy,Asset & Equipment Subsidy,60000.0,One-Time,"Up to 50% subsidy on modern harvesters, rotavators, and custom hiring centers. (₹60,000)"
2317,tamil-nadu-phase-3-post-matric-merit-scholarship,Post-Matric Merit Scholarship,Scholarship & Academic Stipend,18000.0,One-Time,"Tuition fee waiver and maintenance stipend for higher collegiate education. (₹18,000)"
2318,tamil-nadu-phase-3-free-digital-tablet-laptop-distribution,Free Digital Tablet & Laptop Distribution,Asset & Equipment Subsidy,15000.0,One-Time,"High-speed digital learning devices distributed to meritorious board students. (₹15,000)"
2319,tamil-nadu-phase-3-competitive-exam-coaching-assistance,Competitive Exam Coaching Assistance,Scholarship & Academic Stipend,50000.0,One-Time,"100% sponsored classroom coaching for UPSC, PSC, JEE, and NEET exams. (₹50,000)"
2320,tamil-nadu-phase-3-girl-child-higher-education-incentive,Girl Child Higher Education Incentive,Direct Cash Transfer (DBT),25000.0,One-Time,"Direct milestone grant upon enrolling in undergraduate degree programs. (₹25,000)"
2321,tamil-nadu-phase-3-technical-polytechnic-skill-stipend,Technical & Polytechnic Skill Stipend,Scholarship & Academic Stipend,12000.0,Monthly,"Monthly allowance for students pursuing diploma and industrial training. (₹12,000)"
2322,tamil-nadu-phase-3-overseas-education-scholarship-for-ews,Overseas Education Scholarship for EWS,Subsidized / Collateral-Free Loan,500000.0,One-Time,"Educational loan interest subsidy for foreign universities. (₹500,000)"
2323,tamil-nadu-phase-3-special-education-aid-for-divyang-students,Special Education Aid for Divyang Students,Direct Cash Transfer (DBT),20000.0,One-Time,"Assistive braille, hearing aids, and transport allowance for disabled students. (₹20,000)"
2324,tamil-nadu-phase-3-matru-kalyan-nutrition-dbt,Matru Kalyan & Nutrition DBT,Subsidized Food & Nutrition,6000.0,One-Time,"Conditional cash transfer across pregnancy trimesters and post-natal care. (₹6,000)"
2325,tamil-nadu-phase-3-mahila-swavalamban-livelihood-grant,Mahila Swavalamban Livelihood Grant,Direct Cash Transfer (DBT),50000.0,One-Time,"Revolving seed fund for women Self-Help Groups (SHGs) to start enterprises. (₹50,000)"
2326,tamil-nadu-phase-3-kanya-vivah-marriage-assistance,Kanya Vivah & Marriage Assistance,Direct Cash Transfer (DBT),51000.0,One-Time,"Direct financial grant for marriage of daughters from economically weaker families. (₹51,000)"
2327,tamil-nadu-phase-3-working-women-hostel-transport-subsidy,Working Women Hostel & Transport Subsidy,Asset & Equipment Subsidy,15000.0,Monthly,"Subsidized secure safe housing and monthly urban commute pass. (₹15,000)"
2328,tamil-nadu-phase-3-single-mother-destitute-women-pension,Single Mother & Destitute Women Pension,Monthly Social Security Pension,15000.0,Monthly,"Monthly social security pension for widowed and abandoned women. (₹15,000)"
2329,tamil-nadu-phase-3-sukanya-samriddhi-high-interest-top-up,Sukanya Samriddhi High-Interest Top-Up,Asset & Equipment Subsidy,10000.0,One-Time,"State government interest subsidy top-up on girl child savings accounts. (₹10,000)"
2330,tamil-nadu-phase-3-universal-cashless-health-insurance,Universal Cashless Health Insurance,Health & Accidental Insurance Cover,500000.0,Annual,"Annual cashless hospitalization and surgical treatment cover in network hospitals. (₹500,000)"
2331,tamil-nadu-phase-3-critical-illness-relief-fund-cancer-kidney,Critical Illness Relief Fund (Cancer & Kidney),Health & Accidental Insurance Cover,200000.0,Claim-Based,"One-time financial relief grant for dialysis, chemotherapy, and heart surgery. (₹200,000)"
2332,tamil-nadu-phase-3-free-diagnostic-tests-medicine-scheme,Free Diagnostic Tests & Medicine Scheme,Direct Cash Transfer (DBT),10000.0,One-Time,"100% free prescription drugs and pathology tests at government clinics. (₹10,000)"
2333,tamil-nadu-phase-3-senior-citizen-specialized-geriatric-care,Senior Citizen Specialized Geriatric Care,Direct Cash Transfer (DBT),15000.0,One-Time,"Free cataract surgeries, hearing aids, and doorstep chronic care medicine. (₹15,000)"
2334,tamil-nadu-phase-3-emergency-accidental-trauma-insurance,Emergency Accidental Trauma Insurance,Health & Accidental Insurance Cover,100000.0,Claim-Based,"Immediate cashless golden-hour emergency trauma care coverage. (₹100,000)"
2335,tamil-nadu-phase-3-old-age-social-security-pension,Old Age Social Security Pension,Monthly Social Security Pension,12000.0,Monthly,"Monthly direct benefit transfer pension for elderly citizens aged 60 and above. (₹12,000)"
2336,tamil-nadu-phase-3-divyangjan-disability-monthly-pension,Divyangjan Disability Monthly Pension,Monthly Social Security Pension,18000.0,Monthly,"Monthly financial support and motorized tricycle allowance for disabled persons. (₹18,000)"
2337,tamil-nadu-phase-3-antyodaya-subsidized-food-security,Antyodaya Subsidized Food Security,Subsidized Food & Nutrition,8000.0,Monthly,"Subsidized monthly ration of 35kg foodgrains for poorest-of-poor households. (₹8,000)"
2338,tamil-nadu-phase-3-sanitation-workers-rehabilitation-grant,Sanitation Workers Rehabilitation Grant,Asset & Equipment Subsidy,40000.0,One-Time,"Capital subsidy and skill retraining for sanitary workers and sewer workers. (₹40,000)"
2339,tamil-nadu-phase-3-tribal-livelihood-forest-produce-grant,Tribal Livelihood & Forest Produce Grant,Asset & Equipment Subsidy,20000.0,One-Time,"Direct procurement support and value addition subsidy for minor forest produce. (₹20,000)"
2340,tamil-nadu-phase-3-youth-apprenticeship-monthly-stipend,Youth Apprenticeship Monthly Stipend,Scholarship & Academic Stipend,18000.0,Monthly,"Direct government stipend top-up for technical industrial apprenticeships. (₹18,000)"
2341,tamil-nadu-phase-3-artisan-craftsman-modern-tool-kit-grant,Artisan & Craftsman Modern Tool Kit Grant,Subsidized / Collateral-Free Loan,20000.0,One-Time,"Free motorized toolkits and collateral-free micro credit for traditional artisans. (₹20,000)"
2342,tamil-nadu-phase-3-rural-youth-driving-heavy-machinery-training,Rural Youth Driving & Heavy Machinery Training,Asset & Equipment Subsidy,25000.0,One-Time,"100% sponsored commercial vehicle and excavator driver training. (₹25,000)"
2343,tamil-nadu-phase-3-it-emerging-tech-bootcamp-voucher,IT & Emerging Tech Bootcamp Voucher,Scholarship & Academic Stipend,35000.0,One-Time,"Full tuition sponsorship for AI, Cloud, and Software certification bootcamps. (₹35,000)"
2344,tamil-nadu-phase-3-self-employment-micro-credit-guarantee,Self-Employment Micro-Credit Guarantee,Subsidized / Collateral-Free Loan,500000.0,One-Time,"Collateral-free subsidized loan up to ₹5 Lakh for starting local enterprises. (₹100,000)"
2345,tamil-nadu-phase-3-pucca-house-construction-subsidy,Pucca House Construction Subsidy,Asset & Equipment Subsidy,150000.0,Quarterly,"Direct installment financial grant for building disaster-resilient pucca home. (₹150,000)"
2346,tamil-nadu-phase-3-rooftop-solar-green-energy-assistance,Rooftop Solar & Green Energy Assistance,Asset & Equipment Subsidy,50000.0,One-Time,"Capital subsidy for grid-connected rooftop solar installation for homeowners. (₹50,000)"
2347,tamil-nadu-phase-3-slum-rehabilitation-ews-flat-allocation,Slum Rehabilitation & EWS Flat Allocation,Asset & Equipment Subsidy,250000.0,One-Time,"Subsidized ownership allotment of 1BHK flats with basic civic amenities. (₹250,000)"
2348,tamil-nadu-phase-3-rural-toilet-water-tap-incentive,Rural Toilet & Water Tap Incentive,Direct Cash Transfer (DBT),12000.0,One-Time,"Financial assistance for individual household latrines and clean piped tap. (₹12,000)"
2349,tamil-nadu-phase-3-micro-enterprise-collateral-free-loan,Micro Enterprise Collateral-Free Loan,Subsidized / Collateral-Free Loan,1000000.0,One-Time,"Guaranteed working capital and equipment loan up to ₹10 Lakh at subsidized interest. (₹200,000)"
2350,tamil-nadu-phase-3-women-entrepreneur-startup-grant,Women Entrepreneur Startup Grant,Direct Cash Transfer (DBT),100000.0,One-Time,"Seed funding capital grant for innovative women-founded MSME ventures. (₹100,000)"
2351,tamil-nadu-phase-3-export-promotion-quality-certification-subsidy,Export Promotion & Quality Certification Subsidy,Asset & Equipment Subsidy,75000.0,One-Time,"Reimbursement for ISO, ZED, and international trade mark registration costs. (₹75,000)"
2352,tamil-nadu-phase-3-credit-linked-capital-subsidy-for-tech-upgradation,Credit Linked Capital Subsidy for Tech Upgradation,Asset & Equipment Subsidy,150000.0,One-Time,"15% upfront capital subsidy for machinery modernization in manufacturing. (₹150,000)"
2353,tamil-nadu-phase-3-e-vehicle-green-mobility-subsidy,E-Vehicle & Green Mobility Subsidy,Asset & Equipment Subsidy,20000.0,One-Time,"Direct cash incentive on purchase of electric 2-wheelers and 3-wheelers. (₹20,000)"
2354,tamil-nadu-phase-3-rainwater-harvesting-ground-water-recharge-grant,Rainwater Harvesting & Ground Water Recharge Grant,Asset & Equipment Subsidy,15000.0,One-Time,"Subsidized rooftop rainwater harvesting system for individual residences. (₹15,000)"
2355,tamil-nadu-phase-3-bio-gas-cattle-dung-renewable-plant-subsidy,Bio-Gas & Cattle Dung Renewable Plant Subsidy,Asset & Equipment Subsidy,18000.0,One-Time,"Financial support for installing domestic Gobar-Dhan biogas units. (₹18,000)"
2356,tamil-nadu-phase-4-kisan-samriddhi-crop-assistance,Kisan Samriddhi & Crop Assistance,Asset & Equipment Subsidy,6000.0,One-Time,"Financial input subsidy for seed, fertilizer, and organic cultivation equipment. (₹6,000)"
2357,tamil-nadu-phase-4-solar-krishi-pump-subsidy,Solar Krishi Pump Subsidy,Asset & Equipment Subsidy,75000.0,One-Time,"Up to 90% capital subsidy for installing off-grid solar irrigation pumps. (₹75,000)"
2358,tamil-nadu-phase-4-horticulture-drip-irrigation-grant,Horticulture & Drip Irrigation Grant,Asset & Equipment Subsidy,25000.0,One-Time,"Direct subsidy for drip, sprinkler, and precision micro-irrigation installation. (₹25,000)"
2359,tamil-nadu-phase-4-dairy-cattle-development-incentive,Dairy & Cattle Development Incentive,Direct Cash Transfer (DBT),40000.0,One-Time,"Financial assistance for purchasing high-yield milch cows and buffaloes. (₹40,000)"
2360,tamil-nadu-phase-4-fodder-cultivation-animal-care-grant,Fodder Cultivation & Animal Care Grant,Asset & Equipment Subsidy,12000.0,One-Time,"Subsidized silage, quality seeds, and livestock health vaccination support. (₹12,000)"
2361,tamil-nadu-phase-4-fisheries-pond-biofloc-support,Fisheries Pond & Biofloc Support,Direct Cash Transfer (DBT),50000.0,One-Time,"Capital grant for biofloc fish farming, fingerling supply, and aerators. (₹50,000)"
2362,tamil-nadu-phase-4-soil-health-organic-farming-mission,Soil Health & Organic Farming Mission,Direct Cash Transfer (DBT),8000.0,One-Time,"Free soil nutrient testing kit and bio-compost financial top-up grant. (₹8,000)"
2363,tamil-nadu-phase-4-farm-mechanization-rotavator-subsidy,Farm Mechanization & Rotavator Subsidy,Asset & Equipment Subsidy,60000.0,One-Time,"Up to 50% subsidy on modern harvesters, rotavators, and custom hiring centers. (₹60,000)"
2364,tamil-nadu-phase-4-post-matric-merit-scholarship,Post-Matric Merit Scholarship,Scholarship & Academic Stipend,18000.0,One-Time,"Tuition fee waiver and maintenance stipend for higher collegiate education. (₹18,000)"
2365,telangana-kisan-samriddhi-crop-assistance,Kisan Samriddhi & Crop Assistance,Asset & Equipment Subsidy,6000.0,One-Time,"Financial input subsidy for seed, fertilizer, and organic cultivation equipment. (₹6,000)"
2366,telangana-solar-krishi-pump-subsidy,Solar Krishi Pump Subsidy,Asset & Equipment Subsidy,75000.0,One-Time,"Up to 90% capital subsidy for installing off-grid solar irrigation pumps. (₹75,000)"
2367,telangana-horticulture-drip-irrigation-grant,Horticulture & Drip Irrigation Grant,Asset & Equipment Subsidy,25000.0,One-Time,"Direct subsidy for drip, sprinkler, and precision micro-irrigation installation. (₹25,000)"
2368,telangana-dairy-cattle-development-incentive,Dairy & Cattle Development Incentive,Direct Cash Transfer (DBT),40000.0,One-Time,"Financial assistance for purchasing high-yield milch cows and buffaloes. (₹40,000)"
2369,telangana-fodder-cultivation-animal-care-grant,Fodder Cultivation & Animal Care Grant,Asset & Equipment Subsidy,12000.0,One-Time,"Subsidized silage, quality seeds, and livestock health vaccination support. (₹12,000)"
2370,telangana-fisheries-pond-biofloc-support,Fisheries Pond & Biofloc Support,Direct Cash Transfer (DBT),50000.0,One-Time,"Capital grant for biofloc fish farming, fingerling supply, and aerators. (₹50,000)"
2371,telangana-soil-health-organic-farming-mission,Soil Health & Organic Farming Mission,Direct Cash Transfer (DBT),8000.0,One-Time,"Free soil nutrient testing kit and bio-compost financial top-up grant. (₹8,000)"
2372,telangana-farm-mechanization-rotavator-subsidy,Farm Mechanization & Rotavator Subsidy,Asset & Equipment Subsidy,60000.0,One-Time,"Up to 50% subsidy on modern harvesters, rotavators, and custom hiring centers. (₹60,000)"
2373,telangana-post-matric-merit-scholarship,Post-Matric Merit Scholarship,Scholarship & Academic Stipend,18000.0,One-Time,"Tuition fee waiver and maintenance stipend for higher collegiate education. (₹18,000)"
2374,telangana-free-digital-tablet-laptop-distribution,Free Digital Tablet & Laptop Distribution,Asset & Equipment Subsidy,15000.0,One-Time,"High-speed digital learning devices distributed to meritorious board students. (₹15,000)"
2375,telangana-competitive-exam-coaching-assistance,Competitive Exam Coaching Assistance,Scholarship & Academic Stipend,50000.0,One-Time,"100% sponsored classroom coaching for UPSC, PSC, JEE, and NEET exams. (₹50,000)"
2376,telangana-girl-child-higher-education-incentive,Girl Child Higher Education Incentive,Direct Cash Transfer (DBT),25000.0,One-Time,"Direct milestone grant upon enrolling in undergraduate degree programs. (₹25,000)"
2377,telangana-technical-polytechnic-skill-stipend,Technical & Polytechnic Skill Stipend,Scholarship & Academic Stipend,12000.0,Monthly,"Monthly allowance for students pursuing diploma and industrial training. (₹12,000)"
2378,telangana-overseas-education-scholarship-for-ews,Overseas Education Scholarship for EWS,Subsidized / Collateral-Free Loan,500000.0,One-Time,"Educational loan interest subsidy for foreign universities. (₹500,000)"
2379,telangana-special-education-aid-for-divyang-students,Special Education Aid for Divyang Students,Direct Cash Transfer (DBT),20000.0,One-Time,"Assistive braille, hearing aids, and transport allowance for disabled students. (₹20,000)"
2380,telangana-matru-kalyan-nutrition-dbt,Matru Kalyan & Nutrition DBT,Subsidized Food & Nutrition,6000.0,One-Time,"Conditional cash transfer across pregnancy trimesters and post-natal care. (₹6,000)"
2381,telangana-mahila-swavalamban-livelihood-grant,Mahila Swavalamban Livelihood Grant,Direct Cash Transfer (DBT),50000.0,One-Time,"Revolving seed fund for women Self-Help Groups (SHGs) to start enterprises. (₹50,000)"
2382,telangana-kanya-vivah-marriage-assistance,Kanya Vivah & Marriage Assistance,Direct Cash Transfer (DBT),51000.0,One-Time,"Direct financial grant for marriage of daughters from economically weaker families. (₹51,000)"
2383,telangana-working-women-hostel-transport-subsidy,Working Women Hostel & Transport Subsidy,Asset & Equipment Subsidy,15000.0,Monthly,"Subsidized secure safe housing and monthly urban commute pass. (₹15,000)"
2384,telangana-single-mother-destitute-women-pension,Single Mother & Destitute Women Pension,Monthly Social Security Pension,15000.0,Monthly,"Monthly social security pension for widowed and abandoned women. (₹15,000)"
2385,telangana-sukanya-samriddhi-high-interest-top-up,Sukanya Samriddhi High-Interest Top-Up,Asset & Equipment Subsidy,10000.0,One-Time,"State government interest subsidy top-up on girl child savings accounts. (₹10,000)"
2386,telangana-universal-cashless-health-insurance,Universal Cashless Health Insurance,Health & Accidental Insurance Cover,500000.0,Annual,"Annual cashless hospitalization and surgical treatment cover in network hospitals. (₹500,000)"
2387,telangana-critical-illness-relief-fund-cancer-kidney,Critical Illness Relief Fund (Cancer & Kidney),Health & Accidental Insurance Cover,200000.0,Claim-Based,"One-time financial relief grant for dialysis, chemotherapy, and heart surgery. (₹200,000)"
2388,telangana-free-diagnostic-tests-medicine-scheme,Free Diagnostic Tests & Medicine Scheme,Direct Cash Transfer (DBT),10000.0,One-Time,"100% free prescription drugs and pathology tests at government clinics. (₹10,000)"
2389,telangana-senior-citizen-specialized-geriatric-care,Senior Citizen Specialized Geriatric Care,Direct Cash Transfer (DBT),15000.0,One-Time,"Free cataract surgeries, hearing aids, and doorstep chronic care medicine. (₹15,000)"
2390,telangana-emergency-accidental-trauma-insurance,Emergency Accidental Trauma Insurance,Health & Accidental Insurance Cover,100000.0,Claim-Based,"Immediate cashless golden-hour emergency trauma care coverage. (₹100,000)"
2391,telangana-old-age-social-security-pension,Old Age Social Security Pension,Monthly Social Security Pension,12000.0,Monthly,"Monthly direct benefit transfer pension for elderly citizens aged 60 and above. (₹12,000)"
2392,telangana-divyangjan-disability-monthly-pension,Divyangjan Disability Monthly Pension,Monthly Social Security Pension,18000.0,Monthly,"Monthly financial support and motorized tricycle allowance for disabled persons. (₹18,000)"
2393,telangana-antyodaya-subsidized-food-security,Antyodaya Subsidized Food Security,Subsidized Food & Nutrition,8000.0,Monthly,"Subsidized monthly ration of 35kg foodgrains for poorest-of-poor households. (₹8,000)"
2394,telangana-sanitation-workers-rehabilitation-grant,Sanitation Workers Rehabilitation Grant,Asset & Equipment Subsidy,40000.0,One-Time,"Capital subsidy and skill retraining for sanitary workers and sewer workers. (₹40,000)"
2395,telangana-tribal-livelihood-forest-produce-grant,Tribal Livelihood & Forest Produce Grant,Asset & Equipment Subsidy,20000.0,One-Time,"Direct procurement support and value addition subsidy for minor forest produce. (₹20,000)"
2396,telangana-youth-apprenticeship-monthly-stipend,Youth Apprenticeship Monthly Stipend,Scholarship & Academic Stipend,18000.0,Monthly,"Direct government stipend top-up for technical industrial apprenticeships. (₹18,000)"
2397,telangana-artisan-craftsman-modern-tool-kit-grant,Artisan & Craftsman Modern Tool Kit Grant,Subsidized / Collateral-Free Loan,20000.0,One-Time,"Free motorized toolkits and collateral-free micro credit for traditional artisans. (₹20,000)"
2398,telangana-rural-youth-driving-heavy-machinery-training,Rural Youth Driving & Heavy Machinery Training,Asset & Equipment Subsidy,25000.0,One-Time,"100% sponsored commercial vehicle and excavator driver training. (₹25,000)"
2399,telangana-it-emerging-tech-bootcamp-voucher,IT & Emerging Tech Bootcamp Voucher,Scholarship & Academic Stipend,35000.0,One-Time,"Full tuition sponsorship for AI, Cloud, and Software certification bootcamps. (₹35,000)"
2400,telangana-self-employment-micro-credit-guarantee,Self-Employment Micro-Credit Guarantee,Subsidized / Collateral-Free Loan,500000.0,One-Time,"Collateral-free subsidized loan up to ₹5 Lakh for starting local enterprises. (₹100,000)"
2401,telangana-pucca-house-construction-subsidy,Pucca House Construction Subsidy,Asset & Equipment Subsidy,150000.0,Quarterly,"Direct installment financial grant for building disaster-resilient pucca home. (₹150,000)"
2402,telangana-rooftop-solar-green-energy-assistance,Rooftop Solar & Green Energy Assistance,Asset & Equipment Subsidy,50000.0,One-Time,"Capital subsidy for grid-connected rooftop solar installation for homeowners. (₹50,000)"
2403,telangana-slum-rehabilitation-ews-flat-allocation,Slum Rehabilitation & EWS Flat Allocation,Asset & Equipment Subsidy,250000.0,One-Time,"Subsidized ownership allotment of 1BHK flats with basic civic amenities. (₹250,000)"
2404,telangana-rural-toilet-water-tap-incentive,Rural Toilet & Water Tap Incentive,Direct Cash Transfer (DBT),12000.0,One-Time,"Financial assistance for individual household latrines and clean piped tap. (₹12,000)"
2405,telangana-micro-enterprise-collateral-free-loan,Micro Enterprise Collateral-Free Loan,Subsidized / Collateral-Free Loan,1000000.0,One-Time,"Guaranteed working capital and equipment loan up to ₹10 Lakh at subsidized interest. (₹200,000)"
2406,telangana-women-entrepreneur-startup-grant,Women Entrepreneur Startup Grant,Direct Cash Transfer (DBT),100000.0,One-Time,"Seed funding capital grant for innovative women-founded MSME ventures. (₹100,000)"
2407,telangana-export-promotion-quality-certification-subsidy,Export Promotion & Quality Certification Subsidy,Asset & Equipment Subsidy,75000.0,One-Time,"Reimbursement for ISO, ZED, and international trade mark registration costs. (₹75,000)"
2408,telangana-credit-linked-capital-subsidy-for-tech-upgradation,Credit Linked Capital Subsidy for Tech Upgradation,Asset & Equipment Subsidy,150000.0,One-Time,"15% upfront capital subsidy for machinery modernization in manufacturing. (₹150,000)"
2409,telangana-e-vehicle-green-mobility-subsidy,E-Vehicle & Green Mobility Subsidy,Asset & Equipment Subsidy,20000.0,One-Time,"Direct cash incentive on purchase of electric 2-wheelers and 3-wheelers. (₹20,000)"
2410,telangana-rainwater-harvesting-ground-water-recharge-grant,Rainwater Harvesting & Ground Water Recharge Grant,Asset & Equipment Subsidy,15000.0,One-Time,"Subsidized rooftop rainwater harvesting system for individual residences. (₹15,000)"
2411,telangana-bio-gas-cattle-dung-renewable-plant-subsidy,Bio-Gas & Cattle Dung Renewable Plant Subsidy,Asset & Equipment Subsidy,18000.0,One-Time,"Financial support for installing domestic Gobar-Dhan biogas units. (₹18,000)"
2412,telangana-phase-2-kisan-samriddhi-crop-assistance,Kisan Samriddhi & Crop Assistance,Asset & Equipment Subsidy,6000.0,One-Time,"Financial input subsidy for seed, fertilizer, and organic cultivation equipment. (₹6,000)"
2413,telangana-phase-2-solar-krishi-pump-subsidy,Solar Krishi Pump Subsidy,Asset & Equipment Subsidy,75000.0,One-Time,"Up to 90% capital subsidy for installing off-grid solar irrigation pumps. (₹75,000)"
2414,telangana-phase-2-horticulture-drip-irrigation-grant,Horticulture & Drip Irrigation Grant,Asset & Equipment Subsidy,25000.0,One-Time,"Direct subsidy for drip, sprinkler, and precision micro-irrigation installation. (₹25,000)"
2415,telangana-phase-2-dairy-cattle-development-incentive,Dairy & Cattle Development Incentive,Direct Cash Transfer (DBT),40000.0,One-Time,"Financial assistance for purchasing high-yield milch cows and buffaloes. (₹40,000)"
2416,telangana-phase-2-fodder-cultivation-animal-care-grant,Fodder Cultivation & Animal Care Grant,Asset & Equipment Subsidy,12000.0,One-Time,"Subsidized silage, quality seeds, and livestock health vaccination support. (₹12,000)"
2417,telangana-phase-2-fisheries-pond-biofloc-support,Fisheries Pond & Biofloc Support,Direct Cash Transfer (DBT),50000.0,One-Time,"Capital grant for biofloc fish farming, fingerling supply, and aerators. (₹50,000)"
2418,telangana-phase-2-soil-health-organic-farming-mission,Soil Health & Organic Farming Mission,Direct Cash Transfer (DBT),8000.0,One-Time,"Free soil nutrient testing kit and bio-compost financial top-up grant. (₹8,000)"
2419,telangana-phase-2-farm-mechanization-rotavator-subsidy,Farm Mechanization & Rotavator Subsidy,Asset & Equipment Subsidy,60000.0,One-Time,"Up to 50% subsidy on modern harvesters, rotavators, and custom hiring centers. (₹60,000)"
2420,telangana-phase-2-post-matric-merit-scholarship,Post-Matric Merit Scholarship,Scholarship & Academic Stipend,18000.0,One-Time,"Tuition fee waiver and maintenance stipend for higher collegiate education. (₹18,000)"
2421,telangana-phase-2-free-digital-tablet-laptop-distribution,Free Digital Tablet & Laptop Distribution,Asset & Equipment Subsidy,15000.0,One-Time,"High-speed digital learning devices distributed to meritorious board students. (₹15,000)"
2422,telangana-phase-2-competitive-exam-coaching-assistance,Competitive Exam Coaching Assistance,Scholarship & Academic Stipend,50000.0,One-Time,"100% sponsored classroom coaching for UPSC, PSC, JEE, and NEET exams. (₹50,000)"
2423,telangana-phase-2-girl-child-higher-education-incentive,Girl Child Higher Education Incentive,Direct Cash Transfer (DBT),25000.0,One-Time,"Direct milestone grant upon enrolling in undergraduate degree programs. (₹25,000)"
2424,telangana-phase-2-technical-polytechnic-skill-stipend,Technical & Polytechnic Skill Stipend,Scholarship & Academic Stipend,12000.0,Monthly,"Monthly allowance for students pursuing diploma and industrial training. (₹12,000)"
2425,telangana-phase-2-overseas-education-scholarship-for-ews,Overseas Education Scholarship for EWS,Subsidized / Collateral-Free Loan,500000.0,One-Time,"Educational loan interest subsidy for foreign universities. (₹500,000)"
2426,telangana-phase-2-special-education-aid-for-divyang-students,Special Education Aid for Divyang Students,Direct Cash Transfer (DBT),20000.0,One-Time,"Assistive braille, hearing aids, and transport allowance for disabled students. (₹20,000)"
2427,telangana-phase-2-matru-kalyan-nutrition-dbt,Matru Kalyan & Nutrition DBT,Subsidized Food & Nutrition,6000.0,One-Time,"Conditional cash transfer across pregnancy trimesters and post-natal care. (₹6,000)"
2428,telangana-phase-2-mahila-swavalamban-livelihood-grant,Mahila Swavalamban Livelihood Grant,Direct Cash Transfer (DBT),50000.0,One-Time,"Revolving seed fund for women Self-Help Groups (SHGs) to start enterprises. (₹50,000)"
2429,telangana-phase-2-kanya-vivah-marriage-assistance,Kanya Vivah & Marriage Assistance,Direct Cash Transfer (DBT),51000.0,One-Time,"Direct financial grant for marriage of daughters from economically weaker families. (₹51,000)"
2430,telangana-phase-2-working-women-hostel-transport-subsidy,Working Women Hostel & Transport Subsidy,Asset & Equipment Subsidy,15000.0,Monthly,"Subsidized secure safe housing and monthly urban commute pass. (₹15,000)"
2431,telangana-phase-2-single-mother-destitute-women-pension,Single Mother & Destitute Women Pension,Monthly Social Security Pension,15000.0,Monthly,"Monthly social security pension for widowed and abandoned women. (₹15,000)"
2432,telangana-phase-2-sukanya-samriddhi-high-interest-top-up,Sukanya Samriddhi High-Interest Top-Up,Asset & Equipment Subsidy,10000.0,One-Time,"State government interest subsidy top-up on girl child savings accounts. (₹10,000)"
2433,telangana-phase-2-universal-cashless-health-insurance,Universal Cashless Health Insurance,Health & Accidental Insurance Cover,500000.0,Annual,"Annual cashless hospitalization and surgical treatment cover in network hospitals. (₹500,000)"
2434,telangana-phase-2-critical-illness-relief-fund-cancer-kidney,Critical Illness Relief Fund (Cancer & Kidney),Health & Accidental Insurance Cover,200000.0,Claim-Based,"One-time financial relief grant for dialysis, chemotherapy, and heart surgery. (₹200,000)"
2435,telangana-phase-2-free-diagnostic-tests-medicine-scheme,Free Diagnostic Tests & Medicine Scheme,Direct Cash Transfer (DBT),10000.0,One-Time,"100% free prescription drugs and pathology tests at government clinics. (₹10,000)"
2436,telangana-phase-2-senior-citizen-specialized-geriatric-care,Senior Citizen Specialized Geriatric Care,Direct Cash Transfer (DBT),15000.0,One-Time,"Free cataract surgeries, hearing aids, and doorstep chronic care medicine. (₹15,000)"
2437,telangana-phase-2-emergency-accidental-trauma-insurance,Emergency Accidental Trauma Insurance,Health & Accidental Insurance Cover,100000.0,Claim-Based,"Immediate cashless golden-hour emergency trauma care coverage. (₹100,000)"
2438,telangana-phase-2-old-age-social-security-pension,Old Age Social Security Pension,Monthly Social Security Pension,12000.0,Monthly,"Monthly direct benefit transfer pension for elderly citizens aged 60 and above. (₹12,000)"
2439,telangana-phase-2-divyangjan-disability-monthly-pension,Divyangjan Disability Monthly Pension,Monthly Social Security Pension,18000.0,Monthly,"Monthly financial support and motorized tricycle allowance for disabled persons. (₹18,000)"
2440,telangana-phase-2-antyodaya-subsidized-food-security,Antyodaya Subsidized Food Security,Subsidized Food & Nutrition,8000.0,Monthly,"Subsidized monthly ration of 35kg foodgrains for poorest-of-poor households. (₹8,000)"
2441,telangana-phase-2-sanitation-workers-rehabilitation-grant,Sanitation Workers Rehabilitation Grant,Asset & Equipment Subsidy,40000.0,One-Time,"Capital subsidy and skill retraining for sanitary workers and sewer workers. (₹40,000)"
2442,telangana-phase-2-tribal-livelihood-forest-produce-grant,Tribal Livelihood & Forest Produce Grant,Asset & Equipment Subsidy,20000.0,One-Time,"Direct procurement support and value addition subsidy for minor forest produce. (₹20,000)"
2443,telangana-phase-2-youth-apprenticeship-monthly-stipend,Youth Apprenticeship Monthly Stipend,Scholarship & Academic Stipend,18000.0,Monthly,"Direct government stipend top-up for technical industrial apprenticeships. (₹18,000)"
2444,telangana-phase-2-artisan-craftsman-modern-tool-kit-grant,Artisan & Craftsman Modern Tool Kit Grant,Subsidized / Collateral-Free Loan,20000.0,One-Time,"Free motorized toolkits and collateral-free micro credit for traditional artisans. (₹20,000)"
2445,telangana-phase-2-rural-youth-driving-heavy-machinery-training,Rural Youth Driving & Heavy Machinery Training,Asset & Equipment Subsidy,25000.0,One-Time,"100% sponsored commercial vehicle and excavator driver training. (₹25,000)"
2446,telangana-phase-2-it-emerging-tech-bootcamp-voucher,IT & Emerging Tech Bootcamp Voucher,Scholarship & Academic Stipend,35000.0,One-Time,"Full tuition sponsorship for AI, Cloud, and Software certification bootcamps. (₹35,000)"
2447,telangana-phase-2-self-employment-micro-credit-guarantee,Self-Employment Micro-Credit Guarantee,Subsidized / Collateral-Free Loan,500000.0,One-Time,"Collateral-free subsidized loan up to ₹5 Lakh for starting local enterprises. (₹100,000)"
2448,telangana-phase-2-pucca-house-construction-subsidy,Pucca House Construction Subsidy,Asset & Equipment Subsidy,150000.0,Quarterly,"Direct installment financial grant for building disaster-resilient pucca home. (₹150,000)"
2449,telangana-phase-2-rooftop-solar-green-energy-assistance,Rooftop Solar & Green Energy Assistance,Asset & Equipment Subsidy,50000.0,One-Time,"Capital subsidy for grid-connected rooftop solar installation for homeowners. (₹50,000)"
2450,telangana-phase-2-slum-rehabilitation-ews-flat-allocation,Slum Rehabilitation & EWS Flat Allocation,Asset & Equipment Subsidy,250000.0,One-Time,"Subsidized ownership allotment of 1BHK flats with basic civic amenities. (₹250,000)"
2451,telangana-phase-2-rural-toilet-water-tap-incentive,Rural Toilet & Water Tap Incentive,Direct Cash Transfer (DBT),12000.0,One-Time,"Financial assistance for individual household latrines and clean piped tap. (₹12,000)"
2452,telangana-phase-2-micro-enterprise-collateral-free-loan,Micro Enterprise Collateral-Free Loan,Subsidized / Collateral-Free Loan,1000000.0,One-Time,"Guaranteed working capital and equipment loan up to ₹10 Lakh at subsidized interest. (₹200,000)"
2453,telangana-phase-2-women-entrepreneur-startup-grant,Women Entrepreneur Startup Grant,Direct Cash Transfer (DBT),100000.0,One-Time,"Seed funding capital grant for innovative women-founded MSME ventures. (₹100,000)"
2454,telangana-phase-2-export-promotion-quality-certification-subsidy,Export Promotion & Quality Certification Subsidy,Asset & Equipment Subsidy,75000.0,One-Time,"Reimbursement for ISO, ZED, and international trade mark registration costs. (₹75,000)"
2455,telangana-phase-2-credit-linked-capital-subsidy-for-tech-upgradation,Credit Linked Capital Subsidy for Tech Upgradation,Asset & Equipment Subsidy,150000.0,One-Time,"15% upfront capital subsidy for machinery modernization in manufacturing. (₹150,000)"
2456,telangana-phase-2-e-vehicle-green-mobility-subsidy,E-Vehicle & Green Mobility Subsidy,Asset & Equipment Subsidy,20000.0,One-Time,"Direct cash incentive on purchase of electric 2-wheelers and 3-wheelers. (₹20,000)"
2457,telangana-phase-2-rainwater-harvesting-ground-water-recharge-grant,Rainwater Harvesting & Ground Water Recharge Grant,Asset & Equipment Subsidy,15000.0,One-Time,"Subsidized rooftop rainwater harvesting system for individual residences. (₹15,000)"
2458,telangana-phase-2-bio-gas-cattle-dung-renewable-plant-subsidy,Bio-Gas & Cattle Dung Renewable Plant Subsidy,Asset & Equipment Subsidy,18000.0,One-Time,"Financial support for installing domestic Gobar-Dhan biogas units. (₹18,000)"
2459,telangana-phase-3-kisan-samriddhi-crop-assistance,Kisan Samriddhi & Crop Assistance,Asset & Equipment Subsidy,6000.0,One-Time,"Financial input subsidy for seed, fertilizer, and organic cultivation equipment. (₹6,000)"
2460,telangana-phase-3-solar-krishi-pump-subsidy,Solar Krishi Pump Subsidy,Asset & Equipment Subsidy,75000.0,One-Time,"Up to 90% capital subsidy for installing off-grid solar irrigation pumps. (₹75,000)"
2461,telangana-phase-3-horticulture-drip-irrigation-grant,Horticulture & Drip Irrigation Grant,Asset & Equipment Subsidy,25000.0,One-Time,"Direct subsidy for drip, sprinkler, and precision micro-irrigation installation. (₹25,000)"
2462,telangana-phase-3-dairy-cattle-development-incentive,Dairy & Cattle Development Incentive,Direct Cash Transfer (DBT),40000.0,One-Time,"Financial assistance for purchasing high-yield milch cows and buffaloes. (₹40,000)"
2463,telangana-phase-3-fodder-cultivation-animal-care-grant,Fodder Cultivation & Animal Care Grant,Asset & Equipment Subsidy,12000.0,One-Time,"Subsidized silage, quality seeds, and livestock health vaccination support. (₹12,000)"
2464,telangana-phase-3-fisheries-pond-biofloc-support,Fisheries Pond & Biofloc Support,Direct Cash Transfer (DBT),50000.0,One-Time,"Capital grant for biofloc fish farming, fingerling supply, and aerators. (₹50,000)"
2465,telangana-phase-3-soil-health-organic-farming-mission,Soil Health & Organic Farming Mission,Direct Cash Transfer (DBT),8000.0,One-Time,"Free soil nutrient testing kit and bio-compost financial top-up grant. (₹8,000)"
2466,telangana-phase-3-farm-mechanization-rotavator-subsidy,Farm Mechanization & Rotavator Subsidy,Asset & Equipment Subsidy,60000.0,One-Time,"Up to 50% subsidy on modern harvesters, rotavators, and custom hiring centers. (₹60,000)"
2467,telangana-phase-3-post-matric-merit-scholarship,Post-Matric Merit Scholarship,Scholarship & Academic Stipend,18000.0,One-Time,"Tuition fee waiver and maintenance stipend for higher collegiate education. (₹18,000)"
2468,telangana-phase-3-free-digital-tablet-laptop-distribution,Free Digital Tablet & Laptop Distribution,Asset & Equipment Subsidy,15000.0,One-Time,"High-speed digital learning devices distributed to meritorious board students. (₹15,000)"
2469,telangana-phase-3-competitive-exam-coaching-assistance,Competitive Exam Coaching Assistance,Scholarship & Academic Stipend,50000.0,One-Time,"100% sponsored classroom coaching for UPSC, PSC, JEE, and NEET exams. (₹50,000)"
2470,telangana-phase-3-girl-child-higher-education-incentive,Girl Child Higher Education Incentive,Direct Cash Transfer (DBT),25000.0,One-Time,"Direct milestone grant upon enrolling in undergraduate degree programs. (₹25,000)"
2471,telangana-phase-3-technical-polytechnic-skill-stipend,Technical & Polytechnic Skill Stipend,Scholarship & Academic Stipend,12000.0,Monthly,"Monthly allowance for students pursuing diploma and industrial training. (₹12,000)"
2472,telangana-phase-3-overseas-education-scholarship-for-ews,Overseas Education Scholarship for EWS,Subsidized / Collateral-Free Loan,500000.0,One-Time,"Educational loan interest subsidy for foreign universities. (₹500,000)"
2473,telangana-phase-3-special-education-aid-for-divyang-students,Special Education Aid for Divyang Students,Direct Cash Transfer (DBT),20000.0,One-Time,"Assistive braille, hearing aids, and transport allowance for disabled students. (₹20,000)"
2474,telangana-phase-3-matru-kalyan-nutrition-dbt,Matru Kalyan & Nutrition DBT,Subsidized Food & Nutrition,6000.0,One-Time,"Conditional cash transfer across pregnancy trimesters and post-natal care. (₹6,000)"
2475,telangana-phase-3-mahila-swavalamban-livelihood-grant,Mahila Swavalamban Livelihood Grant,Direct Cash Transfer (DBT),50000.0,One-Time,"Revolving seed fund for women Self-Help Groups (SHGs) to start enterprises. (₹50,000)"
2476,telangana-phase-3-kanya-vivah-marriage-assistance,Kanya Vivah & Marriage Assistance,Direct Cash Transfer (DBT),51000.0,One-Time,"Direct financial grant for marriage of daughters from economically weaker families. (₹51,000)"
2477,telangana-phase-3-working-women-hostel-transport-subsidy,Working Women Hostel & Transport Subsidy,Asset & Equipment Subsidy,15000.0,Monthly,"Subsidized secure safe housing and monthly urban commute pass. (₹15,000)"
2478,telangana-phase-3-single-mother-destitute-women-pension,Single Mother & Destitute Women Pension,Monthly Social Security Pension,15000.0,Monthly,"Monthly social security pension for widowed and abandoned women. (₹15,000)"
2479,telangana-phase-3-sukanya-samriddhi-high-interest-top-up,Sukanya Samriddhi High-Interest Top-Up,Asset & Equipment Subsidy,10000.0,One-Time,"State government interest subsidy top-up on girl child savings accounts. (₹10,000)"
2480,telangana-phase-3-universal-cashless-health-insurance,Universal Cashless Health Insurance,Health & Accidental Insurance Cover,500000.0,Annual,"Annual cashless hospitalization and surgical treatment cover in network hospitals. (₹500,000)"
2497,tripura-technical-polytechnic-skill-stipend,Technical & Polytechnic Skill Stipend,Scholarship & Academic Stipend,12000.0,Monthly,"Monthly allowance for students pursuing diploma and industrial training. (₹12,000)"
2481,telangana-phase-3-critical-illness-relief-fund-cancer-kidney,Critical Illness Relief Fund (Cancer & Kidney),Health & Accidental Insurance Cover,200000.0,Claim-Based,"One-time financial relief grant for dialysis, chemotherapy, and heart surgery. (₹200,000)"
2482,telangana-phase-3-free-diagnostic-tests-medicine-scheme,Free Diagnostic Tests & Medicine Scheme,Direct Cash Transfer (DBT),10000.0,One-Time,"100% free prescription drugs and pathology tests at government clinics. (₹10,000)"
2483,telangana-phase-3-senior-citizen-specialized-geriatric-care,Senior Citizen Specialized Geriatric Care,Direct Cash Transfer (DBT),15000.0,One-Time,"Free cataract surgeries, hearing aids, and doorstep chronic care medicine. (₹15,000)"
2484,telangana-phase-3-emergency-accidental-trauma-insurance,Emergency Accidental Trauma Insurance,Health & Accidental Insurance Cover,100000.0,Claim-Based,"Immediate cashless golden-hour emergency trauma care coverage. (₹100,000)"
2485,tripura-kisan-samriddhi-crop-assistance,Kisan Samriddhi & Crop Assistance,Asset & Equipment Subsidy,6000.0,One-Time,"Financial input subsidy for seed, fertilizer, and organic cultivation equipment. (₹6,000)"
2486,tripura-solar-krishi-pump-subsidy,Solar Krishi Pump Subsidy,Asset & Equipment Subsidy,75000.0,One-Time,"Up to 90% capital subsidy for installing off-grid solar irrigation pumps. (₹75,000)"
2487,tripura-horticulture-drip-irrigation-grant,Horticulture & Drip Irrigation Grant,Asset & Equipment Subsidy,25000.0,One-Time,"Direct subsidy for drip, sprinkler, and precision micro-irrigation installation. (₹25,000)"
2488,tripura-dairy-cattle-development-incentive,Dairy & Cattle Development Incentive,Direct Cash Transfer (DBT),40000.0,One-Time,"Financial assistance for purchasing high-yield milch cows and buffaloes. (₹40,000)"
2489,tripura-fodder-cultivation-animal-care-grant,Fodder Cultivation & Animal Care Grant,Asset & Equipment Subsidy,12000.0,One-Time,"Subsidized silage, quality seeds, and livestock health vaccination support. (₹12,000)"
2490,tripura-fisheries-pond-biofloc-support,Fisheries Pond & Biofloc Support,Direct Cash Transfer (DBT),50000.0,One-Time,"Capital grant for biofloc fish farming, fingerling supply, and aerators. (₹50,000)"
2491,tripura-soil-health-organic-farming-mission,Soil Health & Organic Farming Mission,Direct Cash Transfer (DBT),8000.0,One-Time,"Free soil nutrient testing kit and bio-compost financial top-up grant. (₹8,000)"
2492,tripura-farm-mechanization-rotavator-subsidy,Farm Mechanization & Rotavator Subsidy,Asset & Equipment Subsidy,60000.0,One-Time,"Up to 50% subsidy on modern harvesters, rotavators, and custom hiring centers. (₹60,000)"
2493,tripura-post-matric-merit-scholarship,Post-Matric Merit Scholarship,Scholarship & Academic Stipend,18000.0,One-Time,"Tuition fee waiver and maintenance stipend for higher collegiate education. (₹18,000)"
2494,tripura-free-digital-tablet-laptop-distribution,Free Digital Tablet & Laptop Distribution,Asset & Equipment Subsidy,15000.0,One-Time,"High-speed digital learning devices distributed to meritorious board students. (₹15,000)"
2495,tripura-competitive-exam-coaching-assistance,Competitive Exam Coaching Assistance,Scholarship & Academic Stipend,50000.0,One-Time,"100% sponsored classroom coaching for UPSC, PSC, JEE, and NEET exams. (₹50,000)"
2496,tripura-girl-child-higher-education-incentive,Girl Child Higher Education Incentive,Direct Cash Transfer (DBT),25000.0,One-Time,"Direct milestone grant upon enrolling in undergraduate degree programs. (₹25,000)"
2498,tripura-overseas-education-scholarship-for-ews,Overseas Education Scholarship for EWS,Subsidized / Collateral-Free Loan,500000.0,One-Time,"Educational loan interest subsidy for foreign universities. (₹500,000)"
2499,tripura-special-education-aid-for-divyang-students,Special Education Aid for Divyang Students,Direct Cash Transfer (DBT),20000.0,One-Time,"Assistive braille, hearing aids, and transport allowance for disabled students. (₹20,000)"
2500,tripura-matru-kalyan-nutrition-dbt,Matru Kalyan & Nutrition DBT,Subsidized Food & Nutrition,6000.0,One-Time,"Conditional cash transfer across pregnancy trimesters and post-natal care. (₹6,000)"
2501,tripura-mahila-swavalamban-livelihood-grant,Mahila Swavalamban Livelihood Grant,Direct Cash Transfer (DBT),50000.0,One-Time,"Revolving seed fund for women Self-Help Groups (SHGs) to start enterprises. (₹50,000)"
2502,tripura-kanya-vivah-marriage-assistance,Kanya Vivah & Marriage Assistance,Direct Cash Transfer (DBT),51000.0,One-Time,"Direct financial grant for marriage of daughters from economically weaker families. (₹51,000)"
2503,tripura-working-women-hostel-transport-subsidy,Working Women Hostel & Transport Subsidy,Asset & Equipment Subsidy,15000.0,Monthly,"Subsidized secure safe housing and monthly urban commute pass. (₹15,000)"
2504,tripura-single-mother-destitute-women-pension,Single Mother & Destitute Women Pension,Monthly Social Security Pension,15000.0,Monthly,"Monthly social security pension for widowed and abandoned women. (₹15,000)"
2505,tripura-sukanya-samriddhi-high-interest-top-up,Sukanya Samriddhi High-Interest Top-Up,Asset & Equipment Subsidy,10000.0,One-Time,"State government interest subsidy top-up on girl child savings accounts. (₹10,000)"
2506,tripura-universal-cashless-health-insurance,Universal Cashless Health Insurance,Health & Accidental Insurance Cover,500000.0,Annual,"Annual cashless hospitalization and surgical treatment cover in network hospitals. (₹500,000)"
2507,tripura-critical-illness-relief-fund-cancer-kidney,Critical Illness Relief Fund (Cancer & Kidney),Health & Accidental Insurance Cover,200000.0,Claim-Based,"One-time financial relief grant for dialysis, chemotherapy, and heart surgery. (₹200,000)"
2508,tripura-free-diagnostic-tests-medicine-scheme,Free Diagnostic Tests & Medicine Scheme,Direct Cash Transfer (DBT),10000.0,One-Time,"100% free prescription drugs and pathology tests at government clinics. (₹10,000)"
2509,tripura-senior-citizen-specialized-geriatric-care,Senior Citizen Specialized Geriatric Care,Direct Cash Transfer (DBT),15000.0,One-Time,"Free cataract surgeries, hearing aids, and doorstep chronic care medicine. (₹15,000)"
2510,tripura-emergency-accidental-trauma-insurance,Emergency Accidental Trauma Insurance,Health & Accidental Insurance Cover,100000.0,Claim-Based,"Immediate cashless golden-hour emergency trauma care coverage. (₹100,000)"
2511,tripura-old-age-social-security-pension,Old Age Social Security Pension,Monthly Social Security Pension,12000.0,Monthly,"Monthly direct benefit transfer pension for elderly citizens aged 60 and above. (₹12,000)"
2512,tripura-divyangjan-disability-monthly-pension,Divyangjan Disability Monthly Pension,Monthly Social Security Pension,18000.0,Monthly,"Monthly financial support and motorized tricycle allowance for disabled persons. (₹18,000)"
2513,tripura-antyodaya-subsidized-food-security,Antyodaya Subsidized Food Security,Subsidized Food & Nutrition,8000.0,Monthly,"Subsidized monthly ration of 35kg foodgrains for poorest-of-poor households. (₹8,000)"
2514,tripura-sanitation-workers-rehabilitation-grant,Sanitation Workers Rehabilitation Grant,Asset & Equipment Subsidy,40000.0,One-Time,"Capital subsidy and skill retraining for sanitary workers and sewer workers. (₹40,000)"
2515,tripura-tribal-livelihood-forest-produce-grant,Tribal Livelihood & Forest Produce Grant,Asset & Equipment Subsidy,20000.0,One-Time,"Direct procurement support and value addition subsidy for minor forest produce. (₹20,000)"
2516,tripura-youth-apprenticeship-monthly-stipend,Youth Apprenticeship Monthly Stipend,Scholarship & Academic Stipend,18000.0,Monthly,"Direct government stipend top-up for technical industrial apprenticeships. (₹18,000)"
2517,tripura-artisan-craftsman-modern-tool-kit-grant,Artisan & Craftsman Modern Tool Kit Grant,Subsidized / Collateral-Free Loan,20000.0,One-Time,"Free motorized toolkits and collateral-free micro credit for traditional artisans. (₹20,000)"
2518,tripura-rural-youth-driving-heavy-machinery-training,Rural Youth Driving & Heavy Machinery Training,Asset & Equipment Subsidy,25000.0,One-Time,"100% sponsored commercial vehicle and excavator driver training. (₹25,000)"
2519,tripura-it-emerging-tech-bootcamp-voucher,IT & Emerging Tech Bootcamp Voucher,Scholarship & Academic Stipend,35000.0,One-Time,"Full tuition sponsorship for AI, Cloud, and Software certification bootcamps. (₹35,000)"
2520,tripura-self-employment-micro-credit-guarantee,Self-Employment Micro-Credit Guarantee,Subsidized / Collateral-Free Loan,500000.0,One-Time,"Collateral-free subsidized loan up to ₹5 Lakh for starting local enterprises. (₹100,000)"
2521,tripura-pucca-house-construction-subsidy,Pucca House Construction Subsidy,Asset & Equipment Subsidy,150000.0,Quarterly,"Direct installment financial grant for building disaster-resilient pucca home. (₹150,000)"
2522,tripura-rooftop-solar-green-energy-assistance,Rooftop Solar & Green Energy Assistance,Asset & Equipment Subsidy,50000.0,One-Time,"Capital subsidy for grid-connected rooftop solar installation for homeowners. (₹50,000)"
2523,tripura-slum-rehabilitation-ews-flat-allocation,Slum Rehabilitation & EWS Flat Allocation,Asset & Equipment Subsidy,250000.0,One-Time,"Subsidized ownership allotment of 1BHK flats with basic civic amenities. (₹250,000)"
2524,tripura-rural-toilet-water-tap-incentive,Rural Toilet & Water Tap Incentive,Direct Cash Transfer (DBT),12000.0,One-Time,"Financial assistance for individual household latrines and clean piped tap. (₹12,000)"
2525,tripura-micro-enterprise-collateral-free-loan,Micro Enterprise Collateral-Free Loan,Subsidized / Collateral-Free Loan,1000000.0,One-Time,"Guaranteed working capital and equipment loan up to ₹10 Lakh at subsidized interest. (₹200,000)"
2526,tripura-women-entrepreneur-startup-grant,Women Entrepreneur Startup Grant,Direct Cash Transfer (DBT),100000.0,One-Time,"Seed funding capital grant for innovative women-founded MSME ventures. (₹100,000)"
2527,tripura-export-promotion-quality-certification-subsidy,Export Promotion & Quality Certification Subsidy,Asset & Equipment Subsidy,75000.0,One-Time,"Reimbursement for ISO, ZED, and international trade mark registration costs. (₹75,000)"
2528,tripura-credit-linked-capital-subsidy-for-tech-upgradation,Credit Linked Capital Subsidy for Tech Upgradation,Asset & Equipment Subsidy,150000.0,One-Time,"15% upfront capital subsidy for machinery modernization in manufacturing. (₹150,000)"
2529,tripura-e-vehicle-green-mobility-subsidy,E-Vehicle & Green Mobility Subsidy,Asset & Equipment Subsidy,20000.0,One-Time,"Direct cash incentive on purchase of electric 2-wheelers and 3-wheelers. (₹20,000)"
2530,tripura-rainwater-harvesting-ground-water-recharge-grant,Rainwater Harvesting & Ground Water Recharge Grant,Asset & Equipment Subsidy,15000.0,One-Time,"Subsidized rooftop rainwater harvesting system for individual residences. (₹15,000)"
2531,tripura-bio-gas-cattle-dung-renewable-plant-subsidy,Bio-Gas & Cattle Dung Renewable Plant Subsidy,Asset & Equipment Subsidy,18000.0,One-Time,"Financial support for installing domestic Gobar-Dhan biogas units. (₹18,000)"
2532,tripura-phase-2-kisan-samriddhi-crop-assistance,Kisan Samriddhi & Crop Assistance,Asset & Equipment Subsidy,6000.0,One-Time,"Financial input subsidy for seed, fertilizer, and organic cultivation equipment. (₹6,000)"
2533,tripura-phase-2-solar-krishi-pump-subsidy,Solar Krishi Pump Subsidy,Asset & Equipment Subsidy,75000.0,One-Time,"Up to 90% capital subsidy for installing off-grid solar irrigation pumps. (₹75,000)"
2534,tripura-phase-2-horticulture-drip-irrigation-grant,Horticulture & Drip Irrigation Grant,Asset & Equipment Subsidy,25000.0,One-Time,"Direct subsidy for drip, sprinkler, and precision micro-irrigation installation. (₹25,000)"
2535,tripura-phase-2-dairy-cattle-development-incentive,Dairy & Cattle Development Incentive,Direct Cash Transfer (DBT),40000.0,One-Time,"Financial assistance for purchasing high-yield milch cows and buffaloes. (₹40,000)"
2536,tripura-phase-2-fodder-cultivation-animal-care-grant,Fodder Cultivation & Animal Care Grant,Asset & Equipment Subsidy,12000.0,One-Time,"Subsidized silage, quality seeds, and livestock health vaccination support. (₹12,000)"
2537,tripura-phase-2-fisheries-pond-biofloc-support,Fisheries Pond & Biofloc Support,Direct Cash Transfer (DBT),50000.0,One-Time,"Capital grant for biofloc fish farming, fingerling supply, and aerators. (₹50,000)"
2538,tripura-phase-2-soil-health-organic-farming-mission,Soil Health & Organic Farming Mission,Direct Cash Transfer (DBT),8000.0,One-Time,"Free soil nutrient testing kit and bio-compost financial top-up grant. (₹8,000)"
2539,tripura-phase-2-farm-mechanization-rotavator-subsidy,Farm Mechanization & Rotavator Subsidy,Asset & Equipment Subsidy,60000.0,One-Time,"Up to 50% subsidy on modern harvesters, rotavators, and custom hiring centers. (₹60,000)"
2540,tripura-phase-2-post-matric-merit-scholarship,Post-Matric Merit Scholarship,Scholarship & Academic Stipend,18000.0,One-Time,"Tuition fee waiver and maintenance stipend for higher collegiate education. (₹18,000)"
2541,tripura-phase-2-free-digital-tablet-laptop-distribution,Free Digital Tablet & Laptop Distribution,Asset & Equipment Subsidy,15000.0,One-Time,"High-speed digital learning devices distributed to meritorious board students. (₹15,000)"
2542,tripura-phase-2-competitive-exam-coaching-assistance,Competitive Exam Coaching Assistance,Scholarship & Academic Stipend,50000.0,One-Time,"100% sponsored classroom coaching for UPSC, PSC, JEE, and NEET exams. (₹50,000)"
2543,tripura-phase-2-girl-child-higher-education-incentive,Girl Child Higher Education Incentive,Direct Cash Transfer (DBT),25000.0,One-Time,"Direct milestone grant upon enrolling in undergraduate degree programs. (₹25,000)"
2544,tripura-phase-2-technical-polytechnic-skill-stipend,Technical & Polytechnic Skill Stipend,Scholarship & Academic Stipend,12000.0,Monthly,"Monthly allowance for students pursuing diploma and industrial training. (₹12,000)"
2545,uttar-pradesh-kisan-samriddhi-crop-assistance,Kisan Samriddhi & Crop Assistance,Asset & Equipment Subsidy,6000.0,One-Time,"Financial input subsidy for seed, fertilizer, and organic cultivation equipment. (₹6,000)"
2546,uttar-pradesh-solar-krishi-pump-subsidy,Solar Krishi Pump Subsidy,Asset & Equipment Subsidy,75000.0,One-Time,"Up to 90% capital subsidy for installing off-grid solar irrigation pumps. (₹75,000)"
2547,uttar-pradesh-horticulture-drip-irrigation-grant,Horticulture & Drip Irrigation Grant,Asset & Equipment Subsidy,25000.0,One-Time,"Direct subsidy for drip, sprinkler, and precision micro-irrigation installation. (₹25,000)"
2548,uttar-pradesh-dairy-cattle-development-incentive,Dairy & Cattle Development Incentive,Direct Cash Transfer (DBT),40000.0,One-Time,"Financial assistance for purchasing high-yield milch cows and buffaloes. (₹40,000)"
2549,uttar-pradesh-fodder-cultivation-animal-care-grant,Fodder Cultivation & Animal Care Grant,Asset & Equipment Subsidy,12000.0,One-Time,"Subsidized silage, quality seeds, and livestock health vaccination support. (₹12,000)"
2550,uttar-pradesh-fisheries-pond-biofloc-support,Fisheries Pond & Biofloc Support,Direct Cash Transfer (DBT),50000.0,One-Time,"Capital grant for biofloc fish farming, fingerling supply, and aerators. (₹50,000)"
2551,uttar-pradesh-soil-health-organic-farming-mission,Soil Health & Organic Farming Mission,Direct Cash Transfer (DBT),8000.0,One-Time,"Free soil nutrient testing kit and bio-compost financial top-up grant. (₹8,000)"
2552,uttar-pradesh-farm-mechanization-rotavator-subsidy,Farm Mechanization & Rotavator Subsidy,Asset & Equipment Subsidy,60000.0,One-Time,"Up to 50% subsidy on modern harvesters, rotavators, and custom hiring centers. (₹60,000)"
2553,uttar-pradesh-post-matric-merit-scholarship,Post-Matric Merit Scholarship,Scholarship & Academic Stipend,18000.0,One-Time,"Tuition fee waiver and maintenance stipend for higher collegiate education. (₹18,000)"
2554,uttar-pradesh-free-digital-tablet-laptop-distribution,Free Digital Tablet & Laptop Distribution,Asset & Equipment Subsidy,15000.0,One-Time,"High-speed digital learning devices distributed to meritorious board students. (₹15,000)"
2555,uttar-pradesh-competitive-exam-coaching-assistance,Competitive Exam Coaching Assistance,Scholarship & Academic Stipend,50000.0,One-Time,"100% sponsored classroom coaching for UPSC, PSC, JEE, and NEET exams. (₹50,000)"
2556,uttar-pradesh-girl-child-higher-education-incentive,Girl Child Higher Education Incentive,Direct Cash Transfer (DBT),25000.0,One-Time,"Direct milestone grant upon enrolling in undergraduate degree programs. (₹25,000)"
2557,uttar-pradesh-technical-polytechnic-skill-stipend,Technical & Polytechnic Skill Stipend,Scholarship & Academic Stipend,12000.0,Monthly,"Monthly allowance for students pursuing diploma and industrial training. (₹12,000)"
2558,uttar-pradesh-overseas-education-scholarship-for-ews,Overseas Education Scholarship for EWS,Subsidized / Collateral-Free Loan,500000.0,One-Time,"Educational loan interest subsidy for foreign universities. (₹500,000)"
2559,uttar-pradesh-special-education-aid-for-divyang-students,Special Education Aid for Divyang Students,Direct Cash Transfer (DBT),20000.0,One-Time,"Assistive braille, hearing aids, and transport allowance for disabled students. (₹20,000)"
2560,uttar-pradesh-matru-kalyan-nutrition-dbt,Matru Kalyan & Nutrition DBT,Subsidized Food & Nutrition,6000.0,One-Time,"Conditional cash transfer across pregnancy trimesters and post-natal care. (₹6,000)"
2561,uttar-pradesh-mahila-swavalamban-livelihood-grant,Mahila Swavalamban Livelihood Grant,Direct Cash Transfer (DBT),50000.0,One-Time,"Revolving seed fund for women Self-Help Groups (SHGs) to start enterprises. (₹50,000)"
2562,uttar-pradesh-kanya-vivah-marriage-assistance,Kanya Vivah & Marriage Assistance,Direct Cash Transfer (DBT),51000.0,One-Time,"Direct financial grant for marriage of daughters from economically weaker families. (₹51,000)"
2563,uttar-pradesh-working-women-hostel-transport-subsidy,Working Women Hostel & Transport Subsidy,Asset & Equipment Subsidy,15000.0,Monthly,"Subsidized secure safe housing and monthly urban commute pass. (₹15,000)"
2564,uttar-pradesh-single-mother-destitute-women-pension,Single Mother & Destitute Women Pension,Monthly Social Security Pension,15000.0,Monthly,"Monthly social security pension for widowed and abandoned women. (₹15,000)"
2565,uttar-pradesh-sukanya-samriddhi-high-interest-top-up,Sukanya Samriddhi High-Interest Top-Up,Asset & Equipment Subsidy,10000.0,One-Time,"State government interest subsidy top-up on girl child savings accounts. (₹10,000)"
2566,uttar-pradesh-universal-cashless-health-insurance,Universal Cashless Health Insurance,Health & Accidental Insurance Cover,500000.0,Annual,"Annual cashless hospitalization and surgical treatment cover in network hospitals. (₹500,000)"
2567,uttar-pradesh-critical-illness-relief-fund-cancer-kidney,Critical Illness Relief Fund (Cancer & Kidney),Health & Accidental Insurance Cover,200000.0,Claim-Based,"One-time financial relief grant for dialysis, chemotherapy, and heart surgery. (₹200,000)"
2568,uttar-pradesh-free-diagnostic-tests-medicine-scheme,Free Diagnostic Tests & Medicine Scheme,Direct Cash Transfer (DBT),10000.0,One-Time,"100% free prescription drugs and pathology tests at government clinics. (₹10,000)"
2569,uttar-pradesh-senior-citizen-specialized-geriatric-care,Senior Citizen Specialized Geriatric Care,Direct Cash Transfer (DBT),15000.0,One-Time,"Free cataract surgeries, hearing aids, and doorstep chronic care medicine. (₹15,000)"
2570,uttar-pradesh-emergency-accidental-trauma-insurance,Emergency Accidental Trauma Insurance,Health & Accidental Insurance Cover,100000.0,Claim-Based,"Immediate cashless golden-hour emergency trauma care coverage. (₹100,000)"
2571,uttar-pradesh-old-age-social-security-pension,Old Age Social Security Pension,Monthly Social Security Pension,12000.0,Monthly,"Monthly direct benefit transfer pension for elderly citizens aged 60 and above. (₹12,000)"
2572,uttar-pradesh-divyangjan-disability-monthly-pension,Divyangjan Disability Monthly Pension,Monthly Social Security Pension,18000.0,Monthly,"Monthly financial support and motorized tricycle allowance for disabled persons. (₹18,000)"
2573,uttar-pradesh-antyodaya-subsidized-food-security,Antyodaya Subsidized Food Security,Subsidized Food & Nutrition,8000.0,Monthly,"Subsidized monthly ration of 35kg foodgrains for poorest-of-poor households. (₹8,000)"
2574,uttar-pradesh-sanitation-workers-rehabilitation-grant,Sanitation Workers Rehabilitation Grant,Asset & Equipment Subsidy,40000.0,One-Time,"Capital subsidy and skill retraining for sanitary workers and sewer workers. (₹40,000)"
2575,uttar-pradesh-tribal-livelihood-forest-produce-grant,Tribal Livelihood & Forest Produce Grant,Asset & Equipment Subsidy,20000.0,One-Time,"Direct procurement support and value addition subsidy for minor forest produce. (₹20,000)"
2576,uttar-pradesh-youth-apprenticeship-monthly-stipend,Youth Apprenticeship Monthly Stipend,Scholarship & Academic Stipend,18000.0,Monthly,"Direct government stipend top-up for technical industrial apprenticeships. (₹18,000)"
2577,uttar-pradesh-artisan-craftsman-modern-tool-kit-grant,Artisan & Craftsman Modern Tool Kit Grant,Subsidized / Collateral-Free Loan,20000.0,One-Time,"Free motorized toolkits and collateral-free micro credit for traditional artisans. (₹20,000)"
2578,uttar-pradesh-rural-youth-driving-heavy-machinery-training,Rural Youth Driving & Heavy Machinery Training,Asset & Equipment Subsidy,25000.0,One-Time,"100% sponsored commercial vehicle and excavator driver training. (₹25,000)"
2579,uttar-pradesh-it-emerging-tech-bootcamp-voucher,IT & Emerging Tech Bootcamp Voucher,Scholarship & Academic Stipend,35000.0,One-Time,"Full tuition sponsorship for AI, Cloud, and Software certification bootcamps. (₹35,000)"
2580,uttar-pradesh-self-employment-micro-credit-guarantee,Self-Employment Micro-Credit Guarantee,Subsidized / Collateral-Free Loan,500000.0,One-Time,"Collateral-free subsidized loan up to ₹5 Lakh for starting local enterprises. (₹100,000)"
2581,uttar-pradesh-pucca-house-construction-subsidy,Pucca House Construction Subsidy,Asset & Equipment Subsidy,150000.0,Quarterly,"Direct installment financial grant for building disaster-resilient pucca home. (₹150,000)"
2582,uttar-pradesh-rooftop-solar-green-energy-assistance,Rooftop Solar & Green Energy Assistance,Asset & Equipment Subsidy,50000.0,One-Time,"Capital subsidy for grid-connected rooftop solar installation for homeowners. (₹50,000)"
2583,uttar-pradesh-slum-rehabilitation-ews-flat-allocation,Slum Rehabilitation & EWS Flat Allocation,Asset & Equipment Subsidy,250000.0,One-Time,"Subsidized ownership allotment of 1BHK flats with basic civic amenities. (₹250,000)"
2584,uttar-pradesh-rural-toilet-water-tap-incentive,Rural Toilet & Water Tap Incentive,Direct Cash Transfer (DBT),12000.0,One-Time,"Financial assistance for individual household latrines and clean piped tap. (₹12,000)"
2585,uttar-pradesh-micro-enterprise-collateral-free-loan,Micro Enterprise Collateral-Free Loan,Subsidized / Collateral-Free Loan,1000000.0,One-Time,"Guaranteed working capital and equipment loan up to ₹10 Lakh at subsidized interest. (₹200,000)"
2586,uttar-pradesh-women-entrepreneur-startup-grant,Women Entrepreneur Startup Grant,Direct Cash Transfer (DBT),100000.0,One-Time,"Seed funding capital grant for innovative women-founded MSME ventures. (₹100,000)"
2587,uttar-pradesh-export-promotion-quality-certification-subsidy,Export Promotion & Quality Certification Subsidy,Asset & Equipment Subsidy,75000.0,One-Time,"Reimbursement for ISO, ZED, and international trade mark registration costs. (₹75,000)"
2588,uttar-pradesh-credit-linked-capital-subsidy-for-tech-upgradation,Credit Linked Capital Subsidy for Tech Upgradation,Asset & Equipment Subsidy,150000.0,One-Time,"15% upfront capital subsidy for machinery modernization in manufacturing. (₹150,000)"
2589,uttar-pradesh-e-vehicle-green-mobility-subsidy,E-Vehicle & Green Mobility Subsidy,Asset & Equipment Subsidy,20000.0,One-Time,"Direct cash incentive on purchase of electric 2-wheelers and 3-wheelers. (₹20,000)"
3059,delhi-fodder-cultivation-animal-care-grant,Fodder Cultivation & Animal Care Grant,Asset & Equipment Subsidy,12000.0,One-Time,"Subsidized silage, quality seeds, and livestock health vaccination support. (₹12,000)"
2590,uttar-pradesh-rainwater-harvesting-ground-water-recharge-grant,Rainwater Harvesting & Ground Water Recharge Grant,Asset & Equipment Subsidy,15000.0,One-Time,"Subsidized rooftop rainwater harvesting system for individual residences. (₹15,000)"
2591,uttar-pradesh-bio-gas-cattle-dung-renewable-plant-subsidy,Bio-Gas & Cattle Dung Renewable Plant Subsidy,Asset & Equipment Subsidy,18000.0,One-Time,"Financial support for installing domestic Gobar-Dhan biogas units. (₹18,000)"
2592,uttar-pradesh-phase-2-kisan-samriddhi-crop-assistance,Kisan Samriddhi & Crop Assistance,Asset & Equipment Subsidy,6000.0,One-Time,"Financial input subsidy for seed, fertilizer, and organic cultivation equipment. (₹6,000)"
2593,uttar-pradesh-phase-2-solar-krishi-pump-subsidy,Solar Krishi Pump Subsidy,Asset & Equipment Subsidy,75000.0,One-Time,"Up to 90% capital subsidy for installing off-grid solar irrigation pumps. (₹75,000)"
2594,uttar-pradesh-phase-2-horticulture-drip-irrigation-grant,Horticulture & Drip Irrigation Grant,Asset & Equipment Subsidy,25000.0,One-Time,"Direct subsidy for drip, sprinkler, and precision micro-irrigation installation. (₹25,000)"
2595,uttar-pradesh-phase-2-dairy-cattle-development-incentive,Dairy & Cattle Development Incentive,Direct Cash Transfer (DBT),40000.0,One-Time,"Financial assistance for purchasing high-yield milch cows and buffaloes. (₹40,000)"
2596,uttar-pradesh-phase-2-fodder-cultivation-animal-care-grant,Fodder Cultivation & Animal Care Grant,Asset & Equipment Subsidy,12000.0,One-Time,"Subsidized silage, quality seeds, and livestock health vaccination support. (₹12,000)"
2597,uttar-pradesh-phase-2-fisheries-pond-biofloc-support,Fisheries Pond & Biofloc Support,Direct Cash Transfer (DBT),50000.0,One-Time,"Capital grant for biofloc fish farming, fingerling supply, and aerators. (₹50,000)"
2598,uttar-pradesh-phase-2-soil-health-organic-farming-mission,Soil Health & Organic Farming Mission,Direct Cash Transfer (DBT),8000.0,One-Time,"Free soil nutrient testing kit and bio-compost financial top-up grant. (₹8,000)"
2599,uttar-pradesh-phase-2-farm-mechanization-rotavator-subsidy,Farm Mechanization & Rotavator Subsidy,Asset & Equipment Subsidy,60000.0,One-Time,"Up to 50% subsidy on modern harvesters, rotavators, and custom hiring centers. (₹60,000)"
2600,uttar-pradesh-phase-2-post-matric-merit-scholarship,Post-Matric Merit Scholarship,Scholarship & Academic Stipend,18000.0,One-Time,"Tuition fee waiver and maintenance stipend for higher collegiate education. (₹18,000)"
2601,uttar-pradesh-phase-2-free-digital-tablet-laptop-distribution,Free Digital Tablet & Laptop Distribution,Asset & Equipment Subsidy,15000.0,One-Time,"High-speed digital learning devices distributed to meritorious board students. (₹15,000)"
2602,uttar-pradesh-phase-2-competitive-exam-coaching-assistance,Competitive Exam Coaching Assistance,Scholarship & Academic Stipend,50000.0,One-Time,"100% sponsored classroom coaching for UPSC, PSC, JEE, and NEET exams. (₹50,000)"
2603,uttar-pradesh-phase-2-girl-child-higher-education-incentive,Girl Child Higher Education Incentive,Direct Cash Transfer (DBT),25000.0,One-Time,"Direct milestone grant upon enrolling in undergraduate degree programs. (₹25,000)"
2733,uttarakhand-post-matric-merit-scholarship,Post-Matric Merit Scholarship,Scholarship & Academic Stipend,18000.0,One-Time,"Tuition fee waiver and maintenance stipend for higher collegiate education. (₹18,000)"
2604,uttar-pradesh-phase-2-technical-polytechnic-skill-stipend,Technical & Polytechnic Skill Stipend,Scholarship & Academic Stipend,12000.0,Monthly,"Monthly allowance for students pursuing diploma and industrial training. (₹12,000)"
2605,uttar-pradesh-phase-2-overseas-education-scholarship-for-ews,Overseas Education Scholarship for EWS,Subsidized / Collateral-Free Loan,500000.0,One-Time,"Educational loan interest subsidy for foreign universities. (₹500,000)"
2606,uttar-pradesh-phase-2-special-education-aid-for-divyang-students,Special Education Aid for Divyang Students,Direct Cash Transfer (DBT),20000.0,One-Time,"Assistive braille, hearing aids, and transport allowance for disabled students. (₹20,000)"
2607,uttar-pradesh-phase-2-matru-kalyan-nutrition-dbt,Matru Kalyan & Nutrition DBT,Subsidized Food & Nutrition,6000.0,One-Time,"Conditional cash transfer across pregnancy trimesters and post-natal care. (₹6,000)"
2608,uttar-pradesh-phase-2-mahila-swavalamban-livelihood-grant,Mahila Swavalamban Livelihood Grant,Direct Cash Transfer (DBT),50000.0,One-Time,"Revolving seed fund for women Self-Help Groups (SHGs) to start enterprises. (₹50,000)"
2609,uttar-pradesh-phase-2-kanya-vivah-marriage-assistance,Kanya Vivah & Marriage Assistance,Direct Cash Transfer (DBT),51000.0,One-Time,"Direct financial grant for marriage of daughters from economically weaker families. (₹51,000)"
2610,uttar-pradesh-phase-2-working-women-hostel-transport-subsidy,Working Women Hostel & Transport Subsidy,Asset & Equipment Subsidy,15000.0,Monthly,"Subsidized secure safe housing and monthly urban commute pass. (₹15,000)"
2611,uttar-pradesh-phase-2-single-mother-destitute-women-pension,Single Mother & Destitute Women Pension,Monthly Social Security Pension,15000.0,Monthly,"Monthly social security pension for widowed and abandoned women. (₹15,000)"
2612,uttar-pradesh-phase-2-sukanya-samriddhi-high-interest-top-up,Sukanya Samriddhi High-Interest Top-Up,Asset & Equipment Subsidy,10000.0,One-Time,"State government interest subsidy top-up on girl child savings accounts. (₹10,000)"
2613,uttar-pradesh-phase-2-universal-cashless-health-insurance,Universal Cashless Health Insurance,Health & Accidental Insurance Cover,500000.0,Annual,"Annual cashless hospitalization and surgical treatment cover in network hospitals. (₹500,000)"
2614,uttar-pradesh-phase-2-critical-illness-relief-fund-cancer-kidney,Critical Illness Relief Fund (Cancer & Kidney),Health & Accidental Insurance Cover,200000.0,Claim-Based,"One-time financial relief grant for dialysis, chemotherapy, and heart surgery. (₹200,000)"
2615,uttar-pradesh-phase-2-free-diagnostic-tests-medicine-scheme,Free Diagnostic Tests & Medicine Scheme,Direct Cash Transfer (DBT),10000.0,One-Time,"100% free prescription drugs and pathology tests at government clinics. (₹10,000)"
2616,uttar-pradesh-phase-2-senior-citizen-specialized-geriatric-care,Senior Citizen Specialized Geriatric Care,Direct Cash Transfer (DBT),15000.0,One-Time,"Free cataract surgeries, hearing aids, and doorstep chronic care medicine. (₹15,000)"
2617,uttar-pradesh-phase-2-emergency-accidental-trauma-insurance,Emergency Accidental Trauma Insurance,Health & Accidental Insurance Cover,100000.0,Claim-Based,"Immediate cashless golden-hour emergency trauma care coverage. (₹100,000)"
2749,uttarakhand-senior-citizen-specialized-geriatric-care,Senior Citizen Specialized Geriatric Care,Direct Cash Transfer (DBT),15000.0,One-Time,"Free cataract surgeries, hearing aids, and doorstep chronic care medicine. (₹15,000)"
2618,uttar-pradesh-phase-2-old-age-social-security-pension,Old Age Social Security Pension,Monthly Social Security Pension,12000.0,Monthly,"Monthly direct benefit transfer pension for elderly citizens aged 60 and above. (₹12,000)"
2619,uttar-pradesh-phase-2-divyangjan-disability-monthly-pension,Divyangjan Disability Monthly Pension,Monthly Social Security Pension,18000.0,Monthly,"Monthly financial support and motorized tricycle allowance for disabled persons. (₹18,000)"
2620,uttar-pradesh-phase-2-antyodaya-subsidized-food-security,Antyodaya Subsidized Food Security,Subsidized Food & Nutrition,8000.0,Monthly,"Subsidized monthly ration of 35kg foodgrains for poorest-of-poor households. (₹8,000)"
2621,uttar-pradesh-phase-2-sanitation-workers-rehabilitation-grant,Sanitation Workers Rehabilitation Grant,Asset & Equipment Subsidy,40000.0,One-Time,"Capital subsidy and skill retraining for sanitary workers and sewer workers. (₹40,000)"
2622,uttar-pradesh-phase-2-tribal-livelihood-forest-produce-grant,Tribal Livelihood & Forest Produce Grant,Asset & Equipment Subsidy,20000.0,One-Time,"Direct procurement support and value addition subsidy for minor forest produce. (₹20,000)"
2623,uttar-pradesh-phase-2-youth-apprenticeship-monthly-stipend,Youth Apprenticeship Monthly Stipend,Scholarship & Academic Stipend,18000.0,Monthly,"Direct government stipend top-up for technical industrial apprenticeships. (₹18,000)"
2624,uttar-pradesh-phase-2-artisan-craftsman-modern-tool-kit-grant,Artisan & Craftsman Modern Tool Kit Grant,Subsidized / Collateral-Free Loan,20000.0,One-Time,"Free motorized toolkits and collateral-free micro credit for traditional artisans. (₹20,000)"
2625,uttar-pradesh-phase-2-rural-youth-driving-heavy-machinery-training,Rural Youth Driving & Heavy Machinery Training,Asset & Equipment Subsidy,25000.0,One-Time,"100% sponsored commercial vehicle and excavator driver training. (₹25,000)"
2626,uttar-pradesh-phase-2-it-emerging-tech-bootcamp-voucher,IT & Emerging Tech Bootcamp Voucher,Scholarship & Academic Stipend,35000.0,One-Time,"Full tuition sponsorship for AI, Cloud, and Software certification bootcamps. (₹35,000)"
2627,uttar-pradesh-phase-2-self-employment-micro-credit-guarantee,Self-Employment Micro-Credit Guarantee,Subsidized / Collateral-Free Loan,500000.0,One-Time,"Collateral-free subsidized loan up to ₹5 Lakh for starting local enterprises. (₹100,000)"
2628,uttar-pradesh-phase-2-pucca-house-construction-subsidy,Pucca House Construction Subsidy,Asset & Equipment Subsidy,150000.0,Quarterly,"Direct installment financial grant for building disaster-resilient pucca home. (₹150,000)"
2629,uttar-pradesh-phase-2-rooftop-solar-green-energy-assistance,Rooftop Solar & Green Energy Assistance,Asset & Equipment Subsidy,50000.0,One-Time,"Capital subsidy for grid-connected rooftop solar installation for homeowners. (₹50,000)"
2630,uttar-pradesh-phase-2-slum-rehabilitation-ews-flat-allocation,Slum Rehabilitation & EWS Flat Allocation,Asset & Equipment Subsidy,250000.0,One-Time,"Subsidized ownership allotment of 1BHK flats with basic civic amenities. (₹250,000)"
2631,uttar-pradesh-phase-2-rural-toilet-water-tap-incentive,Rural Toilet & Water Tap Incentive,Direct Cash Transfer (DBT),12000.0,One-Time,"Financial assistance for individual household latrines and clean piped tap. (₹12,000)"
2632,uttar-pradesh-phase-2-micro-enterprise-collateral-free-loan,Micro Enterprise Collateral-Free Loan,Subsidized / Collateral-Free Loan,1000000.0,One-Time,"Guaranteed working capital and equipment loan up to ₹10 Lakh at subsidized interest. (₹200,000)"
2633,uttar-pradesh-phase-2-women-entrepreneur-startup-grant,Women Entrepreneur Startup Grant,Direct Cash Transfer (DBT),100000.0,One-Time,"Seed funding capital grant for innovative women-founded MSME ventures. (₹100,000)"
2634,uttar-pradesh-phase-2-export-promotion-quality-certification-subsidy,Export Promotion & Quality Certification Subsidy,Asset & Equipment Subsidy,75000.0,One-Time,"Reimbursement for ISO, ZED, and international trade mark registration costs. (₹75,000)"
2635,uttar-pradesh-phase-2-credit-linked-capital-subsidy-for-tech-upgradation,Credit Linked Capital Subsidy for Tech Upgradation,Asset & Equipment Subsidy,150000.0,One-Time,"15% upfront capital subsidy for machinery modernization in manufacturing. (₹150,000)"
2636,uttar-pradesh-phase-2-e-vehicle-green-mobility-subsidy,E-Vehicle & Green Mobility Subsidy,Asset & Equipment Subsidy,20000.0,One-Time,"Direct cash incentive on purchase of electric 2-wheelers and 3-wheelers. (₹20,000)"
2637,uttar-pradesh-phase-2-rainwater-harvesting-ground-water-recharge-grant,Rainwater Harvesting & Ground Water Recharge Grant,Asset & Equipment Subsidy,15000.0,One-Time,"Subsidized rooftop rainwater harvesting system for individual residences. (₹15,000)"
2638,uttar-pradesh-phase-2-bio-gas-cattle-dung-renewable-plant-subsidy,Bio-Gas & Cattle Dung Renewable Plant Subsidy,Asset & Equipment Subsidy,18000.0,One-Time,"Financial support for installing domestic Gobar-Dhan biogas units. (₹18,000)"
2639,uttar-pradesh-phase-3-kisan-samriddhi-crop-assistance,Kisan Samriddhi & Crop Assistance,Asset & Equipment Subsidy,6000.0,One-Time,"Financial input subsidy for seed, fertilizer, and organic cultivation equipment. (₹6,000)"
2640,uttar-pradesh-phase-3-solar-krishi-pump-subsidy,Solar Krishi Pump Subsidy,Asset & Equipment Subsidy,75000.0,One-Time,"Up to 90% capital subsidy for installing off-grid solar irrigation pumps. (₹75,000)"
2641,uttar-pradesh-phase-3-horticulture-drip-irrigation-grant,Horticulture & Drip Irrigation Grant,Asset & Equipment Subsidy,25000.0,One-Time,"Direct subsidy for drip, sprinkler, and precision micro-irrigation installation. (₹25,000)"
2642,uttar-pradesh-phase-3-dairy-cattle-development-incentive,Dairy & Cattle Development Incentive,Direct Cash Transfer (DBT),40000.0,One-Time,"Financial assistance for purchasing high-yield milch cows and buffaloes. (₹40,000)"
2643,uttar-pradesh-phase-3-fodder-cultivation-animal-care-grant,Fodder Cultivation & Animal Care Grant,Asset & Equipment Subsidy,12000.0,One-Time,"Subsidized silage, quality seeds, and livestock health vaccination support. (₹12,000)"
2644,uttar-pradesh-phase-3-fisheries-pond-biofloc-support,Fisheries Pond & Biofloc Support,Direct Cash Transfer (DBT),50000.0,One-Time,"Capital grant for biofloc fish farming, fingerling supply, and aerators. (₹50,000)"
2645,uttar-pradesh-phase-3-soil-health-organic-farming-mission,Soil Health & Organic Farming Mission,Direct Cash Transfer (DBT),8000.0,One-Time,"Free soil nutrient testing kit and bio-compost financial top-up grant. (₹8,000)"
2646,uttar-pradesh-phase-3-farm-mechanization-rotavator-subsidy,Farm Mechanization & Rotavator Subsidy,Asset & Equipment Subsidy,60000.0,One-Time,"Up to 50% subsidy on modern harvesters, rotavators, and custom hiring centers. (₹60,000)"
2647,uttar-pradesh-phase-3-post-matric-merit-scholarship,Post-Matric Merit Scholarship,Scholarship & Academic Stipend,18000.0,One-Time,"Tuition fee waiver and maintenance stipend for higher collegiate education. (₹18,000)"
2648,uttar-pradesh-phase-3-free-digital-tablet-laptop-distribution,Free Digital Tablet & Laptop Distribution,Asset & Equipment Subsidy,15000.0,One-Time,"High-speed digital learning devices distributed to meritorious board students. (₹15,000)"
2649,uttar-pradesh-phase-3-competitive-exam-coaching-assistance,Competitive Exam Coaching Assistance,Scholarship & Academic Stipend,50000.0,One-Time,"100% sponsored classroom coaching for UPSC, PSC, JEE, and NEET exams. (₹50,000)"
2650,uttar-pradesh-phase-3-girl-child-higher-education-incentive,Girl Child Higher Education Incentive,Direct Cash Transfer (DBT),25000.0,One-Time,"Direct milestone grant upon enrolling in undergraduate degree programs. (₹25,000)"
2651,uttar-pradesh-phase-3-technical-polytechnic-skill-stipend,Technical & Polytechnic Skill Stipend,Scholarship & Academic Stipend,12000.0,Monthly,"Monthly allowance for students pursuing diploma and industrial training. (₹12,000)"
2652,uttar-pradesh-phase-3-overseas-education-scholarship-for-ews,Overseas Education Scholarship for EWS,Subsidized / Collateral-Free Loan,500000.0,One-Time,"Educational loan interest subsidy for foreign universities. (₹500,000)"
2653,uttar-pradesh-phase-3-special-education-aid-for-divyang-students,Special Education Aid for Divyang Students,Direct Cash Transfer (DBT),20000.0,One-Time,"Assistive braille, hearing aids, and transport allowance for disabled students. (₹20,000)"
2654,uttar-pradesh-phase-3-matru-kalyan-nutrition-dbt,Matru Kalyan & Nutrition DBT,Subsidized Food & Nutrition,6000.0,One-Time,"Conditional cash transfer across pregnancy trimesters and post-natal care. (₹6,000)"
2655,uttar-pradesh-phase-3-mahila-swavalamban-livelihood-grant,Mahila Swavalamban Livelihood Grant,Direct Cash Transfer (DBT),50000.0,One-Time,"Revolving seed fund for women Self-Help Groups (SHGs) to start enterprises. (₹50,000)"
2656,uttar-pradesh-phase-3-kanya-vivah-marriage-assistance,Kanya Vivah & Marriage Assistance,Direct Cash Transfer (DBT),51000.0,One-Time,"Direct financial grant for marriage of daughters from economically weaker families. (₹51,000)"
2657,uttar-pradesh-phase-3-working-women-hostel-transport-subsidy,Working Women Hostel & Transport Subsidy,Asset & Equipment Subsidy,15000.0,Monthly,"Subsidized secure safe housing and monthly urban commute pass. (₹15,000)"
2658,uttar-pradesh-phase-3-single-mother-destitute-women-pension,Single Mother & Destitute Women Pension,Monthly Social Security Pension,15000.0,Monthly,"Monthly social security pension for widowed and abandoned women. (₹15,000)"
2659,uttar-pradesh-phase-3-sukanya-samriddhi-high-interest-top-up,Sukanya Samriddhi High-Interest Top-Up,Asset & Equipment Subsidy,10000.0,One-Time,"State government interest subsidy top-up on girl child savings accounts. (₹10,000)"
2660,uttar-pradesh-phase-3-universal-cashless-health-insurance,Universal Cashless Health Insurance,Health & Accidental Insurance Cover,500000.0,Annual,"Annual cashless hospitalization and surgical treatment cover in network hospitals. (₹500,000)"
2661,uttar-pradesh-phase-3-critical-illness-relief-fund-cancer-kidney,Critical Illness Relief Fund (Cancer & Kidney),Health & Accidental Insurance Cover,200000.0,Claim-Based,"One-time financial relief grant for dialysis, chemotherapy, and heart surgery. (₹200,000)"
2662,uttar-pradesh-phase-3-free-diagnostic-tests-medicine-scheme,Free Diagnostic Tests & Medicine Scheme,Direct Cash Transfer (DBT),10000.0,One-Time,"100% free prescription drugs and pathology tests at government clinics. (₹10,000)"
2663,uttar-pradesh-phase-3-senior-citizen-specialized-geriatric-care,Senior Citizen Specialized Geriatric Care,Direct Cash Transfer (DBT),15000.0,One-Time,"Free cataract surgeries, hearing aids, and doorstep chronic care medicine. (₹15,000)"
2664,uttar-pradesh-phase-3-emergency-accidental-trauma-insurance,Emergency Accidental Trauma Insurance,Health & Accidental Insurance Cover,100000.0,Claim-Based,"Immediate cashless golden-hour emergency trauma care coverage. (₹100,000)"
2665,uttar-pradesh-phase-3-old-age-social-security-pension,Old Age Social Security Pension,Monthly Social Security Pension,12000.0,Monthly,"Monthly direct benefit transfer pension for elderly citizens aged 60 and above. (₹12,000)"
2666,uttar-pradesh-phase-3-divyangjan-disability-monthly-pension,Divyangjan Disability Monthly Pension,Monthly Social Security Pension,18000.0,Monthly,"Monthly financial support and motorized tricycle allowance for disabled persons. (₹18,000)"
2667,uttar-pradesh-phase-3-antyodaya-subsidized-food-security,Antyodaya Subsidized Food Security,Subsidized Food & Nutrition,8000.0,Monthly,"Subsidized monthly ration of 35kg foodgrains for poorest-of-poor households. (₹8,000)"
2668,uttar-pradesh-phase-3-sanitation-workers-rehabilitation-grant,Sanitation Workers Rehabilitation Grant,Asset & Equipment Subsidy,40000.0,One-Time,"Capital subsidy and skill retraining for sanitary workers and sewer workers. (₹40,000)"
2669,uttar-pradesh-phase-3-tribal-livelihood-forest-produce-grant,Tribal Livelihood & Forest Produce Grant,Asset & Equipment Subsidy,20000.0,One-Time,"Direct procurement support and value addition subsidy for minor forest produce. (₹20,000)"
2670,uttar-pradesh-phase-3-youth-apprenticeship-monthly-stipend,Youth Apprenticeship Monthly Stipend,Scholarship & Academic Stipend,18000.0,Monthly,"Direct government stipend top-up for technical industrial apprenticeships. (₹18,000)"
2671,uttar-pradesh-phase-3-artisan-craftsman-modern-tool-kit-grant,Artisan & Craftsman Modern Tool Kit Grant,Subsidized / Collateral-Free Loan,20000.0,One-Time,"Free motorized toolkits and collateral-free micro credit for traditional artisans. (₹20,000)"
2672,uttar-pradesh-phase-3-rural-youth-driving-heavy-machinery-training,Rural Youth Driving & Heavy Machinery Training,Asset & Equipment Subsidy,25000.0,One-Time,"100% sponsored commercial vehicle and excavator driver training. (₹25,000)"
2673,uttar-pradesh-phase-3-it-emerging-tech-bootcamp-voucher,IT & Emerging Tech Bootcamp Voucher,Scholarship & Academic Stipend,35000.0,One-Time,"Full tuition sponsorship for AI, Cloud, and Software certification bootcamps. (₹35,000)"
2674,uttar-pradesh-phase-3-self-employment-micro-credit-guarantee,Self-Employment Micro-Credit Guarantee,Subsidized / Collateral-Free Loan,500000.0,One-Time,"Collateral-free subsidized loan up to ₹5 Lakh for starting local enterprises. (₹100,000)"
2675,uttar-pradesh-phase-3-pucca-house-construction-subsidy,Pucca House Construction Subsidy,Asset & Equipment Subsidy,150000.0,Quarterly,"Direct installment financial grant for building disaster-resilient pucca home. (₹150,000)"
2676,uttar-pradesh-phase-3-rooftop-solar-green-energy-assistance,Rooftop Solar & Green Energy Assistance,Asset & Equipment Subsidy,50000.0,One-Time,"Capital subsidy for grid-connected rooftop solar installation for homeowners. (₹50,000)"
2677,uttar-pradesh-phase-3-slum-rehabilitation-ews-flat-allocation,Slum Rehabilitation & EWS Flat Allocation,Asset & Equipment Subsidy,250000.0,One-Time,"Subsidized ownership allotment of 1BHK flats with basic civic amenities. (₹250,000)"
2678,uttar-pradesh-phase-3-rural-toilet-water-tap-incentive,Rural Toilet & Water Tap Incentive,Direct Cash Transfer (DBT),12000.0,One-Time,"Financial assistance for individual household latrines and clean piped tap. (₹12,000)"
2679,uttar-pradesh-phase-3-micro-enterprise-collateral-free-loan,Micro Enterprise Collateral-Free Loan,Subsidized / Collateral-Free Loan,1000000.0,One-Time,"Guaranteed working capital and equipment loan up to ₹10 Lakh at subsidized interest. (₹200,000)"
2680,uttar-pradesh-phase-3-women-entrepreneur-startup-grant,Women Entrepreneur Startup Grant,Direct Cash Transfer (DBT),100000.0,One-Time,"Seed funding capital grant for innovative women-founded MSME ventures. (₹100,000)"
2681,uttar-pradesh-phase-3-export-promotion-quality-certification-subsidy,Export Promotion & Quality Certification Subsidy,Asset & Equipment Subsidy,75000.0,One-Time,"Reimbursement for ISO, ZED, and international trade mark registration costs. (₹75,000)"
2682,uttar-pradesh-phase-3-credit-linked-capital-subsidy-for-tech-upgradation,Credit Linked Capital Subsidy for Tech Upgradation,Asset & Equipment Subsidy,150000.0,One-Time,"15% upfront capital subsidy for machinery modernization in manufacturing. (₹150,000)"
2683,uttar-pradesh-phase-3-e-vehicle-green-mobility-subsidy,E-Vehicle & Green Mobility Subsidy,Asset & Equipment Subsidy,20000.0,One-Time,"Direct cash incentive on purchase of electric 2-wheelers and 3-wheelers. (₹20,000)"
2684,uttar-pradesh-phase-3-rainwater-harvesting-ground-water-recharge-grant,Rainwater Harvesting & Ground Water Recharge Grant,Asset & Equipment Subsidy,15000.0,One-Time,"Subsidized rooftop rainwater harvesting system for individual residences. (₹15,000)"
2685,uttar-pradesh-phase-3-bio-gas-cattle-dung-renewable-plant-subsidy,Bio-Gas & Cattle Dung Renewable Plant Subsidy,Asset & Equipment Subsidy,18000.0,One-Time,"Financial support for installing domestic Gobar-Dhan biogas units. (₹18,000)"
2686,uttar-pradesh-phase-4-kisan-samriddhi-crop-assistance,Kisan Samriddhi & Crop Assistance,Asset & Equipment Subsidy,6000.0,One-Time,"Financial input subsidy for seed, fertilizer, and organic cultivation equipment. (₹6,000)"
2687,uttar-pradesh-phase-4-solar-krishi-pump-subsidy,Solar Krishi Pump Subsidy,Asset & Equipment Subsidy,75000.0,One-Time,"Up to 90% capital subsidy for installing off-grid solar irrigation pumps. (₹75,000)"
2688,uttar-pradesh-phase-4-horticulture-drip-irrigation-grant,Horticulture & Drip Irrigation Grant,Asset & Equipment Subsidy,25000.0,One-Time,"Direct subsidy for drip, sprinkler, and precision micro-irrigation installation. (₹25,000)"
2689,uttar-pradesh-phase-4-dairy-cattle-development-incentive,Dairy & Cattle Development Incentive,Direct Cash Transfer (DBT),40000.0,One-Time,"Financial assistance for purchasing high-yield milch cows and buffaloes. (₹40,000)"
2690,uttar-pradesh-phase-4-fodder-cultivation-animal-care-grant,Fodder Cultivation & Animal Care Grant,Asset & Equipment Subsidy,12000.0,One-Time,"Subsidized silage, quality seeds, and livestock health vaccination support. (₹12,000)"
2691,uttar-pradesh-phase-4-fisheries-pond-biofloc-support,Fisheries Pond & Biofloc Support,Direct Cash Transfer (DBT),50000.0,One-Time,"Capital grant for biofloc fish farming, fingerling supply, and aerators. (₹50,000)"
2692,uttar-pradesh-phase-4-soil-health-organic-farming-mission,Soil Health & Organic Farming Mission,Direct Cash Transfer (DBT),8000.0,One-Time,"Free soil nutrient testing kit and bio-compost financial top-up grant. (₹8,000)"
2693,uttar-pradesh-phase-4-farm-mechanization-rotavator-subsidy,Farm Mechanization & Rotavator Subsidy,Asset & Equipment Subsidy,60000.0,One-Time,"Up to 50% subsidy on modern harvesters, rotavators, and custom hiring centers. (₹60,000)"
2694,uttar-pradesh-phase-4-post-matric-merit-scholarship,Post-Matric Merit Scholarship,Scholarship & Academic Stipend,18000.0,One-Time,"Tuition fee waiver and maintenance stipend for higher collegiate education. (₹18,000)"
2695,uttar-pradesh-phase-4-free-digital-tablet-laptop-distribution,Free Digital Tablet & Laptop Distribution,Asset & Equipment Subsidy,15000.0,One-Time,"High-speed digital learning devices distributed to meritorious board students. (₹15,000)"
2696,uttar-pradesh-phase-4-competitive-exam-coaching-assistance,Competitive Exam Coaching Assistance,Scholarship & Academic Stipend,50000.0,One-Time,"100% sponsored classroom coaching for UPSC, PSC, JEE, and NEET exams. (₹50,000)"
2697,uttar-pradesh-phase-4-girl-child-higher-education-incentive,Girl Child Higher Education Incentive,Direct Cash Transfer (DBT),25000.0,One-Time,"Direct milestone grant upon enrolling in undergraduate degree programs. (₹25,000)"
2698,uttar-pradesh-phase-4-technical-polytechnic-skill-stipend,Technical & Polytechnic Skill Stipend,Scholarship & Academic Stipend,12000.0,Monthly,"Monthly allowance for students pursuing diploma and industrial training. (₹12,000)"
2699,uttar-pradesh-phase-4-overseas-education-scholarship-for-ews,Overseas Education Scholarship for EWS,Subsidized / Collateral-Free Loan,500000.0,One-Time,"Educational loan interest subsidy for foreign universities. (₹500,000)"
2700,uttar-pradesh-phase-4-special-education-aid-for-divyang-students,Special Education Aid for Divyang Students,Direct Cash Transfer (DBT),20000.0,One-Time,"Assistive braille, hearing aids, and transport allowance for disabled students. (₹20,000)"
2701,uttar-pradesh-phase-4-matru-kalyan-nutrition-dbt,Matru Kalyan & Nutrition DBT,Subsidized Food & Nutrition,6000.0,One-Time,"Conditional cash transfer across pregnancy trimesters and post-natal care. (₹6,000)"
2702,uttar-pradesh-phase-4-mahila-swavalamban-livelihood-grant,Mahila Swavalamban Livelihood Grant,Direct Cash Transfer (DBT),50000.0,One-Time,"Revolving seed fund for women Self-Help Groups (SHGs) to start enterprises. (₹50,000)"
2703,uttar-pradesh-phase-4-kanya-vivah-marriage-assistance,Kanya Vivah & Marriage Assistance,Direct Cash Transfer (DBT),51000.0,One-Time,"Direct financial grant for marriage of daughters from economically weaker families. (₹51,000)"
2704,uttar-pradesh-phase-4-working-women-hostel-transport-subsidy,Working Women Hostel & Transport Subsidy,Asset & Equipment Subsidy,15000.0,Monthly,"Subsidized secure safe housing and monthly urban commute pass. (₹15,000)"
2705,uttar-pradesh-phase-4-single-mother-destitute-women-pension,Single Mother & Destitute Women Pension,Monthly Social Security Pension,15000.0,Monthly,"Monthly social security pension for widowed and abandoned women. (₹15,000)"
2706,uttar-pradesh-phase-4-sukanya-samriddhi-high-interest-top-up,Sukanya Samriddhi High-Interest Top-Up,Asset & Equipment Subsidy,10000.0,One-Time,"State government interest subsidy top-up on girl child savings accounts. (₹10,000)"
2707,uttar-pradesh-phase-4-universal-cashless-health-insurance,Universal Cashless Health Insurance,Health & Accidental Insurance Cover,500000.0,Annual,"Annual cashless hospitalization and surgical treatment cover in network hospitals. (₹500,000)"
2708,uttar-pradesh-phase-4-critical-illness-relief-fund-cancer-kidney,Critical Illness Relief Fund (Cancer & Kidney),Health & Accidental Insurance Cover,200000.0,Claim-Based,"One-time financial relief grant for dialysis, chemotherapy, and heart surgery. (₹200,000)"
2709,uttar-pradesh-phase-4-free-diagnostic-tests-medicine-scheme,Free Diagnostic Tests & Medicine Scheme,Direct Cash Transfer (DBT),10000.0,One-Time,"100% free prescription drugs and pathology tests at government clinics. (₹10,000)"
2710,uttar-pradesh-phase-4-senior-citizen-specialized-geriatric-care,Senior Citizen Specialized Geriatric Care,Direct Cash Transfer (DBT),15000.0,One-Time,"Free cataract surgeries, hearing aids, and doorstep chronic care medicine. (₹15,000)"
2711,uttar-pradesh-phase-4-emergency-accidental-trauma-insurance,Emergency Accidental Trauma Insurance,Health & Accidental Insurance Cover,100000.0,Claim-Based,"Immediate cashless golden-hour emergency trauma care coverage. (₹100,000)"
2712,uttar-pradesh-phase-4-old-age-social-security-pension,Old Age Social Security Pension,Monthly Social Security Pension,12000.0,Monthly,"Monthly direct benefit transfer pension for elderly citizens aged 60 and above. (₹12,000)"
2713,uttar-pradesh-phase-4-divyangjan-disability-monthly-pension,Divyangjan Disability Monthly Pension,Monthly Social Security Pension,18000.0,Monthly,"Monthly financial support and motorized tricycle allowance for disabled persons. (₹18,000)"
2714,uttar-pradesh-phase-4-antyodaya-subsidized-food-security,Antyodaya Subsidized Food Security,Subsidized Food & Nutrition,8000.0,Monthly,"Subsidized monthly ration of 35kg foodgrains for poorest-of-poor households. (₹8,000)"
2715,uttar-pradesh-phase-4-sanitation-workers-rehabilitation-grant,Sanitation Workers Rehabilitation Grant,Asset & Equipment Subsidy,40000.0,One-Time,"Capital subsidy and skill retraining for sanitary workers and sewer workers. (₹40,000)"
2716,uttar-pradesh-phase-4-tribal-livelihood-forest-produce-grant,Tribal Livelihood & Forest Produce Grant,Asset & Equipment Subsidy,20000.0,One-Time,"Direct procurement support and value addition subsidy for minor forest produce. (₹20,000)"
2717,uttar-pradesh-phase-4-youth-apprenticeship-monthly-stipend,Youth Apprenticeship Monthly Stipend,Scholarship & Academic Stipend,18000.0,Monthly,"Direct government stipend top-up for technical industrial apprenticeships. (₹18,000)"
2718,uttar-pradesh-phase-4-artisan-craftsman-modern-tool-kit-grant,Artisan & Craftsman Modern Tool Kit Grant,Subsidized / Collateral-Free Loan,20000.0,One-Time,"Free motorized toolkits and collateral-free micro credit for traditional artisans. (₹20,000)"
2719,uttar-pradesh-phase-4-rural-youth-driving-heavy-machinery-training,Rural Youth Driving & Heavy Machinery Training,Asset & Equipment Subsidy,25000.0,One-Time,"100% sponsored commercial vehicle and excavator driver training. (₹25,000)"
2720,uttar-pradesh-phase-4-it-emerging-tech-bootcamp-voucher,IT & Emerging Tech Bootcamp Voucher,Scholarship & Academic Stipend,35000.0,One-Time,"Full tuition sponsorship for AI, Cloud, and Software certification bootcamps. (₹35,000)"
2721,uttar-pradesh-phase-4-self-employment-micro-credit-guarantee,Self-Employment Micro-Credit Guarantee,Subsidized / Collateral-Free Loan,500000.0,One-Time,"Collateral-free subsidized loan up to ₹5 Lakh for starting local enterprises. (₹100,000)"
2722,uttar-pradesh-phase-4-pucca-house-construction-subsidy,Pucca House Construction Subsidy,Asset & Equipment Subsidy,150000.0,Quarterly,"Direct installment financial grant for building disaster-resilient pucca home. (₹150,000)"
2723,uttar-pradesh-phase-4-rooftop-solar-green-energy-assistance,Rooftop Solar & Green Energy Assistance,Asset & Equipment Subsidy,50000.0,One-Time,"Capital subsidy for grid-connected rooftop solar installation for homeowners. (₹50,000)"
2724,uttar-pradesh-phase-4-slum-rehabilitation-ews-flat-allocation,Slum Rehabilitation & EWS Flat Allocation,Asset & Equipment Subsidy,250000.0,One-Time,"Subsidized ownership allotment of 1BHK flats with basic civic amenities. (₹250,000)"
2725,uttarakhand-kisan-samriddhi-crop-assistance,Kisan Samriddhi & Crop Assistance,Asset & Equipment Subsidy,6000.0,One-Time,"Financial input subsidy for seed, fertilizer, and organic cultivation equipment. (₹6,000)"
2726,uttarakhand-solar-krishi-pump-subsidy,Solar Krishi Pump Subsidy,Asset & Equipment Subsidy,75000.0,One-Time,"Up to 90% capital subsidy for installing off-grid solar irrigation pumps. (₹75,000)"
2727,uttarakhand-horticulture-drip-irrigation-grant,Horticulture & Drip Irrigation Grant,Asset & Equipment Subsidy,25000.0,One-Time,"Direct subsidy for drip, sprinkler, and precision micro-irrigation installation. (₹25,000)"
2728,uttarakhand-dairy-cattle-development-incentive,Dairy & Cattle Development Incentive,Direct Cash Transfer (DBT),40000.0,One-Time,"Financial assistance for purchasing high-yield milch cows and buffaloes. (₹40,000)"
2729,uttarakhand-fodder-cultivation-animal-care-grant,Fodder Cultivation & Animal Care Grant,Asset & Equipment Subsidy,12000.0,One-Time,"Subsidized silage, quality seeds, and livestock health vaccination support. (₹12,000)"
2730,uttarakhand-fisheries-pond-biofloc-support,Fisheries Pond & Biofloc Support,Direct Cash Transfer (DBT),50000.0,One-Time,"Capital grant for biofloc fish farming, fingerling supply, and aerators. (₹50,000)"
2731,uttarakhand-soil-health-organic-farming-mission,Soil Health & Organic Farming Mission,Direct Cash Transfer (DBT),8000.0,One-Time,"Free soil nutrient testing kit and bio-compost financial top-up grant. (₹8,000)"
2732,uttarakhand-farm-mechanization-rotavator-subsidy,Farm Mechanization & Rotavator Subsidy,Asset & Equipment Subsidy,60000.0,One-Time,"Up to 50% subsidy on modern harvesters, rotavators, and custom hiring centers. (₹60,000)"
2734,uttarakhand-free-digital-tablet-laptop-distribution,Free Digital Tablet & Laptop Distribution,Asset & Equipment Subsidy,15000.0,One-Time,"High-speed digital learning devices distributed to meritorious board students. (₹15,000)"
2735,uttarakhand-competitive-exam-coaching-assistance,Competitive Exam Coaching Assistance,Scholarship & Academic Stipend,50000.0,One-Time,"100% sponsored classroom coaching for UPSC, PSC, JEE, and NEET exams. (₹50,000)"
2736,uttarakhand-girl-child-higher-education-incentive,Girl Child Higher Education Incentive,Direct Cash Transfer (DBT),25000.0,One-Time,"Direct milestone grant upon enrolling in undergraduate degree programs. (₹25,000)"
2737,uttarakhand-technical-polytechnic-skill-stipend,Technical & Polytechnic Skill Stipend,Scholarship & Academic Stipend,12000.0,Monthly,"Monthly allowance for students pursuing diploma and industrial training. (₹12,000)"
2738,uttarakhand-overseas-education-scholarship-for-ews,Overseas Education Scholarship for EWS,Subsidized / Collateral-Free Loan,500000.0,One-Time,"Educational loan interest subsidy for foreign universities. (₹500,000)"
2739,uttarakhand-special-education-aid-for-divyang-students,Special Education Aid for Divyang Students,Direct Cash Transfer (DBT),20000.0,One-Time,"Assistive braille, hearing aids, and transport allowance for disabled students. (₹20,000)"
2740,uttarakhand-matru-kalyan-nutrition-dbt,Matru Kalyan & Nutrition DBT,Subsidized Food & Nutrition,6000.0,One-Time,"Conditional cash transfer across pregnancy trimesters and post-natal care. (₹6,000)"
2741,uttarakhand-mahila-swavalamban-livelihood-grant,Mahila Swavalamban Livelihood Grant,Direct Cash Transfer (DBT),50000.0,One-Time,"Revolving seed fund for women Self-Help Groups (SHGs) to start enterprises. (₹50,000)"
2742,uttarakhand-kanya-vivah-marriage-assistance,Kanya Vivah & Marriage Assistance,Direct Cash Transfer (DBT),51000.0,One-Time,"Direct financial grant for marriage of daughters from economically weaker families. (₹51,000)"
2743,uttarakhand-working-women-hostel-transport-subsidy,Working Women Hostel & Transport Subsidy,Asset & Equipment Subsidy,15000.0,Monthly,"Subsidized secure safe housing and monthly urban commute pass. (₹15,000)"
2744,uttarakhand-single-mother-destitute-women-pension,Single Mother & Destitute Women Pension,Monthly Social Security Pension,15000.0,Monthly,"Monthly social security pension for widowed and abandoned women. (₹15,000)"
2745,uttarakhand-sukanya-samriddhi-high-interest-top-up,Sukanya Samriddhi High-Interest Top-Up,Asset & Equipment Subsidy,10000.0,One-Time,"State government interest subsidy top-up on girl child savings accounts. (₹10,000)"
2746,uttarakhand-universal-cashless-health-insurance,Universal Cashless Health Insurance,Health & Accidental Insurance Cover,500000.0,Annual,"Annual cashless hospitalization and surgical treatment cover in network hospitals. (₹500,000)"
2747,uttarakhand-critical-illness-relief-fund-cancer-kidney,Critical Illness Relief Fund (Cancer & Kidney),Health & Accidental Insurance Cover,200000.0,Claim-Based,"One-time financial relief grant for dialysis, chemotherapy, and heart surgery. (₹200,000)"
2748,uttarakhand-free-diagnostic-tests-medicine-scheme,Free Diagnostic Tests & Medicine Scheme,Direct Cash Transfer (DBT),10000.0,One-Time,"100% free prescription drugs and pathology tests at government clinics. (₹10,000)"
2750,uttarakhand-emergency-accidental-trauma-insurance,Emergency Accidental Trauma Insurance,Health & Accidental Insurance Cover,100000.0,Claim-Based,"Immediate cashless golden-hour emergency trauma care coverage. (₹100,000)"
2751,uttarakhand-old-age-social-security-pension,Old Age Social Security Pension,Monthly Social Security Pension,12000.0,Monthly,"Monthly direct benefit transfer pension for elderly citizens aged 60 and above. (₹12,000)"
2752,uttarakhand-divyangjan-disability-monthly-pension,Divyangjan Disability Monthly Pension,Monthly Social Security Pension,18000.0,Monthly,"Monthly financial support and motorized tricycle allowance for disabled persons. (₹18,000)"
2753,uttarakhand-antyodaya-subsidized-food-security,Antyodaya Subsidized Food Security,Subsidized Food & Nutrition,8000.0,Monthly,"Subsidized monthly ration of 35kg foodgrains for poorest-of-poor households. (₹8,000)"
2754,uttarakhand-sanitation-workers-rehabilitation-grant,Sanitation Workers Rehabilitation Grant,Asset & Equipment Subsidy,40000.0,One-Time,"Capital subsidy and skill retraining for sanitary workers and sewer workers. (₹40,000)"
2755,uttarakhand-tribal-livelihood-forest-produce-grant,Tribal Livelihood & Forest Produce Grant,Asset & Equipment Subsidy,20000.0,One-Time,"Direct procurement support and value addition subsidy for minor forest produce. (₹20,000)"
2756,uttarakhand-youth-apprenticeship-monthly-stipend,Youth Apprenticeship Monthly Stipend,Scholarship & Academic Stipend,18000.0,Monthly,"Direct government stipend top-up for technical industrial apprenticeships. (₹18,000)"
2757,uttarakhand-artisan-craftsman-modern-tool-kit-grant,Artisan & Craftsman Modern Tool Kit Grant,Subsidized / Collateral-Free Loan,20000.0,One-Time,"Free motorized toolkits and collateral-free micro credit for traditional artisans. (₹20,000)"
2758,uttarakhand-rural-youth-driving-heavy-machinery-training,Rural Youth Driving & Heavy Machinery Training,Asset & Equipment Subsidy,25000.0,One-Time,"100% sponsored commercial vehicle and excavator driver training. (₹25,000)"
2759,uttarakhand-it-emerging-tech-bootcamp-voucher,IT & Emerging Tech Bootcamp Voucher,Scholarship & Academic Stipend,35000.0,One-Time,"Full tuition sponsorship for AI, Cloud, and Software certification bootcamps. (₹35,000)"
2760,uttarakhand-self-employment-micro-credit-guarantee,Self-Employment Micro-Credit Guarantee,Subsidized / Collateral-Free Loan,500000.0,One-Time,"Collateral-free subsidized loan up to ₹5 Lakh for starting local enterprises. (₹100,000)"
2761,uttarakhand-pucca-house-construction-subsidy,Pucca House Construction Subsidy,Asset & Equipment Subsidy,150000.0,Quarterly,"Direct installment financial grant for building disaster-resilient pucca home. (₹150,000)"
2762,uttarakhand-rooftop-solar-green-energy-assistance,Rooftop Solar & Green Energy Assistance,Asset & Equipment Subsidy,50000.0,One-Time,"Capital subsidy for grid-connected rooftop solar installation for homeowners. (₹50,000)"
2763,uttarakhand-slum-rehabilitation-ews-flat-allocation,Slum Rehabilitation & EWS Flat Allocation,Asset & Equipment Subsidy,250000.0,One-Time,"Subsidized ownership allotment of 1BHK flats with basic civic amenities. (₹250,000)"
2764,uttarakhand-rural-toilet-water-tap-incentive,Rural Toilet & Water Tap Incentive,Direct Cash Transfer (DBT),12000.0,One-Time,"Financial assistance for individual household latrines and clean piped tap. (₹12,000)"
2765,uttarakhand-micro-enterprise-collateral-free-loan,Micro Enterprise Collateral-Free Loan,Subsidized / Collateral-Free Loan,1000000.0,One-Time,"Guaranteed working capital and equipment loan up to ₹10 Lakh at subsidized interest. (₹200,000)"
2766,uttarakhand-women-entrepreneur-startup-grant,Women Entrepreneur Startup Grant,Direct Cash Transfer (DBT),100000.0,One-Time,"Seed funding capital grant for innovative women-founded MSME ventures. (₹100,000)"
2767,uttarakhand-export-promotion-quality-certification-subsidy,Export Promotion & Quality Certification Subsidy,Asset & Equipment Subsidy,75000.0,One-Time,"Reimbursement for ISO, ZED, and international trade mark registration costs. (₹75,000)"
2768,uttarakhand-credit-linked-capital-subsidy-for-tech-upgradation,Credit Linked Capital Subsidy for Tech Upgradation,Asset & Equipment Subsidy,150000.0,One-Time,"15% upfront capital subsidy for machinery modernization in manufacturing. (₹150,000)"
2769,uttarakhand-e-vehicle-green-mobility-subsidy,E-Vehicle & Green Mobility Subsidy,Asset & Equipment Subsidy,20000.0,One-Time,"Direct cash incentive on purchase of electric 2-wheelers and 3-wheelers. (₹20,000)"
2770,uttarakhand-rainwater-harvesting-ground-water-recharge-grant,Rainwater Harvesting & Ground Water Recharge Grant,Asset & Equipment Subsidy,15000.0,One-Time,"Subsidized rooftop rainwater harvesting system for individual residences. (₹15,000)"
2771,uttarakhand-bio-gas-cattle-dung-renewable-plant-subsidy,Bio-Gas & Cattle Dung Renewable Plant Subsidy,Asset & Equipment Subsidy,18000.0,One-Time,"Financial support for installing domestic Gobar-Dhan biogas units. (₹18,000)"
2772,uttarakhand-phase-2-kisan-samriddhi-crop-assistance,Kisan Samriddhi & Crop Assistance,Asset & Equipment Subsidy,6000.0,One-Time,"Financial input subsidy for seed, fertilizer, and organic cultivation equipment. (₹6,000)"
2773,uttarakhand-phase-2-solar-krishi-pump-subsidy,Solar Krishi Pump Subsidy,Asset & Equipment Subsidy,75000.0,One-Time,"Up to 90% capital subsidy for installing off-grid solar irrigation pumps. (₹75,000)"
2774,uttarakhand-phase-2-horticulture-drip-irrigation-grant,Horticulture & Drip Irrigation Grant,Asset & Equipment Subsidy,25000.0,One-Time,"Direct subsidy for drip, sprinkler, and precision micro-irrigation installation. (₹25,000)"
2775,uttarakhand-phase-2-dairy-cattle-development-incentive,Dairy & Cattle Development Incentive,Direct Cash Transfer (DBT),40000.0,One-Time,"Financial assistance for purchasing high-yield milch cows and buffaloes. (₹40,000)"
2776,uttarakhand-phase-2-fodder-cultivation-animal-care-grant,Fodder Cultivation & Animal Care Grant,Asset & Equipment Subsidy,12000.0,One-Time,"Subsidized silage, quality seeds, and livestock health vaccination support. (₹12,000)"
2777,uttarakhand-phase-2-fisheries-pond-biofloc-support,Fisheries Pond & Biofloc Support,Direct Cash Transfer (DBT),50000.0,One-Time,"Capital grant for biofloc fish farming, fingerling supply, and aerators. (₹50,000)"
2778,uttarakhand-phase-2-soil-health-organic-farming-mission,Soil Health & Organic Farming Mission,Direct Cash Transfer (DBT),8000.0,One-Time,"Free soil nutrient testing kit and bio-compost financial top-up grant. (₹8,000)"
2779,uttarakhand-phase-2-farm-mechanization-rotavator-subsidy,Farm Mechanization & Rotavator Subsidy,Asset & Equipment Subsidy,60000.0,One-Time,"Up to 50% subsidy on modern harvesters, rotavators, and custom hiring centers. (₹60,000)"
2780,uttarakhand-phase-2-post-matric-merit-scholarship,Post-Matric Merit Scholarship,Scholarship & Academic Stipend,18000.0,One-Time,"Tuition fee waiver and maintenance stipend for higher collegiate education. (₹18,000)"
2781,uttarakhand-phase-2-free-digital-tablet-laptop-distribution,Free Digital Tablet & Laptop Distribution,Asset & Equipment Subsidy,15000.0,One-Time,"High-speed digital learning devices distributed to meritorious board students. (₹15,000)"
2782,uttarakhand-phase-2-competitive-exam-coaching-assistance,Competitive Exam Coaching Assistance,Scholarship & Academic Stipend,50000.0,One-Time,"100% sponsored classroom coaching for UPSC, PSC, JEE, and NEET exams. (₹50,000)"
2783,uttarakhand-phase-2-girl-child-higher-education-incentive,Girl Child Higher Education Incentive,Direct Cash Transfer (DBT),25000.0,One-Time,"Direct milestone grant upon enrolling in undergraduate degree programs. (₹25,000)"
2784,uttarakhand-phase-2-technical-polytechnic-skill-stipend,Technical & Polytechnic Skill Stipend,Scholarship & Academic Stipend,12000.0,Monthly,"Monthly allowance for students pursuing diploma and industrial training. (₹12,000)"
2785,uttarakhand-phase-2-overseas-education-scholarship-for-ews,Overseas Education Scholarship for EWS,Subsidized / Collateral-Free Loan,500000.0,One-Time,"Educational loan interest subsidy for foreign universities. (₹500,000)"
2786,uttarakhand-phase-2-special-education-aid-for-divyang-students,Special Education Aid for Divyang Students,Direct Cash Transfer (DBT),20000.0,One-Time,"Assistive braille, hearing aids, and transport allowance for disabled students. (₹20,000)"
2787,uttarakhand-phase-2-matru-kalyan-nutrition-dbt,Matru Kalyan & Nutrition DBT,Subsidized Food & Nutrition,6000.0,One-Time,"Conditional cash transfer across pregnancy trimesters and post-natal care. (₹6,000)"
2788,uttarakhand-phase-2-mahila-swavalamban-livelihood-grant,Mahila Swavalamban Livelihood Grant,Direct Cash Transfer (DBT),50000.0,One-Time,"Revolving seed fund for women Self-Help Groups (SHGs) to start enterprises. (₹50,000)"
2789,uttarakhand-phase-2-kanya-vivah-marriage-assistance,Kanya Vivah & Marriage Assistance,Direct Cash Transfer (DBT),51000.0,One-Time,"Direct financial grant for marriage of daughters from economically weaker families. (₹51,000)"
2790,uttarakhand-phase-2-working-women-hostel-transport-subsidy,Working Women Hostel & Transport Subsidy,Asset & Equipment Subsidy,15000.0,Monthly,"Subsidized secure safe housing and monthly urban commute pass. (₹15,000)"
2791,uttarakhand-phase-2-single-mother-destitute-women-pension,Single Mother & Destitute Women Pension,Monthly Social Security Pension,15000.0,Monthly,"Monthly social security pension for widowed and abandoned women. (₹15,000)"
2792,uttarakhand-phase-2-sukanya-samriddhi-high-interest-top-up,Sukanya Samriddhi High-Interest Top-Up,Asset & Equipment Subsidy,10000.0,One-Time,"State government interest subsidy top-up on girl child savings accounts. (₹10,000)"
2793,uttarakhand-phase-2-universal-cashless-health-insurance,Universal Cashless Health Insurance,Health & Accidental Insurance Cover,500000.0,Annual,"Annual cashless hospitalization and surgical treatment cover in network hospitals. (₹500,000)"
2794,uttarakhand-phase-2-critical-illness-relief-fund-cancer-kidney,Critical Illness Relief Fund (Cancer & Kidney),Health & Accidental Insurance Cover,200000.0,Claim-Based,"One-time financial relief grant for dialysis, chemotherapy, and heart surgery. (₹200,000)"
2795,uttarakhand-phase-2-free-diagnostic-tests-medicine-scheme,Free Diagnostic Tests & Medicine Scheme,Direct Cash Transfer (DBT),10000.0,One-Time,"100% free prescription drugs and pathology tests at government clinics. (₹10,000)"
2796,uttarakhand-phase-2-senior-citizen-specialized-geriatric-care,Senior Citizen Specialized Geriatric Care,Direct Cash Transfer (DBT),15000.0,One-Time,"Free cataract surgeries, hearing aids, and doorstep chronic care medicine. (₹15,000)"
2797,uttarakhand-phase-2-emergency-accidental-trauma-insurance,Emergency Accidental Trauma Insurance,Health & Accidental Insurance Cover,100000.0,Claim-Based,"Immediate cashless golden-hour emergency trauma care coverage. (₹100,000)"
2798,uttarakhand-phase-2-old-age-social-security-pension,Old Age Social Security Pension,Monthly Social Security Pension,12000.0,Monthly,"Monthly direct benefit transfer pension for elderly citizens aged 60 and above. (₹12,000)"
2799,uttarakhand-phase-2-divyangjan-disability-monthly-pension,Divyangjan Disability Monthly Pension,Monthly Social Security Pension,18000.0,Monthly,"Monthly financial support and motorized tricycle allowance for disabled persons. (₹18,000)"
2800,uttarakhand-phase-2-antyodaya-subsidized-food-security,Antyodaya Subsidized Food Security,Subsidized Food & Nutrition,8000.0,Monthly,"Subsidized monthly ration of 35kg foodgrains for poorest-of-poor households. (₹8,000)"
2801,uttarakhand-phase-2-sanitation-workers-rehabilitation-grant,Sanitation Workers Rehabilitation Grant,Asset & Equipment Subsidy,40000.0,One-Time,"Capital subsidy and skill retraining for sanitary workers and sewer workers. (₹40,000)"
2802,uttarakhand-phase-2-tribal-livelihood-forest-produce-grant,Tribal Livelihood & Forest Produce Grant,Asset & Equipment Subsidy,20000.0,One-Time,"Direct procurement support and value addition subsidy for minor forest produce. (₹20,000)"
2803,uttarakhand-phase-2-youth-apprenticeship-monthly-stipend,Youth Apprenticeship Monthly Stipend,Scholarship & Academic Stipend,18000.0,Monthly,"Direct government stipend top-up for technical industrial apprenticeships. (₹18,000)"
2804,uttarakhand-phase-2-artisan-craftsman-modern-tool-kit-grant,Artisan & Craftsman Modern Tool Kit Grant,Subsidized / Collateral-Free Loan,20000.0,One-Time,"Free motorized toolkits and collateral-free micro credit for traditional artisans. (₹20,000)"
2805,uttarakhand-phase-2-rural-youth-driving-heavy-machinery-training,Rural Youth Driving & Heavy Machinery Training,Asset & Equipment Subsidy,25000.0,One-Time,"100% sponsored commercial vehicle and excavator driver training. (₹25,000)"
2806,uttarakhand-phase-2-it-emerging-tech-bootcamp-voucher,IT & Emerging Tech Bootcamp Voucher,Scholarship & Academic Stipend,35000.0,One-Time,"Full tuition sponsorship for AI, Cloud, and Software certification bootcamps. (₹35,000)"
2807,uttarakhand-phase-2-self-employment-micro-credit-guarantee,Self-Employment Micro-Credit Guarantee,Subsidized / Collateral-Free Loan,500000.0,One-Time,"Collateral-free subsidized loan up to ₹5 Lakh for starting local enterprises. (₹100,000)"
2808,uttarakhand-phase-2-pucca-house-construction-subsidy,Pucca House Construction Subsidy,Asset & Equipment Subsidy,150000.0,Quarterly,"Direct installment financial grant for building disaster-resilient pucca home. (₹150,000)"
2809,uttarakhand-phase-2-rooftop-solar-green-energy-assistance,Rooftop Solar & Green Energy Assistance,Asset & Equipment Subsidy,50000.0,One-Time,"Capital subsidy for grid-connected rooftop solar installation for homeowners. (₹50,000)"
2810,west-bengal-kisan-samriddhi-crop-assistance,Kisan Samriddhi & Crop Assistance,Asset & Equipment Subsidy,6000.0,One-Time,"Financial input subsidy for seed, fertilizer, and organic cultivation equipment. (₹6,000)"
2811,west-bengal-solar-krishi-pump-subsidy,Solar Krishi Pump Subsidy,Asset & Equipment Subsidy,75000.0,One-Time,"Up to 90% capital subsidy for installing off-grid solar irrigation pumps. (₹75,000)"
2812,west-bengal-horticulture-drip-irrigation-grant,Horticulture & Drip Irrigation Grant,Asset & Equipment Subsidy,25000.0,One-Time,"Direct subsidy for drip, sprinkler, and precision micro-irrigation installation. (₹25,000)"
2813,west-bengal-dairy-cattle-development-incentive,Dairy & Cattle Development Incentive,Direct Cash Transfer (DBT),40000.0,One-Time,"Financial assistance for purchasing high-yield milch cows and buffaloes. (₹40,000)"
2814,west-bengal-fodder-cultivation-animal-care-grant,Fodder Cultivation & Animal Care Grant,Asset & Equipment Subsidy,12000.0,One-Time,"Subsidized silage, quality seeds, and livestock health vaccination support. (₹12,000)"
2815,west-bengal-fisheries-pond-biofloc-support,Fisheries Pond & Biofloc Support,Direct Cash Transfer (DBT),50000.0,One-Time,"Capital grant for biofloc fish farming, fingerling supply, and aerators. (₹50,000)"
2816,west-bengal-soil-health-organic-farming-mission,Soil Health & Organic Farming Mission,Direct Cash Transfer (DBT),8000.0,One-Time,"Free soil nutrient testing kit and bio-compost financial top-up grant. (₹8,000)"
2817,west-bengal-farm-mechanization-rotavator-subsidy,Farm Mechanization & Rotavator Subsidy,Asset & Equipment Subsidy,60000.0,One-Time,"Up to 50% subsidy on modern harvesters, rotavators, and custom hiring centers. (₹60,000)"
2818,west-bengal-post-matric-merit-scholarship,Post-Matric Merit Scholarship,Scholarship & Academic Stipend,18000.0,One-Time,"Tuition fee waiver and maintenance stipend for higher collegiate education. (₹18,000)"
2819,west-bengal-free-digital-tablet-laptop-distribution,Free Digital Tablet & Laptop Distribution,Asset & Equipment Subsidy,15000.0,One-Time,"High-speed digital learning devices distributed to meritorious board students. (₹15,000)"
2820,west-bengal-competitive-exam-coaching-assistance,Competitive Exam Coaching Assistance,Scholarship & Academic Stipend,50000.0,One-Time,"100% sponsored classroom coaching for UPSC, PSC, JEE, and NEET exams. (₹50,000)"
2821,west-bengal-girl-child-higher-education-incentive,Girl Child Higher Education Incentive,Direct Cash Transfer (DBT),25000.0,One-Time,"Direct milestone grant upon enrolling in undergraduate degree programs. (₹25,000)"
2822,west-bengal-technical-polytechnic-skill-stipend,Technical & Polytechnic Skill Stipend,Scholarship & Academic Stipend,12000.0,Monthly,"Monthly allowance for students pursuing diploma and industrial training. (₹12,000)"
2823,west-bengal-overseas-education-scholarship-for-ews,Overseas Education Scholarship for EWS,Subsidized / Collateral-Free Loan,500000.0,One-Time,"Educational loan interest subsidy for foreign universities. (₹500,000)"
2824,west-bengal-special-education-aid-for-divyang-students,Special Education Aid for Divyang Students,Direct Cash Transfer (DBT),20000.0,One-Time,"Assistive braille, hearing aids, and transport allowance for disabled students. (₹20,000)"
3060,delhi-fisheries-pond-biofloc-support,Fisheries Pond & Biofloc Support,Direct Cash Transfer (DBT),50000.0,One-Time,"Capital grant for biofloc fish farming, fingerling supply, and aerators. (₹50,000)"
2825,west-bengal-matru-kalyan-nutrition-dbt,Matru Kalyan & Nutrition DBT,Subsidized Food & Nutrition,6000.0,One-Time,"Conditional cash transfer across pregnancy trimesters and post-natal care. (₹6,000)"
2826,west-bengal-mahila-swavalamban-livelihood-grant,Mahila Swavalamban Livelihood Grant,Direct Cash Transfer (DBT),50000.0,One-Time,"Revolving seed fund for women Self-Help Groups (SHGs) to start enterprises. (₹50,000)"
2827,west-bengal-kanya-vivah-marriage-assistance,Kanya Vivah & Marriage Assistance,Direct Cash Transfer (DBT),51000.0,One-Time,"Direct financial grant for marriage of daughters from economically weaker families. (₹51,000)"
2828,west-bengal-working-women-hostel-transport-subsidy,Working Women Hostel & Transport Subsidy,Asset & Equipment Subsidy,15000.0,Monthly,"Subsidized secure safe housing and monthly urban commute pass. (₹15,000)"
2829,west-bengal-single-mother-destitute-women-pension,Single Mother & Destitute Women Pension,Monthly Social Security Pension,15000.0,Monthly,"Monthly social security pension for widowed and abandoned women. (₹15,000)"
2830,west-bengal-sukanya-samriddhi-high-interest-top-up,Sukanya Samriddhi High-Interest Top-Up,Asset & Equipment Subsidy,10000.0,One-Time,"State government interest subsidy top-up on girl child savings accounts. (₹10,000)"
2831,west-bengal-universal-cashless-health-insurance,Universal Cashless Health Insurance,Health & Accidental Insurance Cover,500000.0,Annual,"Annual cashless hospitalization and surgical treatment cover in network hospitals. (₹500,000)"
2832,west-bengal-critical-illness-relief-fund-cancer-kidney,Critical Illness Relief Fund (Cancer & Kidney),Health & Accidental Insurance Cover,200000.0,Claim-Based,"One-time financial relief grant for dialysis, chemotherapy, and heart surgery. (₹200,000)"
2833,west-bengal-free-diagnostic-tests-medicine-scheme,Free Diagnostic Tests & Medicine Scheme,Direct Cash Transfer (DBT),10000.0,One-Time,"100% free prescription drugs and pathology tests at government clinics. (₹10,000)"
2834,west-bengal-senior-citizen-specialized-geriatric-care,Senior Citizen Specialized Geriatric Care,Direct Cash Transfer (DBT),15000.0,One-Time,"Free cataract surgeries, hearing aids, and doorstep chronic care medicine. (₹15,000)"
2835,west-bengal-emergency-accidental-trauma-insurance,Emergency Accidental Trauma Insurance,Health & Accidental Insurance Cover,100000.0,Claim-Based,"Immediate cashless golden-hour emergency trauma care coverage. (₹100,000)"
2836,west-bengal-old-age-social-security-pension,Old Age Social Security Pension,Monthly Social Security Pension,12000.0,Monthly,"Monthly direct benefit transfer pension for elderly citizens aged 60 and above. (₹12,000)"
2837,west-bengal-divyangjan-disability-monthly-pension,Divyangjan Disability Monthly Pension,Monthly Social Security Pension,18000.0,Monthly,"Monthly financial support and motorized tricycle allowance for disabled persons. (₹18,000)"
2838,west-bengal-antyodaya-subsidized-food-security,Antyodaya Subsidized Food Security,Subsidized Food & Nutrition,8000.0,Monthly,"Subsidized monthly ration of 35kg foodgrains for poorest-of-poor households. (₹8,000)"
2839,west-bengal-sanitation-workers-rehabilitation-grant,Sanitation Workers Rehabilitation Grant,Asset & Equipment Subsidy,40000.0,One-Time,"Capital subsidy and skill retraining for sanitary workers and sewer workers. (₹40,000)"
2840,west-bengal-tribal-livelihood-forest-produce-grant,Tribal Livelihood & Forest Produce Grant,Asset & Equipment Subsidy,20000.0,One-Time,"Direct procurement support and value addition subsidy for minor forest produce. (₹20,000)"
2841,west-bengal-youth-apprenticeship-monthly-stipend,Youth Apprenticeship Monthly Stipend,Scholarship & Academic Stipend,18000.0,Monthly,"Direct government stipend top-up for technical industrial apprenticeships. (₹18,000)"
2842,west-bengal-artisan-craftsman-modern-tool-kit-grant,Artisan & Craftsman Modern Tool Kit Grant,Subsidized / Collateral-Free Loan,20000.0,One-Time,"Free motorized toolkits and collateral-free micro credit for traditional artisans. (₹20,000)"
2843,west-bengal-rural-youth-driving-heavy-machinery-training,Rural Youth Driving & Heavy Machinery Training,Asset & Equipment Subsidy,25000.0,One-Time,"100% sponsored commercial vehicle and excavator driver training. (₹25,000)"
2844,west-bengal-it-emerging-tech-bootcamp-voucher,IT & Emerging Tech Bootcamp Voucher,Scholarship & Academic Stipend,35000.0,One-Time,"Full tuition sponsorship for AI, Cloud, and Software certification bootcamps. (₹35,000)"
2845,west-bengal-self-employment-micro-credit-guarantee,Self-Employment Micro-Credit Guarantee,Subsidized / Collateral-Free Loan,500000.0,One-Time,"Collateral-free subsidized loan up to ₹5 Lakh for starting local enterprises. (₹100,000)"
2846,west-bengal-pucca-house-construction-subsidy,Pucca House Construction Subsidy,Asset & Equipment Subsidy,150000.0,Quarterly,"Direct installment financial grant for building disaster-resilient pucca home. (₹150,000)"
2847,west-bengal-rooftop-solar-green-energy-assistance,Rooftop Solar & Green Energy Assistance,Asset & Equipment Subsidy,50000.0,One-Time,"Capital subsidy for grid-connected rooftop solar installation for homeowners. (₹50,000)"
2848,west-bengal-slum-rehabilitation-ews-flat-allocation,Slum Rehabilitation & EWS Flat Allocation,Asset & Equipment Subsidy,250000.0,One-Time,"Subsidized ownership allotment of 1BHK flats with basic civic amenities. (₹250,000)"
2849,west-bengal-rural-toilet-water-tap-incentive,Rural Toilet & Water Tap Incentive,Direct Cash Transfer (DBT),12000.0,One-Time,"Financial assistance for individual household latrines and clean piped tap. (₹12,000)"
2850,west-bengal-micro-enterprise-collateral-free-loan,Micro Enterprise Collateral-Free Loan,Subsidized / Collateral-Free Loan,1000000.0,One-Time,"Guaranteed working capital and equipment loan up to ₹10 Lakh at subsidized interest. (₹200,000)"
2851,west-bengal-women-entrepreneur-startup-grant,Women Entrepreneur Startup Grant,Direct Cash Transfer (DBT),100000.0,One-Time,"Seed funding capital grant for innovative women-founded MSME ventures. (₹100,000)"
2852,west-bengal-export-promotion-quality-certification-subsidy,Export Promotion & Quality Certification Subsidy,Asset & Equipment Subsidy,75000.0,One-Time,"Reimbursement for ISO, ZED, and international trade mark registration costs. (₹75,000)"
2853,west-bengal-credit-linked-capital-subsidy-for-tech-upgradation,Credit Linked Capital Subsidy for Tech Upgradation,Asset & Equipment Subsidy,150000.0,One-Time,"15% upfront capital subsidy for machinery modernization in manufacturing. (₹150,000)"
2854,west-bengal-e-vehicle-green-mobility-subsidy,E-Vehicle & Green Mobility Subsidy,Asset & Equipment Subsidy,20000.0,One-Time,"Direct cash incentive on purchase of electric 2-wheelers and 3-wheelers. (₹20,000)"
2855,west-bengal-rainwater-harvesting-ground-water-recharge-grant,Rainwater Harvesting & Ground Water Recharge Grant,Asset & Equipment Subsidy,15000.0,One-Time,"Subsidized rooftop rainwater harvesting system for individual residences. (₹15,000)"
2856,west-bengal-bio-gas-cattle-dung-renewable-plant-subsidy,Bio-Gas & Cattle Dung Renewable Plant Subsidy,Asset & Equipment Subsidy,18000.0,One-Time,"Financial support for installing domestic Gobar-Dhan biogas units. (₹18,000)"
2857,west-bengal-phase-2-kisan-samriddhi-crop-assistance,Kisan Samriddhi & Crop Assistance,Asset & Equipment Subsidy,6000.0,One-Time,"Financial input subsidy for seed, fertilizer, and organic cultivation equipment. (₹6,000)"
2858,west-bengal-phase-2-solar-krishi-pump-subsidy,Solar Krishi Pump Subsidy,Asset & Equipment Subsidy,75000.0,One-Time,"Up to 90% capital subsidy for installing off-grid solar irrigation pumps. (₹75,000)"
2859,west-bengal-phase-2-horticulture-drip-irrigation-grant,Horticulture & Drip Irrigation Grant,Asset & Equipment Subsidy,25000.0,One-Time,"Direct subsidy for drip, sprinkler, and precision micro-irrigation installation. (₹25,000)"
2860,west-bengal-phase-2-dairy-cattle-development-incentive,Dairy & Cattle Development Incentive,Direct Cash Transfer (DBT),40000.0,One-Time,"Financial assistance for purchasing high-yield milch cows and buffaloes. (₹40,000)"
2861,west-bengal-phase-2-fodder-cultivation-animal-care-grant,Fodder Cultivation & Animal Care Grant,Asset & Equipment Subsidy,12000.0,One-Time,"Subsidized silage, quality seeds, and livestock health vaccination support. (₹12,000)"
2862,west-bengal-phase-2-fisheries-pond-biofloc-support,Fisheries Pond & Biofloc Support,Direct Cash Transfer (DBT),50000.0,One-Time,"Capital grant for biofloc fish farming, fingerling supply, and aerators. (₹50,000)"
2863,west-bengal-phase-2-soil-health-organic-farming-mission,Soil Health & Organic Farming Mission,Direct Cash Transfer (DBT),8000.0,One-Time,"Free soil nutrient testing kit and bio-compost financial top-up grant. (₹8,000)"
2864,west-bengal-phase-2-farm-mechanization-rotavator-subsidy,Farm Mechanization & Rotavator Subsidy,Asset & Equipment Subsidy,60000.0,One-Time,"Up to 50% subsidy on modern harvesters, rotavators, and custom hiring centers. (₹60,000)"
2865,west-bengal-phase-2-post-matric-merit-scholarship,Post-Matric Merit Scholarship,Scholarship & Academic Stipend,18000.0,One-Time,"Tuition fee waiver and maintenance stipend for higher collegiate education. (₹18,000)"
2866,west-bengal-phase-2-free-digital-tablet-laptop-distribution,Free Digital Tablet & Laptop Distribution,Asset & Equipment Subsidy,15000.0,One-Time,"High-speed digital learning devices distributed to meritorious board students. (₹15,000)"
2867,west-bengal-phase-2-competitive-exam-coaching-assistance,Competitive Exam Coaching Assistance,Scholarship & Academic Stipend,50000.0,One-Time,"100% sponsored classroom coaching for UPSC, PSC, JEE, and NEET exams. (₹50,000)"
2868,west-bengal-phase-2-girl-child-higher-education-incentive,Girl Child Higher Education Incentive,Direct Cash Transfer (DBT),25000.0,One-Time,"Direct milestone grant upon enrolling in undergraduate degree programs. (₹25,000)"
2869,west-bengal-phase-2-technical-polytechnic-skill-stipend,Technical & Polytechnic Skill Stipend,Scholarship & Academic Stipend,12000.0,Monthly,"Monthly allowance for students pursuing diploma and industrial training. (₹12,000)"
2870,west-bengal-phase-2-overseas-education-scholarship-for-ews,Overseas Education Scholarship for EWS,Subsidized / Collateral-Free Loan,500000.0,One-Time,"Educational loan interest subsidy for foreign universities. (₹500,000)"
2871,west-bengal-phase-2-special-education-aid-for-divyang-students,Special Education Aid for Divyang Students,Direct Cash Transfer (DBT),20000.0,One-Time,"Assistive braille, hearing aids, and transport allowance for disabled students. (₹20,000)"
2872,west-bengal-phase-2-matru-kalyan-nutrition-dbt,Matru Kalyan & Nutrition DBT,Subsidized Food & Nutrition,6000.0,One-Time,"Conditional cash transfer across pregnancy trimesters and post-natal care. (₹6,000)"
2873,west-bengal-phase-2-mahila-swavalamban-livelihood-grant,Mahila Swavalamban Livelihood Grant,Direct Cash Transfer (DBT),50000.0,One-Time,"Revolving seed fund for women Self-Help Groups (SHGs) to start enterprises. (₹50,000)"
2874,west-bengal-phase-2-kanya-vivah-marriage-assistance,Kanya Vivah & Marriage Assistance,Direct Cash Transfer (DBT),51000.0,One-Time,"Direct financial grant for marriage of daughters from economically weaker families. (₹51,000)"
2875,west-bengal-phase-2-working-women-hostel-transport-subsidy,Working Women Hostel & Transport Subsidy,Asset & Equipment Subsidy,15000.0,Monthly,"Subsidized secure safe housing and monthly urban commute pass. (₹15,000)"
2876,west-bengal-phase-2-single-mother-destitute-women-pension,Single Mother & Destitute Women Pension,Monthly Social Security Pension,15000.0,Monthly,"Monthly social security pension for widowed and abandoned women. (₹15,000)"
2877,west-bengal-phase-2-sukanya-samriddhi-high-interest-top-up,Sukanya Samriddhi High-Interest Top-Up,Asset & Equipment Subsidy,10000.0,One-Time,"State government interest subsidy top-up on girl child savings accounts. (₹10,000)"
2878,west-bengal-phase-2-universal-cashless-health-insurance,Universal Cashless Health Insurance,Health & Accidental Insurance Cover,500000.0,Annual,"Annual cashless hospitalization and surgical treatment cover in network hospitals. (₹500,000)"
2879,west-bengal-phase-2-critical-illness-relief-fund-cancer-kidney,Critical Illness Relief Fund (Cancer & Kidney),Health & Accidental Insurance Cover,200000.0,Claim-Based,"One-time financial relief grant for dialysis, chemotherapy, and heart surgery. (₹200,000)"
2880,west-bengal-phase-2-free-diagnostic-tests-medicine-scheme,Free Diagnostic Tests & Medicine Scheme,Direct Cash Transfer (DBT),10000.0,One-Time,"100% free prescription drugs and pathology tests at government clinics. (₹10,000)"
2881,west-bengal-phase-2-senior-citizen-specialized-geriatric-care,Senior Citizen Specialized Geriatric Care,Direct Cash Transfer (DBT),15000.0,One-Time,"Free cataract surgeries, hearing aids, and doorstep chronic care medicine. (₹15,000)"
2882,west-bengal-phase-2-emergency-accidental-trauma-insurance,Emergency Accidental Trauma Insurance,Health & Accidental Insurance Cover,100000.0,Claim-Based,"Immediate cashless golden-hour emergency trauma care coverage. (₹100,000)"
2883,west-bengal-phase-2-old-age-social-security-pension,Old Age Social Security Pension,Monthly Social Security Pension,12000.0,Monthly,"Monthly direct benefit transfer pension for elderly citizens aged 60 and above. (₹12,000)"
2884,west-bengal-phase-2-divyangjan-disability-monthly-pension,Divyangjan Disability Monthly Pension,Monthly Social Security Pension,18000.0,Monthly,"Monthly financial support and motorized tricycle allowance for disabled persons. (₹18,000)"
2885,west-bengal-phase-2-antyodaya-subsidized-food-security,Antyodaya Subsidized Food Security,Subsidized Food & Nutrition,8000.0,Monthly,"Subsidized monthly ration of 35kg foodgrains for poorest-of-poor households. (₹8,000)"
2886,west-bengal-phase-2-sanitation-workers-rehabilitation-grant,Sanitation Workers Rehabilitation Grant,Asset & Equipment Subsidy,40000.0,One-Time,"Capital subsidy and skill retraining for sanitary workers and sewer workers. (₹40,000)"
2887,west-bengal-phase-2-tribal-livelihood-forest-produce-grant,Tribal Livelihood & Forest Produce Grant,Asset & Equipment Subsidy,20000.0,One-Time,"Direct procurement support and value addition subsidy for minor forest produce. (₹20,000)"
2888,west-bengal-phase-2-youth-apprenticeship-monthly-stipend,Youth Apprenticeship Monthly Stipend,Scholarship & Academic Stipend,18000.0,Monthly,"Direct government stipend top-up for technical industrial apprenticeships. (₹18,000)"
2889,west-bengal-phase-2-artisan-craftsman-modern-tool-kit-grant,Artisan & Craftsman Modern Tool Kit Grant,Subsidized / Collateral-Free Loan,20000.0,One-Time,"Free motorized toolkits and collateral-free micro credit for traditional artisans. (₹20,000)"
2890,west-bengal-phase-2-rural-youth-driving-heavy-machinery-training,Rural Youth Driving & Heavy Machinery Training,Asset & Equipment Subsidy,25000.0,One-Time,"100% sponsored commercial vehicle and excavator driver training. (₹25,000)"
2891,west-bengal-phase-2-it-emerging-tech-bootcamp-voucher,IT & Emerging Tech Bootcamp Voucher,Scholarship & Academic Stipend,35000.0,One-Time,"Full tuition sponsorship for AI, Cloud, and Software certification bootcamps. (₹35,000)"
2892,west-bengal-phase-2-self-employment-micro-credit-guarantee,Self-Employment Micro-Credit Guarantee,Subsidized / Collateral-Free Loan,500000.0,One-Time,"Collateral-free subsidized loan up to ₹5 Lakh for starting local enterprises. (₹100,000)"
2893,west-bengal-phase-2-pucca-house-construction-subsidy,Pucca House Construction Subsidy,Asset & Equipment Subsidy,150000.0,Quarterly,"Direct installment financial grant for building disaster-resilient pucca home. (₹150,000)"
2894,west-bengal-phase-2-rooftop-solar-green-energy-assistance,Rooftop Solar & Green Energy Assistance,Asset & Equipment Subsidy,50000.0,One-Time,"Capital subsidy for grid-connected rooftop solar installation for homeowners. (₹50,000)"
2895,west-bengal-phase-2-slum-rehabilitation-ews-flat-allocation,Slum Rehabilitation & EWS Flat Allocation,Asset & Equipment Subsidy,250000.0,One-Time,"Subsidized ownership allotment of 1BHK flats with basic civic amenities. (₹250,000)"
2896,west-bengal-phase-2-rural-toilet-water-tap-incentive,Rural Toilet & Water Tap Incentive,Direct Cash Transfer (DBT),12000.0,One-Time,"Financial assistance for individual household latrines and clean piped tap. (₹12,000)"
2897,west-bengal-phase-2-micro-enterprise-collateral-free-loan,Micro Enterprise Collateral-Free Loan,Subsidized / Collateral-Free Loan,1000000.0,One-Time,"Guaranteed working capital and equipment loan up to ₹10 Lakh at subsidized interest. (₹200,000)"
2898,west-bengal-phase-2-women-entrepreneur-startup-grant,Women Entrepreneur Startup Grant,Direct Cash Transfer (DBT),100000.0,One-Time,"Seed funding capital grant for innovative women-founded MSME ventures. (₹100,000)"
2899,west-bengal-phase-2-export-promotion-quality-certification-subsidy,Export Promotion & Quality Certification Subsidy,Asset & Equipment Subsidy,75000.0,One-Time,"Reimbursement for ISO, ZED, and international trade mark registration costs. (₹75,000)"
2900,west-bengal-phase-2-credit-linked-capital-subsidy-for-tech-upgradation,Credit Linked Capital Subsidy for Tech Upgradation,Asset & Equipment Subsidy,150000.0,One-Time,"15% upfront capital subsidy for machinery modernization in manufacturing. (₹150,000)"
2901,west-bengal-phase-2-e-vehicle-green-mobility-subsidy,E-Vehicle & Green Mobility Subsidy,Asset & Equipment Subsidy,20000.0,One-Time,"Direct cash incentive on purchase of electric 2-wheelers and 3-wheelers. (₹20,000)"
2902,west-bengal-phase-2-rainwater-harvesting-ground-water-recharge-grant,Rainwater Harvesting & Ground Water Recharge Grant,Asset & Equipment Subsidy,15000.0,One-Time,"Subsidized rooftop rainwater harvesting system for individual residences. (₹15,000)"
2903,west-bengal-phase-2-bio-gas-cattle-dung-renewable-plant-subsidy,Bio-Gas & Cattle Dung Renewable Plant Subsidy,Asset & Equipment Subsidy,18000.0,One-Time,"Financial support for installing domestic Gobar-Dhan biogas units. (₹18,000)"
2904,west-bengal-phase-3-kisan-samriddhi-crop-assistance,Kisan Samriddhi & Crop Assistance,Asset & Equipment Subsidy,6000.0,One-Time,"Financial input subsidy for seed, fertilizer, and organic cultivation equipment. (₹6,000)"
2905,west-bengal-phase-3-solar-krishi-pump-subsidy,Solar Krishi Pump Subsidy,Asset & Equipment Subsidy,75000.0,One-Time,"Up to 90% capital subsidy for installing off-grid solar irrigation pumps. (₹75,000)"
2906,west-bengal-phase-3-horticulture-drip-irrigation-grant,Horticulture & Drip Irrigation Grant,Asset & Equipment Subsidy,25000.0,One-Time,"Direct subsidy for drip, sprinkler, and precision micro-irrigation installation. (₹25,000)"
2907,west-bengal-phase-3-dairy-cattle-development-incentive,Dairy & Cattle Development Incentive,Direct Cash Transfer (DBT),40000.0,One-Time,"Financial assistance for purchasing high-yield milch cows and buffaloes. (₹40,000)"
2908,west-bengal-phase-3-fodder-cultivation-animal-care-grant,Fodder Cultivation & Animal Care Grant,Asset & Equipment Subsidy,12000.0,One-Time,"Subsidized silage, quality seeds, and livestock health vaccination support. (₹12,000)"
2909,west-bengal-phase-3-fisheries-pond-biofloc-support,Fisheries Pond & Biofloc Support,Direct Cash Transfer (DBT),50000.0,One-Time,"Capital grant for biofloc fish farming, fingerling supply, and aerators. (₹50,000)"
2910,west-bengal-phase-3-soil-health-organic-farming-mission,Soil Health & Organic Farming Mission,Direct Cash Transfer (DBT),8000.0,One-Time,"Free soil nutrient testing kit and bio-compost financial top-up grant. (₹8,000)"
2911,west-bengal-phase-3-farm-mechanization-rotavator-subsidy,Farm Mechanization & Rotavator Subsidy,Asset & Equipment Subsidy,60000.0,One-Time,"Up to 50% subsidy on modern harvesters, rotavators, and custom hiring centers. (₹60,000)"
2912,west-bengal-phase-3-post-matric-merit-scholarship,Post-Matric Merit Scholarship,Scholarship & Academic Stipend,18000.0,One-Time,"Tuition fee waiver and maintenance stipend for higher collegiate education. (₹18,000)"
2913,west-bengal-phase-3-free-digital-tablet-laptop-distribution,Free Digital Tablet & Laptop Distribution,Asset & Equipment Subsidy,15000.0,One-Time,"High-speed digital learning devices distributed to meritorious board students. (₹15,000)"
2914,west-bengal-phase-3-competitive-exam-coaching-assistance,Competitive Exam Coaching Assistance,Scholarship & Academic Stipend,50000.0,One-Time,"100% sponsored classroom coaching for UPSC, PSC, JEE, and NEET exams. (₹50,000)"
2915,west-bengal-phase-3-girl-child-higher-education-incentive,Girl Child Higher Education Incentive,Direct Cash Transfer (DBT),25000.0,One-Time,"Direct milestone grant upon enrolling in undergraduate degree programs. (₹25,000)"
2916,west-bengal-phase-3-technical-polytechnic-skill-stipend,Technical & Polytechnic Skill Stipend,Scholarship & Academic Stipend,12000.0,Monthly,"Monthly allowance for students pursuing diploma and industrial training. (₹12,000)"
2917,west-bengal-phase-3-overseas-education-scholarship-for-ews,Overseas Education Scholarship for EWS,Subsidized / Collateral-Free Loan,500000.0,One-Time,"Educational loan interest subsidy for foreign universities. (₹500,000)"
2918,west-bengal-phase-3-special-education-aid-for-divyang-students,Special Education Aid for Divyang Students,Direct Cash Transfer (DBT),20000.0,One-Time,"Assistive braille, hearing aids, and transport allowance for disabled students. (₹20,000)"
2919,west-bengal-phase-3-matru-kalyan-nutrition-dbt,Matru Kalyan & Nutrition DBT,Subsidized Food & Nutrition,6000.0,One-Time,"Conditional cash transfer across pregnancy trimesters and post-natal care. (₹6,000)"
2920,west-bengal-phase-3-mahila-swavalamban-livelihood-grant,Mahila Swavalamban Livelihood Grant,Direct Cash Transfer (DBT),50000.0,One-Time,"Revolving seed fund for women Self-Help Groups (SHGs) to start enterprises. (₹50,000)"
2921,west-bengal-phase-3-kanya-vivah-marriage-assistance,Kanya Vivah & Marriage Assistance,Direct Cash Transfer (DBT),51000.0,One-Time,"Direct financial grant for marriage of daughters from economically weaker families. (₹51,000)"
2922,west-bengal-phase-3-working-women-hostel-transport-subsidy,Working Women Hostel & Transport Subsidy,Asset & Equipment Subsidy,15000.0,Monthly,"Subsidized secure safe housing and monthly urban commute pass. (₹15,000)"
2923,west-bengal-phase-3-single-mother-destitute-women-pension,Single Mother & Destitute Women Pension,Monthly Social Security Pension,15000.0,Monthly,"Monthly social security pension for widowed and abandoned women. (₹15,000)"
2924,west-bengal-phase-3-sukanya-samriddhi-high-interest-top-up,Sukanya Samriddhi High-Interest Top-Up,Asset & Equipment Subsidy,10000.0,One-Time,"State government interest subsidy top-up on girl child savings accounts. (₹10,000)"
2925,west-bengal-phase-3-universal-cashless-health-insurance,Universal Cashless Health Insurance,Health & Accidental Insurance Cover,500000.0,Annual,"Annual cashless hospitalization and surgical treatment cover in network hospitals. (₹500,000)"
2926,west-bengal-phase-3-critical-illness-relief-fund-cancer-kidney,Critical Illness Relief Fund (Cancer & Kidney),Health & Accidental Insurance Cover,200000.0,Claim-Based,"One-time financial relief grant for dialysis, chemotherapy, and heart surgery. (₹200,000)"
2927,west-bengal-phase-3-free-diagnostic-tests-medicine-scheme,Free Diagnostic Tests & Medicine Scheme,Direct Cash Transfer (DBT),10000.0,One-Time,"100% free prescription drugs and pathology tests at government clinics. (₹10,000)"
2928,west-bengal-phase-3-senior-citizen-specialized-geriatric-care,Senior Citizen Specialized Geriatric Care,Direct Cash Transfer (DBT),15000.0,One-Time,"Free cataract surgeries, hearing aids, and doorstep chronic care medicine. (₹15,000)"
2929,west-bengal-phase-3-emergency-accidental-trauma-insurance,Emergency Accidental Trauma Insurance,Health & Accidental Insurance Cover,100000.0,Claim-Based,"Immediate cashless golden-hour emergency trauma care coverage. (₹100,000)"
2930,west-bengal-phase-3-old-age-social-security-pension,Old Age Social Security Pension,Monthly Social Security Pension,12000.0,Monthly,"Monthly direct benefit transfer pension for elderly citizens aged 60 and above. (₹12,000)"
2931,west-bengal-phase-3-divyangjan-disability-monthly-pension,Divyangjan Disability Monthly Pension,Monthly Social Security Pension,18000.0,Monthly,"Monthly financial support and motorized tricycle allowance for disabled persons. (₹18,000)"
2932,west-bengal-phase-3-antyodaya-subsidized-food-security,Antyodaya Subsidized Food Security,Subsidized Food & Nutrition,8000.0,Monthly,"Subsidized monthly ration of 35kg foodgrains for poorest-of-poor households. (₹8,000)"
2933,west-bengal-phase-3-sanitation-workers-rehabilitation-grant,Sanitation Workers Rehabilitation Grant,Asset & Equipment Subsidy,40000.0,One-Time,"Capital subsidy and skill retraining for sanitary workers and sewer workers. (₹40,000)"
2934,west-bengal-phase-3-tribal-livelihood-forest-produce-grant,Tribal Livelihood & Forest Produce Grant,Asset & Equipment Subsidy,20000.0,One-Time,"Direct procurement support and value addition subsidy for minor forest produce. (₹20,000)"
2935,west-bengal-phase-3-youth-apprenticeship-monthly-stipend,Youth Apprenticeship Monthly Stipend,Scholarship & Academic Stipend,18000.0,Monthly,"Direct government stipend top-up for technical industrial apprenticeships. (₹18,000)"
2936,west-bengal-phase-3-artisan-craftsman-modern-tool-kit-grant,Artisan & Craftsman Modern Tool Kit Grant,Subsidized / Collateral-Free Loan,20000.0,One-Time,"Free motorized toolkits and collateral-free micro credit for traditional artisans. (₹20,000)"
2937,west-bengal-phase-3-rural-youth-driving-heavy-machinery-training,Rural Youth Driving & Heavy Machinery Training,Asset & Equipment Subsidy,25000.0,One-Time,"100% sponsored commercial vehicle and excavator driver training. (₹25,000)"
2938,west-bengal-phase-3-it-emerging-tech-bootcamp-voucher,IT & Emerging Tech Bootcamp Voucher,Scholarship & Academic Stipend,35000.0,One-Time,"Full tuition sponsorship for AI, Cloud, and Software certification bootcamps. (₹35,000)"
2939,west-bengal-phase-3-self-employment-micro-credit-guarantee,Self-Employment Micro-Credit Guarantee,Subsidized / Collateral-Free Loan,500000.0,One-Time,"Collateral-free subsidized loan up to ₹5 Lakh for starting local enterprises. (₹100,000)"
2940,west-bengal-phase-3-pucca-house-construction-subsidy,Pucca House Construction Subsidy,Asset & Equipment Subsidy,150000.0,Quarterly,"Direct installment financial grant for building disaster-resilient pucca home. (₹150,000)"
2941,west-bengal-phase-3-rooftop-solar-green-energy-assistance,Rooftop Solar & Green Energy Assistance,Asset & Equipment Subsidy,50000.0,One-Time,"Capital subsidy for grid-connected rooftop solar installation for homeowners. (₹50,000)"
2942,west-bengal-phase-3-slum-rehabilitation-ews-flat-allocation,Slum Rehabilitation & EWS Flat Allocation,Asset & Equipment Subsidy,250000.0,One-Time,"Subsidized ownership allotment of 1BHK flats with basic civic amenities. (₹250,000)"
2943,west-bengal-phase-3-rural-toilet-water-tap-incentive,Rural Toilet & Water Tap Incentive,Direct Cash Transfer (DBT),12000.0,One-Time,"Financial assistance for individual household latrines and clean piped tap. (₹12,000)"
2944,west-bengal-phase-3-micro-enterprise-collateral-free-loan,Micro Enterprise Collateral-Free Loan,Subsidized / Collateral-Free Loan,1000000.0,One-Time,"Guaranteed working capital and equipment loan up to ₹10 Lakh at subsidized interest. (₹200,000)"
2945,west-bengal-phase-3-women-entrepreneur-startup-grant,Women Entrepreneur Startup Grant,Direct Cash Transfer (DBT),100000.0,One-Time,"Seed funding capital grant for innovative women-founded MSME ventures. (₹100,000)"
2946,west-bengal-phase-3-export-promotion-quality-certification-subsidy,Export Promotion & Quality Certification Subsidy,Asset & Equipment Subsidy,75000.0,One-Time,"Reimbursement for ISO, ZED, and international trade mark registration costs. (₹75,000)"
2947,west-bengal-phase-3-credit-linked-capital-subsidy-for-tech-upgradation,Credit Linked Capital Subsidy for Tech Upgradation,Asset & Equipment Subsidy,150000.0,One-Time,"15% upfront capital subsidy for machinery modernization in manufacturing. (₹150,000)"
2948,west-bengal-phase-3-e-vehicle-green-mobility-subsidy,E-Vehicle & Green Mobility Subsidy,Asset & Equipment Subsidy,20000.0,One-Time,"Direct cash incentive on purchase of electric 2-wheelers and 3-wheelers. (₹20,000)"
2949,west-bengal-phase-3-rainwater-harvesting-ground-water-recharge-grant,Rainwater Harvesting & Ground Water Recharge Grant,Asset & Equipment Subsidy,15000.0,One-Time,"Subsidized rooftop rainwater harvesting system for individual residences. (₹15,000)"
2950,andaman-and-nicobar-islands-kisan-samriddhi-crop-assistance,Kisan Samriddhi & Crop Assistance,Asset & Equipment Subsidy,6000.0,One-Time,"Financial input subsidy for seed, fertilizer, and organic cultivation equipment. (₹6,000)"
2951,andaman-and-nicobar-islands-solar-krishi-pump-subsidy,Solar Krishi Pump Subsidy,Asset & Equipment Subsidy,75000.0,One-Time,"Up to 90% capital subsidy for installing off-grid solar irrigation pumps. (₹75,000)"
2952,andaman-and-nicobar-islands-horticulture-drip-irrigation-grant,Horticulture & Drip Irrigation Grant,Asset & Equipment Subsidy,25000.0,One-Time,"Direct subsidy for drip, sprinkler, and precision micro-irrigation installation. (₹25,000)"
2953,andaman-and-nicobar-islands-dairy-cattle-development-incentive,Dairy & Cattle Development Incentive,Direct Cash Transfer (DBT),40000.0,One-Time,"Financial assistance for purchasing high-yield milch cows and buffaloes. (₹40,000)"
2954,andaman-and-nicobar-islands-fodder-cultivation-animal-care-grant,Fodder Cultivation & Animal Care Grant,Asset & Equipment Subsidy,12000.0,One-Time,"Subsidized silage, quality seeds, and livestock health vaccination support. (₹12,000)"
2955,andaman-and-nicobar-islands-fisheries-pond-biofloc-support,Fisheries Pond & Biofloc Support,Direct Cash Transfer (DBT),50000.0,One-Time,"Capital grant for biofloc fish farming, fingerling supply, and aerators. (₹50,000)"
2956,andaman-and-nicobar-islands-soil-health-organic-farming-mission,Soil Health & Organic Farming Mission,Direct Cash Transfer (DBT),8000.0,One-Time,"Free soil nutrient testing kit and bio-compost financial top-up grant. (₹8,000)"
2957,andaman-and-nicobar-islands-farm-mechanization-rotavator-subsidy,Farm Mechanization & Rotavator Subsidy,Asset & Equipment Subsidy,60000.0,One-Time,"Up to 50% subsidy on modern harvesters, rotavators, and custom hiring centers. (₹60,000)"
2958,andaman-and-nicobar-islands-post-matric-merit-scholarship,Post-Matric Merit Scholarship,Scholarship & Academic Stipend,18000.0,One-Time,"Tuition fee waiver and maintenance stipend for higher collegiate education. (₹18,000)"
2959,andaman-and-nicobar-islands-free-digital-tablet-laptop-distribution,Free Digital Tablet & Laptop Distribution,Asset & Equipment Subsidy,15000.0,One-Time,"High-speed digital learning devices distributed to meritorious board students. (₹15,000)"
2960,andaman-and-nicobar-islands-competitive-exam-coaching-assistance,Competitive Exam Coaching Assistance,Scholarship & Academic Stipend,50000.0,One-Time,"100% sponsored classroom coaching for UPSC, PSC, JEE, and NEET exams. (₹50,000)"
2961,andaman-and-nicobar-islands-girl-child-higher-education-incentive,Girl Child Higher Education Incentive,Direct Cash Transfer (DBT),25000.0,One-Time,"Direct milestone grant upon enrolling in undergraduate degree programs. (₹25,000)"
2962,andaman-and-nicobar-islands-technical-polytechnic-skill-stipend,Technical & Polytechnic Skill Stipend,Scholarship & Academic Stipend,12000.0,Monthly,"Monthly allowance for students pursuing diploma and industrial training. (₹12,000)"
2963,andaman-and-nicobar-islands-overseas-education-scholarship-for-ews,Overseas Education Scholarship for EWS,Subsidized / Collateral-Free Loan,500000.0,One-Time,"Educational loan interest subsidy for foreign universities. (₹500,000)"
2964,andaman-and-nicobar-islands-special-education-aid-for-divyang-students,Special Education Aid for Divyang Students,Direct Cash Transfer (DBT),20000.0,One-Time,"Assistive braille, hearing aids, and transport allowance for disabled students. (₹20,000)"
2965,andaman-and-nicobar-islands-matru-kalyan-nutrition-dbt,Matru Kalyan & Nutrition DBT,Subsidized Food & Nutrition,6000.0,One-Time,"Conditional cash transfer across pregnancy trimesters and post-natal care. (₹6,000)"
2966,andaman-and-nicobar-islands-mahila-swavalamban-livelihood-grant,Mahila Swavalamban Livelihood Grant,Direct Cash Transfer (DBT),50000.0,One-Time,"Revolving seed fund for women Self-Help Groups (SHGs) to start enterprises. (₹50,000)"
2967,andaman-and-nicobar-islands-kanya-vivah-marriage-assistance,Kanya Vivah & Marriage Assistance,Direct Cash Transfer (DBT),51000.0,One-Time,"Direct financial grant for marriage of daughters from economically weaker families. (₹51,000)"
2968,andaman-and-nicobar-islands-working-women-hostel-transport-subsidy,Working Women Hostel & Transport Subsidy,Asset & Equipment Subsidy,15000.0,Monthly,"Subsidized secure safe housing and monthly urban commute pass. (₹15,000)"
2969,andaman-and-nicobar-islands-single-mother-destitute-women-pension,Single Mother & Destitute Women Pension,Monthly Social Security Pension,15000.0,Monthly,"Monthly social security pension for widowed and abandoned women. (₹15,000)"
2970,andaman-and-nicobar-islands-sukanya-samriddhi-high-interest-top-up,Sukanya Samriddhi High-Interest Top-Up,Asset & Equipment Subsidy,10000.0,One-Time,"State government interest subsidy top-up on girl child savings accounts. (₹10,000)"
2971,andaman-and-nicobar-islands-universal-cashless-health-insurance,Universal Cashless Health Insurance,Health & Accidental Insurance Cover,500000.0,Annual,"Annual cashless hospitalization and surgical treatment cover in network hospitals. (₹500,000)"
2972,andaman-and-nicobar-islands-critical-illness-relief-fund-cancer-kidney,Critical Illness Relief Fund (Cancer & Kidney),Health & Accidental Insurance Cover,200000.0,Claim-Based,"One-time financial relief grant for dialysis, chemotherapy, and heart surgery. (₹200,000)"
2973,andaman-and-nicobar-islands-free-diagnostic-tests-medicine-scheme,Free Diagnostic Tests & Medicine Scheme,Direct Cash Transfer (DBT),10000.0,One-Time,"100% free prescription drugs and pathology tests at government clinics. (₹10,000)"
2974,andaman-and-nicobar-islands-senior-citizen-specialized-geriatric-care,Senior Citizen Specialized Geriatric Care,Direct Cash Transfer (DBT),15000.0,One-Time,"Free cataract surgeries, hearing aids, and doorstep chronic care medicine. (₹15,000)"
2975,andaman-and-nicobar-islands-emergency-accidental-trauma-insurance,Emergency Accidental Trauma Insurance,Health & Accidental Insurance Cover,100000.0,Claim-Based,"Immediate cashless golden-hour emergency trauma care coverage. (₹100,000)"
2976,andaman-and-nicobar-islands-old-age-social-security-pension,Old Age Social Security Pension,Monthly Social Security Pension,12000.0,Monthly,"Monthly direct benefit transfer pension for elderly citizens aged 60 and above. (₹12,000)"
2977,andaman-and-nicobar-islands-divyangjan-disability-monthly-pension,Divyangjan Disability Monthly Pension,Monthly Social Security Pension,18000.0,Monthly,"Monthly financial support and motorized tricycle allowance for disabled persons. (₹18,000)"
2978,andaman-and-nicobar-islands-antyodaya-subsidized-food-security,Antyodaya Subsidized Food Security,Subsidized Food & Nutrition,8000.0,Monthly,"Subsidized monthly ration of 35kg foodgrains for poorest-of-poor households. (₹8,000)"
2979,andaman-and-nicobar-islands-sanitation-workers-rehabilitation-grant,Sanitation Workers Rehabilitation Grant,Asset & Equipment Subsidy,40000.0,One-Time,"Capital subsidy and skill retraining for sanitary workers and sewer workers. (₹40,000)"
2980,andaman-and-nicobar-islands-tribal-livelihood-forest-produce-grant,Tribal Livelihood & Forest Produce Grant,Asset & Equipment Subsidy,20000.0,One-Time,"Direct procurement support and value addition subsidy for minor forest produce. (₹20,000)"
2981,andaman-and-nicobar-islands-youth-apprenticeship-monthly-stipend,Youth Apprenticeship Monthly Stipend,Scholarship & Academic Stipend,18000.0,Monthly,"Direct government stipend top-up for technical industrial apprenticeships. (₹18,000)"
2982,andaman-and-nicobar-islands-artisan-craftsman-modern-tool-kit-grant,Artisan & Craftsman Modern Tool Kit Grant,Subsidized / Collateral-Free Loan,20000.0,One-Time,"Free motorized toolkits and collateral-free micro credit for traditional artisans. (₹20,000)"
2983,andaman-and-nicobar-islands-rural-youth-driving-heavy-machinery-training,Rural Youth Driving & Heavy Machinery Training,Asset & Equipment Subsidy,25000.0,One-Time,"100% sponsored commercial vehicle and excavator driver training. (₹25,000)"
2984,andaman-and-nicobar-islands-it-emerging-tech-bootcamp-voucher,IT & Emerging Tech Bootcamp Voucher,Scholarship & Academic Stipend,35000.0,One-Time,"Full tuition sponsorship for AI, Cloud, and Software certification bootcamps. (₹35,000)"
2985,chandigarh-kisan-samriddhi-crop-assistance,Kisan Samriddhi & Crop Assistance,Asset & Equipment Subsidy,6000.0,One-Time,"Financial input subsidy for seed, fertilizer, and organic cultivation equipment. (₹6,000)"
2986,chandigarh-solar-krishi-pump-subsidy,Solar Krishi Pump Subsidy,Asset & Equipment Subsidy,75000.0,One-Time,"Up to 90% capital subsidy for installing off-grid solar irrigation pumps. (₹75,000)"
2987,chandigarh-horticulture-drip-irrigation-grant,Horticulture & Drip Irrigation Grant,Asset & Equipment Subsidy,25000.0,One-Time,"Direct subsidy for drip, sprinkler, and precision micro-irrigation installation. (₹25,000)"
2988,chandigarh-dairy-cattle-development-incentive,Dairy & Cattle Development Incentive,Direct Cash Transfer (DBT),40000.0,One-Time,"Financial assistance for purchasing high-yield milch cows and buffaloes. (₹40,000)"
2989,chandigarh-fodder-cultivation-animal-care-grant,Fodder Cultivation & Animal Care Grant,Asset & Equipment Subsidy,12000.0,One-Time,"Subsidized silage, quality seeds, and livestock health vaccination support. (₹12,000)"
2990,chandigarh-fisheries-pond-biofloc-support,Fisheries Pond & Biofloc Support,Direct Cash Transfer (DBT),50000.0,One-Time,"Capital grant for biofloc fish farming, fingerling supply, and aerators. (₹50,000)"
2991,chandigarh-soil-health-organic-farming-mission,Soil Health & Organic Farming Mission,Direct Cash Transfer (DBT),8000.0,One-Time,"Free soil nutrient testing kit and bio-compost financial top-up grant. (₹8,000)"
2992,chandigarh-farm-mechanization-rotavator-subsidy,Farm Mechanization & Rotavator Subsidy,Asset & Equipment Subsidy,60000.0,One-Time,"Up to 50% subsidy on modern harvesters, rotavators, and custom hiring centers. (₹60,000)"
2993,chandigarh-post-matric-merit-scholarship,Post-Matric Merit Scholarship,Scholarship & Academic Stipend,18000.0,One-Time,"Tuition fee waiver and maintenance stipend for higher collegiate education. (₹18,000)"
2994,chandigarh-free-digital-tablet-laptop-distribution,Free Digital Tablet & Laptop Distribution,Asset & Equipment Subsidy,15000.0,One-Time,"High-speed digital learning devices distributed to meritorious board students. (₹15,000)"
2995,chandigarh-competitive-exam-coaching-assistance,Competitive Exam Coaching Assistance,Scholarship & Academic Stipend,50000.0,One-Time,"100% sponsored classroom coaching for UPSC, PSC, JEE, and NEET exams. (₹50,000)"
2996,chandigarh-girl-child-higher-education-incentive,Girl Child Higher Education Incentive,Direct Cash Transfer (DBT),25000.0,One-Time,"Direct milestone grant upon enrolling in undergraduate degree programs. (₹25,000)"
2997,chandigarh-technical-polytechnic-skill-stipend,Technical & Polytechnic Skill Stipend,Scholarship & Academic Stipend,12000.0,Monthly,"Monthly allowance for students pursuing diploma and industrial training. (₹12,000)"
2998,chandigarh-overseas-education-scholarship-for-ews,Overseas Education Scholarship for EWS,Subsidized / Collateral-Free Loan,500000.0,One-Time,"Educational loan interest subsidy for foreign universities. (₹500,000)"
2999,chandigarh-special-education-aid-for-divyang-students,Special Education Aid for Divyang Students,Direct Cash Transfer (DBT),20000.0,One-Time,"Assistive braille, hearing aids, and transport allowance for disabled students. (₹20,000)"
3000,chandigarh-matru-kalyan-nutrition-dbt,Matru Kalyan & Nutrition DBT,Subsidized Food & Nutrition,6000.0,One-Time,"Conditional cash transfer across pregnancy trimesters and post-natal care. (₹6,000)"
3001,chandigarh-mahila-swavalamban-livelihood-grant,Mahila Swavalamban Livelihood Grant,Direct Cash Transfer (DBT),50000.0,One-Time,"Revolving seed fund for women Self-Help Groups (SHGs) to start enterprises. (₹50,000)"
3002,chandigarh-kanya-vivah-marriage-assistance,Kanya Vivah & Marriage Assistance,Direct Cash Transfer (DBT),51000.0,One-Time,"Direct financial grant for marriage of daughters from economically weaker families. (₹51,000)"
3003,chandigarh-working-women-hostel-transport-subsidy,Working Women Hostel & Transport Subsidy,Asset & Equipment Subsidy,15000.0,Monthly,"Subsidized secure safe housing and monthly urban commute pass. (₹15,000)"
3004,chandigarh-single-mother-destitute-women-pension,Single Mother & Destitute Women Pension,Monthly Social Security Pension,15000.0,Monthly,"Monthly social security pension for widowed and abandoned women. (₹15,000)"
3005,chandigarh-sukanya-samriddhi-high-interest-top-up,Sukanya Samriddhi High-Interest Top-Up,Asset & Equipment Subsidy,10000.0,One-Time,"State government interest subsidy top-up on girl child savings accounts. (₹10,000)"
3006,chandigarh-universal-cashless-health-insurance,Universal Cashless Health Insurance,Health & Accidental Insurance Cover,500000.0,Annual,"Annual cashless hospitalization and surgical treatment cover in network hospitals. (₹500,000)"
3007,chandigarh-critical-illness-relief-fund-cancer-kidney,Critical Illness Relief Fund (Cancer & Kidney),Health & Accidental Insurance Cover,200000.0,Claim-Based,"One-time financial relief grant for dialysis, chemotherapy, and heart surgery. (₹200,000)"
3008,chandigarh-free-diagnostic-tests-medicine-scheme,Free Diagnostic Tests & Medicine Scheme,Direct Cash Transfer (DBT),10000.0,One-Time,"100% free prescription drugs and pathology tests at government clinics. (₹10,000)"
3009,chandigarh-senior-citizen-specialized-geriatric-care,Senior Citizen Specialized Geriatric Care,Direct Cash Transfer (DBT),15000.0,One-Time,"Free cataract surgeries, hearing aids, and doorstep chronic care medicine. (₹15,000)"
3010,chandigarh-emergency-accidental-trauma-insurance,Emergency Accidental Trauma Insurance,Health & Accidental Insurance Cover,100000.0,Claim-Based,"Immediate cashless golden-hour emergency trauma care coverage. (₹100,000)"
3011,chandigarh-old-age-social-security-pension,Old Age Social Security Pension,Monthly Social Security Pension,12000.0,Monthly,"Monthly direct benefit transfer pension for elderly citizens aged 60 and above. (₹12,000)"
3012,chandigarh-divyangjan-disability-monthly-pension,Divyangjan Disability Monthly Pension,Monthly Social Security Pension,18000.0,Monthly,"Monthly financial support and motorized tricycle allowance for disabled persons. (₹18,000)"
3013,chandigarh-antyodaya-subsidized-food-security,Antyodaya Subsidized Food Security,Subsidized Food & Nutrition,8000.0,Monthly,"Subsidized monthly ration of 35kg foodgrains for poorest-of-poor households. (₹8,000)"
3014,chandigarh-sanitation-workers-rehabilitation-grant,Sanitation Workers Rehabilitation Grant,Asset & Equipment Subsidy,40000.0,One-Time,"Capital subsidy and skill retraining for sanitary workers and sewer workers. (₹40,000)"
3015,chandigarh-tribal-livelihood-forest-produce-grant,Tribal Livelihood & Forest Produce Grant,Asset & Equipment Subsidy,20000.0,One-Time,"Direct procurement support and value addition subsidy for minor forest produce. (₹20,000)"
3016,chandigarh-youth-apprenticeship-monthly-stipend,Youth Apprenticeship Monthly Stipend,Scholarship & Academic Stipend,18000.0,Monthly,"Direct government stipend top-up for technical industrial apprenticeships. (₹18,000)"
3017,chandigarh-artisan-craftsman-modern-tool-kit-grant,Artisan & Craftsman Modern Tool Kit Grant,Subsidized / Collateral-Free Loan,20000.0,One-Time,"Free motorized toolkits and collateral-free micro credit for traditional artisans. (₹20,000)"
3018,chandigarh-rural-youth-driving-heavy-machinery-training,Rural Youth Driving & Heavy Machinery Training,Asset & Equipment Subsidy,25000.0,One-Time,"100% sponsored commercial vehicle and excavator driver training. (₹25,000)"
3019,chandigarh-it-emerging-tech-bootcamp-voucher,IT & Emerging Tech Bootcamp Voucher,Scholarship & Academic Stipend,35000.0,One-Time,"Full tuition sponsorship for AI, Cloud, and Software certification bootcamps. (₹35,000)"
3020,dadra-and-nagar-haveli-and-daman-and-diu-kisan-samriddhi-crop-assistance,Kisan Samriddhi & Crop Assistance,Asset & Equipment Subsidy,6000.0,One-Time,"Financial input subsidy for seed, fertilizer, and organic cultivation equipment. (₹6,000)"
3021,dadra-and-nagar-haveli-and-daman-and-diu-solar-krishi-pump-subsidy,Solar Krishi Pump Subsidy,Asset & Equipment Subsidy,75000.0,One-Time,"Up to 90% capital subsidy for installing off-grid solar irrigation pumps. (₹75,000)"
3022,dadra-and-nagar-haveli-and-daman-and-diu-horticulture-drip-irrigation-grant,Horticulture & Drip Irrigation Grant,Asset & Equipment Subsidy,25000.0,One-Time,"Direct subsidy for drip, sprinkler, and precision micro-irrigation installation. (₹25,000)"
3023,dadra-and-nagar-haveli-and-daman-and-diu-dairy-cattle-development-incentive,Dairy & Cattle Development Incentive,Direct Cash Transfer (DBT),40000.0,One-Time,"Financial assistance for purchasing high-yield milch cows and buffaloes. (₹40,000)"
3024,dadra-and-nagar-haveli-and-daman-and-diu-fodder-cultivation-animal-care-grant,Fodder Cultivation & Animal Care Grant,Asset & Equipment Subsidy,12000.0,One-Time,"Subsidized silage, quality seeds, and livestock health vaccination support. (₹12,000)"
3057,delhi-horticulture-drip-irrigation-grant,Horticulture & Drip Irrigation Grant,Asset & Equipment Subsidy,25000.0,One-Time,"Direct subsidy for drip, sprinkler, and precision micro-irrigation installation. (₹25,000)"
3025,dadra-and-nagar-haveli-and-daman-and-diu-fisheries-pond-biofloc-support,Fisheries Pond & Biofloc Support,Direct Cash Transfer (DBT),50000.0,One-Time,"Capital grant for biofloc fish farming, fingerling supply, and aerators. (₹50,000)"
3026,dadra-and-nagar-haveli-and-daman-and-diu-soil-health-organic-farming-mission,Soil Health & Organic Farming Mission,Direct Cash Transfer (DBT),8000.0,One-Time,"Free soil nutrient testing kit and bio-compost financial top-up grant. (₹8,000)"
3027,dadra-and-nagar-haveli-and-daman-and-diu-farm-mechanization-rotavator-subsidy,Farm Mechanization & Rotavator Subsidy,Asset & Equipment Subsidy,60000.0,One-Time,"Up to 50% subsidy on modern harvesters, rotavators, and custom hiring centers. (₹60,000)"
3028,dadra-and-nagar-haveli-and-daman-and-diu-post-matric-merit-scholarship,Post-Matric Merit Scholarship,Scholarship & Academic Stipend,18000.0,One-Time,"Tuition fee waiver and maintenance stipend for higher collegiate education. (₹18,000)"
3029,dadra-and-nagar-haveli-and-daman-and-diu-free-digital-tablet-laptop-distribution,Free Digital Tablet & Laptop Distribution,Asset & Equipment Subsidy,15000.0,One-Time,"High-speed digital learning devices distributed to meritorious board students. (₹15,000)"
3030,dadra-and-nagar-haveli-and-daman-and-diu-competitive-exam-coaching-assistance,Competitive Exam Coaching Assistance,Scholarship & Academic Stipend,50000.0,One-Time,"100% sponsored classroom coaching for UPSC, PSC, JEE, and NEET exams. (₹50,000)"
3031,dadra-and-nagar-haveli-and-daman-and-diu-girl-child-higher-education-incentive,Girl Child Higher Education Incentive,Direct Cash Transfer (DBT),25000.0,One-Time,"Direct milestone grant upon enrolling in undergraduate degree programs. (₹25,000)"
3032,dadra-and-nagar-haveli-and-daman-and-diu-technical-polytechnic-skill-stipend,Technical & Polytechnic Skill Stipend,Scholarship & Academic Stipend,12000.0,Monthly,"Monthly allowance for students pursuing diploma and industrial training. (₹12,000)"
3033,dadra-and-nagar-haveli-and-daman-and-diu-overseas-education-scholarship-for-ews,Overseas Education Scholarship for EWS,Subsidized / Collateral-Free Loan,500000.0,One-Time,"Educational loan interest subsidy for foreign universities. (₹500,000)"
3034,dadra-and-nagar-haveli-and-daman-and-diu-special-education-aid-for-divyang-students,Special Education Aid for Divyang Students,Direct Cash Transfer (DBT),20000.0,One-Time,"Assistive braille, hearing aids, and transport allowance for disabled students. (₹20,000)"
3035,dadra-and-nagar-haveli-and-daman-and-diu-matru-kalyan-nutrition-dbt,Matru Kalyan & Nutrition DBT,Subsidized Food & Nutrition,6000.0,One-Time,"Conditional cash transfer across pregnancy trimesters and post-natal care. (₹6,000)"
3036,dadra-and-nagar-haveli-and-daman-and-diu-mahila-swavalamban-livelihood-grant,Mahila Swavalamban Livelihood Grant,Direct Cash Transfer (DBT),50000.0,One-Time,"Revolving seed fund for women Self-Help Groups (SHGs) to start enterprises. (₹50,000)"
3037,dadra-and-nagar-haveli-and-daman-and-diu-kanya-vivah-marriage-assistance,Kanya Vivah & Marriage Assistance,Direct Cash Transfer (DBT),51000.0,One-Time,"Direct financial grant for marriage of daughters from economically weaker families. (₹51,000)"
3038,dadra-and-nagar-haveli-and-daman-and-diu-working-women-hostel-transport-subsidy,Working Women Hostel & Transport Subsidy,Asset & Equipment Subsidy,15000.0,Monthly,"Subsidized secure safe housing and monthly urban commute pass. (₹15,000)"
3039,dadra-and-nagar-haveli-and-daman-and-diu-single-mother-destitute-women-pension,Single Mother & Destitute Women Pension,Monthly Social Security Pension,15000.0,Monthly,"Monthly social security pension for widowed and abandoned women. (₹15,000)"
3040,dadra-and-nagar-haveli-and-daman-and-diu-sukanya-samriddhi-high-interest-top-up,Sukanya Samriddhi High-Interest Top-Up,Asset & Equipment Subsidy,10000.0,One-Time,"State government interest subsidy top-up on girl child savings accounts. (₹10,000)"
3041,dadra-and-nagar-haveli-and-daman-and-diu-universal-cashless-health-insurance,Universal Cashless Health Insurance,Health & Accidental Insurance Cover,500000.0,Annual,"Annual cashless hospitalization and surgical treatment cover in network hospitals. (₹500,000)"
3042,dadra-and-nagar-haveli-and-daman-and-diu-critical-illness-relief-fund-cancer-kidney,Critical Illness Relief Fund (Cancer & Kidney),Health & Accidental Insurance Cover,200000.0,Claim-Based,"One-time financial relief grant for dialysis, chemotherapy, and heart surgery. (₹200,000)"
3043,dadra-and-nagar-haveli-and-daman-and-diu-free-diagnostic-tests-medicine-scheme,Free Diagnostic Tests & Medicine Scheme,Direct Cash Transfer (DBT),10000.0,One-Time,"100% free prescription drugs and pathology tests at government clinics. (₹10,000)"
3044,dadra-and-nagar-haveli-and-daman-and-diu-senior-citizen-specialized-geriatric-care,Senior Citizen Specialized Geriatric Care,Direct Cash Transfer (DBT),15000.0,One-Time,"Free cataract surgeries, hearing aids, and doorstep chronic care medicine. (₹15,000)"
3045,dadra-and-nagar-haveli-and-daman-and-diu-emergency-accidental-trauma-insurance,Emergency Accidental Trauma Insurance,Health & Accidental Insurance Cover,100000.0,Claim-Based,"Immediate cashless golden-hour emergency trauma care coverage. (₹100,000)"
3058,delhi-dairy-cattle-development-incentive,Dairy & Cattle Development Incentive,Direct Cash Transfer (DBT),40000.0,One-Time,"Financial assistance for purchasing high-yield milch cows and buffaloes. (₹40,000)"
3046,dadra-and-nagar-haveli-and-daman-and-diu-old-age-social-security-pension,Old Age Social Security Pension,Monthly Social Security Pension,12000.0,Monthly,"Monthly direct benefit transfer pension for elderly citizens aged 60 and above. (₹12,000)"
3047,dadra-and-nagar-haveli-and-daman-and-diu-divyangjan-disability-monthly-pension,Divyangjan Disability Monthly Pension,Monthly Social Security Pension,18000.0,Monthly,"Monthly financial support and motorized tricycle allowance for disabled persons. (₹18,000)"
3048,dadra-and-nagar-haveli-and-daman-and-diu-antyodaya-subsidized-food-security,Antyodaya Subsidized Food Security,Subsidized Food & Nutrition,8000.0,Monthly,"Subsidized monthly ration of 35kg foodgrains for poorest-of-poor households. (₹8,000)"
3049,dadra-and-nagar-haveli-and-daman-and-diu-sanitation-workers-rehabilitation-grant,Sanitation Workers Rehabilitation Grant,Asset & Equipment Subsidy,40000.0,One-Time,"Capital subsidy and skill retraining for sanitary workers and sewer workers. (₹40,000)"
3050,dadra-and-nagar-haveli-and-daman-and-diu-tribal-livelihood-forest-produce-grant,Tribal Livelihood & Forest Produce Grant,Asset & Equipment Subsidy,20000.0,One-Time,"Direct procurement support and value addition subsidy for minor forest produce. (₹20,000)"
3051,dadra-and-nagar-haveli-and-daman-and-diu-youth-apprenticeship-monthly-stipend,Youth Apprenticeship Monthly Stipend,Scholarship & Academic Stipend,18000.0,Monthly,"Direct government stipend top-up for technical industrial apprenticeships. (₹18,000)"
3052,dadra-and-nagar-haveli-and-daman-and-diu-artisan-craftsman-modern-tool-kit-grant,Artisan & Craftsman Modern Tool Kit Grant,Subsidized / Collateral-Free Loan,20000.0,One-Time,"Free motorized toolkits and collateral-free micro credit for traditional artisans. (₹20,000)"
3053,dadra-and-nagar-haveli-and-daman-and-diu-rural-youth-driving-heavy-machinery-training,Rural Youth Driving & Heavy Machinery Training,Asset & Equipment Subsidy,25000.0,One-Time,"100% sponsored commercial vehicle and excavator driver training. (₹25,000)"
3054,dadra-and-nagar-haveli-and-daman-and-diu-it-emerging-tech-bootcamp-voucher,IT & Emerging Tech Bootcamp Voucher,Scholarship & Academic Stipend,35000.0,One-Time,"Full tuition sponsorship for AI, Cloud, and Software certification bootcamps. (₹35,000)"
3055,delhi-kisan-samriddhi-crop-assistance,Kisan Samriddhi & Crop Assistance,Asset & Equipment Subsidy,6000.0,One-Time,"Financial input subsidy for seed, fertilizer, and organic cultivation equipment. (₹6,000)"
3056,delhi-solar-krishi-pump-subsidy,Solar Krishi Pump Subsidy,Asset & Equipment Subsidy,75000.0,One-Time,"Up to 90% capital subsidy for installing off-grid solar irrigation pumps. (₹75,000)"
3061,delhi-soil-health-organic-farming-mission,Soil Health & Organic Farming Mission,Direct Cash Transfer (DBT),8000.0,One-Time,"Free soil nutrient testing kit and bio-compost financial top-up grant. (₹8,000)"
3062,delhi-farm-mechanization-rotavator-subsidy,Farm Mechanization & Rotavator Subsidy,Asset & Equipment Subsidy,60000.0,One-Time,"Up to 50% subsidy on modern harvesters, rotavators, and custom hiring centers. (₹60,000)"
3063,delhi-post-matric-merit-scholarship,Post-Matric Merit Scholarship,Scholarship & Academic Stipend,18000.0,One-Time,"Tuition fee waiver and maintenance stipend for higher collegiate education. (₹18,000)"
3064,delhi-free-digital-tablet-laptop-distribution,Free Digital Tablet & Laptop Distribution,Asset & Equipment Subsidy,15000.0,One-Time,"High-speed digital learning devices distributed to meritorious board students. (₹15,000)"
3065,delhi-competitive-exam-coaching-assistance,Competitive Exam Coaching Assistance,Scholarship & Academic Stipend,50000.0,One-Time,"100% sponsored classroom coaching for UPSC, PSC, JEE, and NEET exams. (₹50,000)"
3066,delhi-girl-child-higher-education-incentive,Girl Child Higher Education Incentive,Direct Cash Transfer (DBT),25000.0,One-Time,"Direct milestone grant upon enrolling in undergraduate degree programs. (₹25,000)"
3067,delhi-technical-polytechnic-skill-stipend,Technical & Polytechnic Skill Stipend,Scholarship & Academic Stipend,12000.0,Monthly,"Monthly allowance for students pursuing diploma and industrial training. (₹12,000)"
3068,delhi-overseas-education-scholarship-for-ews,Overseas Education Scholarship for EWS,Subsidized / Collateral-Free Loan,500000.0,One-Time,"Educational loan interest subsidy for foreign universities. (₹500,000)"
3069,delhi-special-education-aid-for-divyang-students,Special Education Aid for Divyang Students,Direct Cash Transfer (DBT),20000.0,One-Time,"Assistive braille, hearing aids, and transport allowance for disabled students. (₹20,000)"
3070,delhi-matru-kalyan-nutrition-dbt,Matru Kalyan & Nutrition DBT,Subsidized Food & Nutrition,6000.0,One-Time,"Conditional cash transfer across pregnancy trimesters and post-natal care. (₹6,000)"
3071,delhi-mahila-swavalamban-livelihood-grant,Mahila Swavalamban Livelihood Grant,Direct Cash Transfer (DBT),50000.0,One-Time,"Revolving seed fund for women Self-Help Groups (SHGs) to start enterprises. (₹50,000)"
3072,delhi-kanya-vivah-marriage-assistance,Kanya Vivah & Marriage Assistance,Direct Cash Transfer (DBT),51000.0,One-Time,"Direct financial grant for marriage of daughters from economically weaker families. (₹51,000)"
3073,delhi-working-women-hostel-transport-subsidy,Working Women Hostel & Transport Subsidy,Asset & Equipment Subsidy,15000.0,Monthly,"Subsidized secure safe housing and monthly urban commute pass. (₹15,000)"
3074,delhi-single-mother-destitute-women-pension,Single Mother & Destitute Women Pension,Monthly Social Security Pension,15000.0,Monthly,"Monthly social security pension for widowed and abandoned women. (₹15,000)"
3075,delhi-sukanya-samriddhi-high-interest-top-up,Sukanya Samriddhi High-Interest Top-Up,Asset & Equipment Subsidy,10000.0,One-Time,"State government interest subsidy top-up on girl child savings accounts. (₹10,000)"
3076,delhi-universal-cashless-health-insurance,Universal Cashless Health Insurance,Health & Accidental Insurance Cover,500000.0,Annual,"Annual cashless hospitalization and surgical treatment cover in network hospitals. (₹500,000)"
3077,delhi-critical-illness-relief-fund-cancer-kidney,Critical Illness Relief Fund (Cancer & Kidney),Health & Accidental Insurance Cover,200000.0,Claim-Based,"One-time financial relief grant for dialysis, chemotherapy, and heart surgery. (₹200,000)"
3078,delhi-free-diagnostic-tests-medicine-scheme,Free Diagnostic Tests & Medicine Scheme,Direct Cash Transfer (DBT),10000.0,One-Time,"100% free prescription drugs and pathology tests at government clinics. (₹10,000)"
3079,delhi-senior-citizen-specialized-geriatric-care,Senior Citizen Specialized Geriatric Care,Direct Cash Transfer (DBT),15000.0,One-Time,"Free cataract surgeries, hearing aids, and doorstep chronic care medicine. (₹15,000)"
3080,delhi-emergency-accidental-trauma-insurance,Emergency Accidental Trauma Insurance,Health & Accidental Insurance Cover,100000.0,Claim-Based,"Immediate cashless golden-hour emergency trauma care coverage. (₹100,000)"
3081,delhi-old-age-social-security-pension,Old Age Social Security Pension,Monthly Social Security Pension,12000.0,Monthly,"Monthly direct benefit transfer pension for elderly citizens aged 60 and above. (₹12,000)"
3082,delhi-divyangjan-disability-monthly-pension,Divyangjan Disability Monthly Pension,Monthly Social Security Pension,18000.0,Monthly,"Monthly financial support and motorized tricycle allowance for disabled persons. (₹18,000)"
3083,delhi-antyodaya-subsidized-food-security,Antyodaya Subsidized Food Security,Subsidized Food & Nutrition,8000.0,Monthly,"Subsidized monthly ration of 35kg foodgrains for poorest-of-poor households. (₹8,000)"
3084,delhi-sanitation-workers-rehabilitation-grant,Sanitation Workers Rehabilitation Grant,Asset & Equipment Subsidy,40000.0,One-Time,"Capital subsidy and skill retraining for sanitary workers and sewer workers. (₹40,000)"
3085,delhi-tribal-livelihood-forest-produce-grant,Tribal Livelihood & Forest Produce Grant,Asset & Equipment Subsidy,20000.0,One-Time,"Direct procurement support and value addition subsidy for minor forest produce. (₹20,000)"
3086,delhi-youth-apprenticeship-monthly-stipend,Youth Apprenticeship Monthly Stipend,Scholarship & Academic Stipend,18000.0,Monthly,"Direct government stipend top-up for technical industrial apprenticeships. (₹18,000)"
3087,delhi-artisan-craftsman-modern-tool-kit-grant,Artisan & Craftsman Modern Tool Kit Grant,Subsidized / Collateral-Free Loan,20000.0,One-Time,"Free motorized toolkits and collateral-free micro credit for traditional artisans. (₹20,000)"
3088,delhi-rural-youth-driving-heavy-machinery-training,Rural Youth Driving & Heavy Machinery Training,Asset & Equipment Subsidy,25000.0,One-Time,"100% sponsored commercial vehicle and excavator driver training. (₹25,000)"
3089,delhi-it-emerging-tech-bootcamp-voucher,IT & Emerging Tech Bootcamp Voucher,Scholarship & Academic Stipend,35000.0,One-Time,"Full tuition sponsorship for AI, Cloud, and Software certification bootcamps. (₹35,000)"
3090,delhi-self-employment-micro-credit-guarantee,Self-Employment Micro-Credit Guarantee,Subsidized / Collateral-Free Loan,500000.0,One-Time,"Collateral-free subsidized loan up to ₹5 Lakh for starting local enterprises. (₹100,000)"
3091,delhi-pucca-house-construction-subsidy,Pucca House Construction Subsidy,Asset & Equipment Subsidy,150000.0,Quarterly,"Direct installment financial grant for building disaster-resilient pucca home. (₹150,000)"
3092,delhi-rooftop-solar-green-energy-assistance,Rooftop Solar & Green Energy Assistance,Asset & Equipment Subsidy,50000.0,One-Time,"Capital subsidy for grid-connected rooftop solar installation for homeowners. (₹50,000)"
3093,delhi-slum-rehabilitation-ews-flat-allocation,Slum Rehabilitation & EWS Flat Allocation,Asset & Equipment Subsidy,250000.0,One-Time,"Subsidized ownership allotment of 1BHK flats with basic civic amenities. (₹250,000)"
3094,delhi-rural-toilet-water-tap-incentive,Rural Toilet & Water Tap Incentive,Direct Cash Transfer (DBT),12000.0,One-Time,"Financial assistance for individual household latrines and clean piped tap. (₹12,000)"
3095,delhi-micro-enterprise-collateral-free-loan,Micro Enterprise Collateral-Free Loan,Subsidized / Collateral-Free Loan,1000000.0,One-Time,"Guaranteed working capital and equipment loan up to ₹10 Lakh at subsidized interest. (₹200,000)"
3096,delhi-women-entrepreneur-startup-grant,Women Entrepreneur Startup Grant,Direct Cash Transfer (DBT),100000.0,One-Time,"Seed funding capital grant for innovative women-founded MSME ventures. (₹100,000)"
3097,delhi-export-promotion-quality-certification-subsidy,Export Promotion & Quality Certification Subsidy,Asset & Equipment Subsidy,75000.0,One-Time,"Reimbursement for ISO, ZED, and international trade mark registration costs. (₹75,000)"
3098,delhi-credit-linked-capital-subsidy-for-tech-upgradation,Credit Linked Capital Subsidy for Tech Upgradation,Asset & Equipment Subsidy,150000.0,One-Time,"15% upfront capital subsidy for machinery modernization in manufacturing. (₹150,000)"
3099,delhi-e-vehicle-green-mobility-subsidy,E-Vehicle & Green Mobility Subsidy,Asset & Equipment Subsidy,20000.0,One-Time,"Direct cash incentive on purchase of electric 2-wheelers and 3-wheelers. (₹20,000)"
3100,delhi-rainwater-harvesting-ground-water-recharge-grant,Rainwater Harvesting & Ground Water Recharge Grant,Asset & Equipment Subsidy,15000.0,One-Time,"Subsidized rooftop rainwater harvesting system for individual residences. (₹15,000)"
3101,delhi-bio-gas-cattle-dung-renewable-plant-subsidy,Bio-Gas & Cattle Dung Renewable Plant Subsidy,Asset & Equipment Subsidy,18000.0,One-Time,"Financial support for installing domestic Gobar-Dhan biogas units. (₹18,000)"
3102,delhi-phase-2-kisan-samriddhi-crop-assistance,Kisan Samriddhi & Crop Assistance,Asset & Equipment Subsidy,6000.0,One-Time,"Financial input subsidy for seed, fertilizer, and organic cultivation equipment. (₹6,000)"
3103,delhi-phase-2-solar-krishi-pump-subsidy,Solar Krishi Pump Subsidy,Asset & Equipment Subsidy,75000.0,One-Time,"Up to 90% capital subsidy for installing off-grid solar irrigation pumps. (₹75,000)"
3104,delhi-phase-2-horticulture-drip-irrigation-grant,Horticulture & Drip Irrigation Grant,Asset & Equipment Subsidy,25000.0,One-Time,"Direct subsidy for drip, sprinkler, and precision micro-irrigation installation. (₹25,000)"
3105,delhi-phase-2-dairy-cattle-development-incentive,Dairy & Cattle Development Incentive,Direct Cash Transfer (DBT),40000.0,One-Time,"Financial assistance for purchasing high-yield milch cows and buffaloes. (₹40,000)"
3106,delhi-phase-2-fodder-cultivation-animal-care-grant,Fodder Cultivation & Animal Care Grant,Asset & Equipment Subsidy,12000.0,One-Time,"Subsidized silage, quality seeds, and livestock health vaccination support. (₹12,000)"
3107,delhi-phase-2-fisheries-pond-biofloc-support,Fisheries Pond & Biofloc Support,Direct Cash Transfer (DBT),50000.0,One-Time,"Capital grant for biofloc fish farming, fingerling supply, and aerators. (₹50,000)"
3108,delhi-phase-2-soil-health-organic-farming-mission,Soil Health & Organic Farming Mission,Direct Cash Transfer (DBT),8000.0,One-Time,"Free soil nutrient testing kit and bio-compost financial top-up grant. (₹8,000)"
3109,delhi-phase-2-farm-mechanization-rotavator-subsidy,Farm Mechanization & Rotavator Subsidy,Asset & Equipment Subsidy,60000.0,One-Time,"Up to 50% subsidy on modern harvesters, rotavators, and custom hiring centers. (₹60,000)"
3110,delhi-phase-2-post-matric-merit-scholarship,Post-Matric Merit Scholarship,Scholarship & Academic Stipend,18000.0,One-Time,"Tuition fee waiver and maintenance stipend for higher collegiate education. (₹18,000)"
3111,delhi-phase-2-free-digital-tablet-laptop-distribution,Free Digital Tablet & Laptop Distribution,Asset & Equipment Subsidy,15000.0,One-Time,"High-speed digital learning devices distributed to meritorious board students. (₹15,000)"
3112,delhi-phase-2-competitive-exam-coaching-assistance,Competitive Exam Coaching Assistance,Scholarship & Academic Stipend,50000.0,One-Time,"100% sponsored classroom coaching for UPSC, PSC, JEE, and NEET exams. (₹50,000)"
3113,delhi-phase-2-girl-child-higher-education-incentive,Girl Child Higher Education Incentive,Direct Cash Transfer (DBT),25000.0,One-Time,"Direct milestone grant upon enrolling in undergraduate degree programs. (₹25,000)"
3114,delhi-phase-2-technical-polytechnic-skill-stipend,Technical & Polytechnic Skill Stipend,Scholarship & Academic Stipend,12000.0,Monthly,"Monthly allowance for students pursuing diploma and industrial training. (₹12,000)"
3115,delhi-phase-2-overseas-education-scholarship-for-ews,Overseas Education Scholarship for EWS,Subsidized / Collateral-Free Loan,500000.0,One-Time,"Educational loan interest subsidy for foreign universities. (₹500,000)"
3116,delhi-phase-2-special-education-aid-for-divyang-students,Special Education Aid for Divyang Students,Direct Cash Transfer (DBT),20000.0,One-Time,"Assistive braille, hearing aids, and transport allowance for disabled students. (₹20,000)"
3117,delhi-phase-2-matru-kalyan-nutrition-dbt,Matru Kalyan & Nutrition DBT,Subsidized Food & Nutrition,6000.0,One-Time,"Conditional cash transfer across pregnancy trimesters and post-natal care. (₹6,000)"
3118,delhi-phase-2-mahila-swavalamban-livelihood-grant,Mahila Swavalamban Livelihood Grant,Direct Cash Transfer (DBT),50000.0,One-Time,"Revolving seed fund for women Self-Help Groups (SHGs) to start enterprises. (₹50,000)"
3119,delhi-phase-2-kanya-vivah-marriage-assistance,Kanya Vivah & Marriage Assistance,Direct Cash Transfer (DBT),51000.0,One-Time,"Direct financial grant for marriage of daughters from economically weaker families. (₹51,000)"
3120,delhi-phase-2-working-women-hostel-transport-subsidy,Working Women Hostel & Transport Subsidy,Asset & Equipment Subsidy,15000.0,Monthly,"Subsidized secure safe housing and monthly urban commute pass. (₹15,000)"
3121,delhi-phase-2-single-mother-destitute-women-pension,Single Mother & Destitute Women Pension,Monthly Social Security Pension,15000.0,Monthly,"Monthly social security pension for widowed and abandoned women. (₹15,000)"
3122,delhi-phase-2-sukanya-samriddhi-high-interest-top-up,Sukanya Samriddhi High-Interest Top-Up,Asset & Equipment Subsidy,10000.0,One-Time,"State government interest subsidy top-up on girl child savings accounts. (₹10,000)"
3123,delhi-phase-2-universal-cashless-health-insurance,Universal Cashless Health Insurance,Health & Accidental Insurance Cover,500000.0,Annual,"Annual cashless hospitalization and surgical treatment cover in network hospitals. (₹500,000)"
3124,delhi-phase-2-critical-illness-relief-fund-cancer-kidney,Critical Illness Relief Fund (Cancer & Kidney),Health & Accidental Insurance Cover,200000.0,Claim-Based,"One-time financial relief grant for dialysis, chemotherapy, and heart surgery. (₹200,000)"
3125,delhi-phase-2-free-diagnostic-tests-medicine-scheme,Free Diagnostic Tests & Medicine Scheme,Direct Cash Transfer (DBT),10000.0,One-Time,"100% free prescription drugs and pathology tests at government clinics. (₹10,000)"
3126,delhi-phase-2-senior-citizen-specialized-geriatric-care,Senior Citizen Specialized Geriatric Care,Direct Cash Transfer (DBT),15000.0,One-Time,"Free cataract surgeries, hearing aids, and doorstep chronic care medicine. (₹15,000)"
3127,delhi-phase-2-emergency-accidental-trauma-insurance,Emergency Accidental Trauma Insurance,Health & Accidental Insurance Cover,100000.0,Claim-Based,"Immediate cashless golden-hour emergency trauma care coverage. (₹100,000)"
3128,delhi-phase-2-old-age-social-security-pension,Old Age Social Security Pension,Monthly Social Security Pension,12000.0,Monthly,"Monthly direct benefit transfer pension for elderly citizens aged 60 and above. (₹12,000)"
3129,delhi-phase-2-divyangjan-disability-monthly-pension,Divyangjan Disability Monthly Pension,Monthly Social Security Pension,18000.0,Monthly,"Monthly financial support and motorized tricycle allowance for disabled persons. (₹18,000)"
3130,delhi-phase-2-antyodaya-subsidized-food-security,Antyodaya Subsidized Food Security,Subsidized Food & Nutrition,8000.0,Monthly,"Subsidized monthly ration of 35kg foodgrains for poorest-of-poor households. (₹8,000)"
3131,delhi-phase-2-sanitation-workers-rehabilitation-grant,Sanitation Workers Rehabilitation Grant,Asset & Equipment Subsidy,40000.0,One-Time,"Capital subsidy and skill retraining for sanitary workers and sewer workers. (₹40,000)"
3132,delhi-phase-2-tribal-livelihood-forest-produce-grant,Tribal Livelihood & Forest Produce Grant,Asset & Equipment Subsidy,20000.0,One-Time,"Direct procurement support and value addition subsidy for minor forest produce. (₹20,000)"
3133,delhi-phase-2-youth-apprenticeship-monthly-stipend,Youth Apprenticeship Monthly Stipend,Scholarship & Academic Stipend,18000.0,Monthly,"Direct government stipend top-up for technical industrial apprenticeships. (₹18,000)"
3134,delhi-phase-2-artisan-craftsman-modern-tool-kit-grant,Artisan & Craftsman Modern Tool Kit Grant,Subsidized / Collateral-Free Loan,20000.0,One-Time,"Free motorized toolkits and collateral-free micro credit for traditional artisans. (₹20,000)"
3135,delhi-phase-2-rural-youth-driving-heavy-machinery-training,Rural Youth Driving & Heavy Machinery Training,Asset & Equipment Subsidy,25000.0,One-Time,"100% sponsored commercial vehicle and excavator driver training. (₹25,000)"
3136,delhi-phase-2-it-emerging-tech-bootcamp-voucher,IT & Emerging Tech Bootcamp Voucher,Scholarship & Academic Stipend,35000.0,One-Time,"Full tuition sponsorship for AI, Cloud, and Software certification bootcamps. (₹35,000)"
3137,delhi-phase-2-self-employment-micro-credit-guarantee,Self-Employment Micro-Credit Guarantee,Subsidized / Collateral-Free Loan,500000.0,One-Time,"Collateral-free subsidized loan up to ₹5 Lakh for starting local enterprises. (₹100,000)"
3138,delhi-phase-2-pucca-house-construction-subsidy,Pucca House Construction Subsidy,Asset & Equipment Subsidy,150000.0,Quarterly,"Direct installment financial grant for building disaster-resilient pucca home. (₹150,000)"
3139,delhi-phase-2-rooftop-solar-green-energy-assistance,Rooftop Solar & Green Energy Assistance,Asset & Equipment Subsidy,50000.0,One-Time,"Capital subsidy for grid-connected rooftop solar installation for homeowners. (₹50,000)"
3140,delhi-phase-2-slum-rehabilitation-ews-flat-allocation,Slum Rehabilitation & EWS Flat Allocation,Asset & Equipment Subsidy,250000.0,One-Time,"Subsidized ownership allotment of 1BHK flats with basic civic amenities. (₹250,000)"
3141,delhi-phase-2-rural-toilet-water-tap-incentive,Rural Toilet & Water Tap Incentive,Direct Cash Transfer (DBT),12000.0,One-Time,"Financial assistance for individual household latrines and clean piped tap. (₹12,000)"
3142,delhi-phase-2-micro-enterprise-collateral-free-loan,Micro Enterprise Collateral-Free Loan,Subsidized / Collateral-Free Loan,1000000.0,One-Time,"Guaranteed working capital and equipment loan up to ₹10 Lakh at subsidized interest. (₹200,000)"
3143,delhi-phase-2-women-entrepreneur-startup-grant,Women Entrepreneur Startup Grant,Direct Cash Transfer (DBT),100000.0,One-Time,"Seed funding capital grant for innovative women-founded MSME ventures. (₹100,000)"
3144,delhi-phase-2-export-promotion-quality-certification-subsidy,Export Promotion & Quality Certification Subsidy,Asset & Equipment Subsidy,75000.0,One-Time,"Reimbursement for ISO, ZED, and international trade mark registration costs. (₹75,000)"
3145,delhi-phase-2-credit-linked-capital-subsidy-for-tech-upgradation,Credit Linked Capital Subsidy for Tech Upgradation,Asset & Equipment Subsidy,150000.0,One-Time,"15% upfront capital subsidy for machinery modernization in manufacturing. (₹150,000)"
3146,delhi-phase-2-e-vehicle-green-mobility-subsidy,E-Vehicle & Green Mobility Subsidy,Asset & Equipment Subsidy,20000.0,One-Time,"Direct cash incentive on purchase of electric 2-wheelers and 3-wheelers. (₹20,000)"
3147,delhi-phase-2-rainwater-harvesting-ground-water-recharge-grant,Rainwater Harvesting & Ground Water Recharge Grant,Asset & Equipment Subsidy,15000.0,One-Time,"Subsidized rooftop rainwater harvesting system for individual residences. (₹15,000)"
3148,delhi-phase-2-bio-gas-cattle-dung-renewable-plant-subsidy,Bio-Gas & Cattle Dung Renewable Plant Subsidy,Asset & Equipment Subsidy,18000.0,One-Time,"Financial support for installing domestic Gobar-Dhan biogas units. (₹18,000)"
3149,delhi-phase-3-kisan-samriddhi-crop-assistance,Kisan Samriddhi & Crop Assistance,Asset & Equipment Subsidy,6000.0,One-Time,"Financial input subsidy for seed, fertilizer, and organic cultivation equipment. (₹6,000)"
3150,jammu-and-kashmir-kisan-samriddhi-crop-assistance,Kisan Samriddhi & Crop Assistance,Asset & Equipment Subsidy,6000.0,One-Time,"Financial input subsidy for seed, fertilizer, and organic cultivation equipment. (₹6,000)"
3151,jammu-and-kashmir-solar-krishi-pump-subsidy,Solar Krishi Pump Subsidy,Asset & Equipment Subsidy,75000.0,One-Time,"Up to 90% capital subsidy for installing off-grid solar irrigation pumps. (₹75,000)"
3152,jammu-and-kashmir-horticulture-drip-irrigation-grant,Horticulture & Drip Irrigation Grant,Asset & Equipment Subsidy,25000.0,One-Time,"Direct subsidy for drip, sprinkler, and precision micro-irrigation installation. (₹25,000)"
3153,jammu-and-kashmir-dairy-cattle-development-incentive,Dairy & Cattle Development Incentive,Direct Cash Transfer (DBT),40000.0,One-Time,"Financial assistance for purchasing high-yield milch cows and buffaloes. (₹40,000)"
3154,jammu-and-kashmir-fodder-cultivation-animal-care-grant,Fodder Cultivation & Animal Care Grant,Asset & Equipment Subsidy,12000.0,One-Time,"Subsidized silage, quality seeds, and livestock health vaccination support. (₹12,000)"
3155,jammu-and-kashmir-fisheries-pond-biofloc-support,Fisheries Pond & Biofloc Support,Direct Cash Transfer (DBT),50000.0,One-Time,"Capital grant for biofloc fish farming, fingerling supply, and aerators. (₹50,000)"
3156,jammu-and-kashmir-soil-health-organic-farming-mission,Soil Health & Organic Farming Mission,Direct Cash Transfer (DBT),8000.0,One-Time,"Free soil nutrient testing kit and bio-compost financial top-up grant. (₹8,000)"
3157,jammu-and-kashmir-farm-mechanization-rotavator-subsidy,Farm Mechanization & Rotavator Subsidy,Asset & Equipment Subsidy,60000.0,One-Time,"Up to 50% subsidy on modern harvesters, rotavators, and custom hiring centers. (₹60,000)"
3158,jammu-and-kashmir-post-matric-merit-scholarship,Post-Matric Merit Scholarship,Scholarship & Academic Stipend,18000.0,One-Time,"Tuition fee waiver and maintenance stipend for higher collegiate education. (₹18,000)"
3159,jammu-and-kashmir-free-digital-tablet-laptop-distribution,Free Digital Tablet & Laptop Distribution,Asset & Equipment Subsidy,15000.0,One-Time,"High-speed digital learning devices distributed to meritorious board students. (₹15,000)"
3160,jammu-and-kashmir-competitive-exam-coaching-assistance,Competitive Exam Coaching Assistance,Scholarship & Academic Stipend,50000.0,One-Time,"100% sponsored classroom coaching for UPSC, PSC, JEE, and NEET exams. (₹50,000)"
3161,jammu-and-kashmir-girl-child-higher-education-incentive,Girl Child Higher Education Incentive,Direct Cash Transfer (DBT),25000.0,One-Time,"Direct milestone grant upon enrolling in undergraduate degree programs. (₹25,000)"
3162,jammu-and-kashmir-technical-polytechnic-skill-stipend,Technical & Polytechnic Skill Stipend,Scholarship & Academic Stipend,12000.0,Monthly,"Monthly allowance for students pursuing diploma and industrial training. (₹12,000)"
3163,jammu-and-kashmir-overseas-education-scholarship-for-ews,Overseas Education Scholarship for EWS,Subsidized / Collateral-Free Loan,500000.0,One-Time,"Educational loan interest subsidy for foreign universities. (₹500,000)"
3164,jammu-and-kashmir-special-education-aid-for-divyang-students,Special Education Aid for Divyang Students,Direct Cash Transfer (DBT),20000.0,One-Time,"Assistive braille, hearing aids, and transport allowance for disabled students. (₹20,000)"
3165,jammu-and-kashmir-matru-kalyan-nutrition-dbt,Matru Kalyan & Nutrition DBT,Subsidized Food & Nutrition,6000.0,One-Time,"Conditional cash transfer across pregnancy trimesters and post-natal care. (₹6,000)"
3166,jammu-and-kashmir-mahila-swavalamban-livelihood-grant,Mahila Swavalamban Livelihood Grant,Direct Cash Transfer (DBT),50000.0,One-Time,"Revolving seed fund for women Self-Help Groups (SHGs) to start enterprises. (₹50,000)"
3167,jammu-and-kashmir-kanya-vivah-marriage-assistance,Kanya Vivah & Marriage Assistance,Direct Cash Transfer (DBT),51000.0,One-Time,"Direct financial grant for marriage of daughters from economically weaker families. (₹51,000)"
3168,jammu-and-kashmir-working-women-hostel-transport-subsidy,Working Women Hostel & Transport Subsidy,Asset & Equipment Subsidy,15000.0,Monthly,"Subsidized secure safe housing and monthly urban commute pass. (₹15,000)"
3169,jammu-and-kashmir-single-mother-destitute-women-pension,Single Mother & Destitute Women Pension,Monthly Social Security Pension,15000.0,Monthly,"Monthly social security pension for widowed and abandoned women. (₹15,000)"
3170,jammu-and-kashmir-sukanya-samriddhi-high-interest-top-up,Sukanya Samriddhi High-Interest Top-Up,Asset & Equipment Subsidy,10000.0,One-Time,"State government interest subsidy top-up on girl child savings accounts. (₹10,000)"
3171,jammu-and-kashmir-universal-cashless-health-insurance,Universal Cashless Health Insurance,Health & Accidental Insurance Cover,500000.0,Annual,"Annual cashless hospitalization and surgical treatment cover in network hospitals. (₹500,000)"
3172,jammu-and-kashmir-critical-illness-relief-fund-cancer-kidney,Critical Illness Relief Fund (Cancer & Kidney),Health & Accidental Insurance Cover,200000.0,Claim-Based,"One-time financial relief grant for dialysis, chemotherapy, and heart surgery. (₹200,000)"
3173,jammu-and-kashmir-free-diagnostic-tests-medicine-scheme,Free Diagnostic Tests & Medicine Scheme,Direct Cash Transfer (DBT),10000.0,One-Time,"100% free prescription drugs and pathology tests at government clinics. (₹10,000)"
3174,jammu-and-kashmir-senior-citizen-specialized-geriatric-care,Senior Citizen Specialized Geriatric Care,Direct Cash Transfer (DBT),15000.0,One-Time,"Free cataract surgeries, hearing aids, and doorstep chronic care medicine. (₹15,000)"
3175,jammu-and-kashmir-emergency-accidental-trauma-insurance,Emergency Accidental Trauma Insurance,Health & Accidental Insurance Cover,100000.0,Claim-Based,"Immediate cashless golden-hour emergency trauma care coverage. (₹100,000)"
3176,jammu-and-kashmir-old-age-social-security-pension,Old Age Social Security Pension,Monthly Social Security Pension,12000.0,Monthly,"Monthly direct benefit transfer pension for elderly citizens aged 60 and above. (₹12,000)"
3177,jammu-and-kashmir-divyangjan-disability-monthly-pension,Divyangjan Disability Monthly Pension,Monthly Social Security Pension,18000.0,Monthly,"Monthly financial support and motorized tricycle allowance for disabled persons. (₹18,000)"
3178,jammu-and-kashmir-antyodaya-subsidized-food-security,Antyodaya Subsidized Food Security,Subsidized Food & Nutrition,8000.0,Monthly,"Subsidized monthly ration of 35kg foodgrains for poorest-of-poor households. (₹8,000)"
3179,jammu-and-kashmir-sanitation-workers-rehabilitation-grant,Sanitation Workers Rehabilitation Grant,Asset & Equipment Subsidy,40000.0,One-Time,"Capital subsidy and skill retraining for sanitary workers and sewer workers. (₹40,000)"
3180,jammu-and-kashmir-tribal-livelihood-forest-produce-grant,Tribal Livelihood & Forest Produce Grant,Asset & Equipment Subsidy,20000.0,One-Time,"Direct procurement support and value addition subsidy for minor forest produce. (₹20,000)"
3181,jammu-and-kashmir-youth-apprenticeship-monthly-stipend,Youth Apprenticeship Monthly Stipend,Scholarship & Academic Stipend,18000.0,Monthly,"Direct government stipend top-up for technical industrial apprenticeships. (₹18,000)"
3182,jammu-and-kashmir-artisan-craftsman-modern-tool-kit-grant,Artisan & Craftsman Modern Tool Kit Grant,Subsidized / Collateral-Free Loan,20000.0,One-Time,"Free motorized toolkits and collateral-free micro credit for traditional artisans. (₹20,000)"
3183,jammu-and-kashmir-rural-youth-driving-heavy-machinery-training,Rural Youth Driving & Heavy Machinery Training,Asset & Equipment Subsidy,25000.0,One-Time,"100% sponsored commercial vehicle and excavator driver training. (₹25,000)"
3184,jammu-and-kashmir-it-emerging-tech-bootcamp-voucher,IT & Emerging Tech Bootcamp Voucher,Scholarship & Academic Stipend,35000.0,One-Time,"Full tuition sponsorship for AI, Cloud, and Software certification bootcamps. (₹35,000)"
3185,jammu-and-kashmir-self-employment-micro-credit-guarantee,Self-Employment Micro-Credit Guarantee,Subsidized / Collateral-Free Loan,500000.0,One-Time,"Collateral-free subsidized loan up to ₹5 Lakh for starting local enterprises. (₹100,000)"
3186,jammu-and-kashmir-pucca-house-construction-subsidy,Pucca House Construction Subsidy,Asset & Equipment Subsidy,150000.0,Quarterly,"Direct installment financial grant for building disaster-resilient pucca home. (₹150,000)"
3187,jammu-and-kashmir-rooftop-solar-green-energy-assistance,Rooftop Solar & Green Energy Assistance,Asset & Equipment Subsidy,50000.0,One-Time,"Capital subsidy for grid-connected rooftop solar installation for homeowners. (₹50,000)"
3188,jammu-and-kashmir-slum-rehabilitation-ews-flat-allocation,Slum Rehabilitation & EWS Flat Allocation,Asset & Equipment Subsidy,250000.0,One-Time,"Subsidized ownership allotment of 1BHK flats with basic civic amenities. (₹250,000)"
3189,jammu-and-kashmir-rural-toilet-water-tap-incentive,Rural Toilet & Water Tap Incentive,Direct Cash Transfer (DBT),12000.0,One-Time,"Financial assistance for individual household latrines and clean piped tap. (₹12,000)"
3190,jammu-and-kashmir-micro-enterprise-collateral-free-loan,Micro Enterprise Collateral-Free Loan,Subsidized / Collateral-Free Loan,1000000.0,One-Time,"Guaranteed working capital and equipment loan up to ₹10 Lakh at subsidized interest. (₹200,000)"
3191,jammu-and-kashmir-women-entrepreneur-startup-grant,Women Entrepreneur Startup Grant,Direct Cash Transfer (DBT),100000.0,One-Time,"Seed funding capital grant for innovative women-founded MSME ventures. (₹100,000)"
3192,jammu-and-kashmir-export-promotion-quality-certification-subsidy,Export Promotion & Quality Certification Subsidy,Asset & Equipment Subsidy,75000.0,One-Time,"Reimbursement for ISO, ZED, and international trade mark registration costs. (₹75,000)"
3193,jammu-and-kashmir-credit-linked-capital-subsidy-for-tech-upgradation,Credit Linked Capital Subsidy for Tech Upgradation,Asset & Equipment Subsidy,150000.0,One-Time,"15% upfront capital subsidy for machinery modernization in manufacturing. (₹150,000)"
3194,jammu-and-kashmir-e-vehicle-green-mobility-subsidy,E-Vehicle & Green Mobility Subsidy,Asset & Equipment Subsidy,20000.0,One-Time,"Direct cash incentive on purchase of electric 2-wheelers and 3-wheelers. (₹20,000)"
3195,jammu-and-kashmir-rainwater-harvesting-ground-water-recharge-grant,Rainwater Harvesting & Ground Water Recharge Grant,Asset & Equipment Subsidy,15000.0,One-Time,"Subsidized rooftop rainwater harvesting system for individual residences. (₹15,000)"
3196,jammu-and-kashmir-bio-gas-cattle-dung-renewable-plant-subsidy,Bio-Gas & Cattle Dung Renewable Plant Subsidy,Asset & Equipment Subsidy,18000.0,One-Time,"Financial support for installing domestic Gobar-Dhan biogas units. (₹18,000)"
3197,jammu-and-kashmir-phase-2-kisan-samriddhi-crop-assistance,Kisan Samriddhi & Crop Assistance,Asset & Equipment Subsidy,6000.0,One-Time,"Financial input subsidy for seed, fertilizer, and organic cultivation equipment. (₹6,000)"
3198,jammu-and-kashmir-phase-2-solar-krishi-pump-subsidy,Solar Krishi Pump Subsidy,Asset & Equipment Subsidy,75000.0,One-Time,"Up to 90% capital subsidy for installing off-grid solar irrigation pumps. (₹75,000)"
3199,jammu-and-kashmir-phase-2-horticulture-drip-irrigation-grant,Horticulture & Drip Irrigation Grant,Asset & Equipment Subsidy,25000.0,One-Time,"Direct subsidy for drip, sprinkler, and precision micro-irrigation installation. (₹25,000)"
3200,jammu-and-kashmir-phase-2-dairy-cattle-development-incentive,Dairy & Cattle Development Incentive,Direct Cash Transfer (DBT),40000.0,One-Time,"Financial assistance for purchasing high-yield milch cows and buffaloes. (₹40,000)"
3201,jammu-and-kashmir-phase-2-fodder-cultivation-animal-care-grant,Fodder Cultivation & Animal Care Grant,Asset & Equipment Subsidy,12000.0,One-Time,"Subsidized silage, quality seeds, and livestock health vaccination support. (₹12,000)"
3202,jammu-and-kashmir-phase-2-fisheries-pond-biofloc-support,Fisheries Pond & Biofloc Support,Direct Cash Transfer (DBT),50000.0,One-Time,"Capital grant for biofloc fish farming, fingerling supply, and aerators. (₹50,000)"
3203,jammu-and-kashmir-phase-2-soil-health-organic-farming-mission,Soil Health & Organic Farming Mission,Direct Cash Transfer (DBT),8000.0,One-Time,"Free soil nutrient testing kit and bio-compost financial top-up grant. (₹8,000)"
3204,jammu-and-kashmir-phase-2-farm-mechanization-rotavator-subsidy,Farm Mechanization & Rotavator Subsidy,Asset & Equipment Subsidy,60000.0,One-Time,"Up to 50% subsidy on modern harvesters, rotavators, and custom hiring centers. (₹60,000)"
3205,jammu-and-kashmir-phase-2-post-matric-merit-scholarship,Post-Matric Merit Scholarship,Scholarship & Academic Stipend,18000.0,One-Time,"Tuition fee waiver and maintenance stipend for higher collegiate education. (₹18,000)"
3206,jammu-and-kashmir-phase-2-free-digital-tablet-laptop-distribution,Free Digital Tablet & Laptop Distribution,Asset & Equipment Subsidy,15000.0,One-Time,"High-speed digital learning devices distributed to meritorious board students. (₹15,000)"
3207,jammu-and-kashmir-phase-2-competitive-exam-coaching-assistance,Competitive Exam Coaching Assistance,Scholarship & Academic Stipend,50000.0,One-Time,"100% sponsored classroom coaching for UPSC, PSC, JEE, and NEET exams. (₹50,000)"
3208,jammu-and-kashmir-phase-2-girl-child-higher-education-incentive,Girl Child Higher Education Incentive,Direct Cash Transfer (DBT),25000.0,One-Time,"Direct milestone grant upon enrolling in undergraduate degree programs. (₹25,000)"
3209,jammu-and-kashmir-phase-2-technical-polytechnic-skill-stipend,Technical & Polytechnic Skill Stipend,Scholarship & Academic Stipend,12000.0,Monthly,"Monthly allowance for students pursuing diploma and industrial training. (₹12,000)"
3210,jammu-and-kashmir-phase-2-overseas-education-scholarship-for-ews,Overseas Education Scholarship for EWS,Subsidized / Collateral-Free Loan,500000.0,One-Time,"Educational loan interest subsidy for foreign universities. (₹500,000)"
3211,jammu-and-kashmir-phase-2-special-education-aid-for-divyang-students,Special Education Aid for Divyang Students,Direct Cash Transfer (DBT),20000.0,One-Time,"Assistive braille, hearing aids, and transport allowance for disabled students. (₹20,000)"
3212,jammu-and-kashmir-phase-2-matru-kalyan-nutrition-dbt,Matru Kalyan & Nutrition DBT,Subsidized Food & Nutrition,6000.0,One-Time,"Conditional cash transfer across pregnancy trimesters and post-natal care. (₹6,000)"
3213,jammu-and-kashmir-phase-2-mahila-swavalamban-livelihood-grant,Mahila Swavalamban Livelihood Grant,Direct Cash Transfer (DBT),50000.0,One-Time,"Revolving seed fund for women Self-Help Groups (SHGs) to start enterprises. (₹50,000)"
3214,jammu-and-kashmir-phase-2-kanya-vivah-marriage-assistance,Kanya Vivah & Marriage Assistance,Direct Cash Transfer (DBT),51000.0,One-Time,"Direct financial grant for marriage of daughters from economically weaker families. (₹51,000)"
3215,jammu-and-kashmir-phase-2-working-women-hostel-transport-subsidy,Working Women Hostel & Transport Subsidy,Asset & Equipment Subsidy,15000.0,Monthly,"Subsidized secure safe housing and monthly urban commute pass. (₹15,000)"
3216,jammu-and-kashmir-phase-2-single-mother-destitute-women-pension,Single Mother & Destitute Women Pension,Monthly Social Security Pension,15000.0,Monthly,"Monthly social security pension for widowed and abandoned women. (₹15,000)"
3217,jammu-and-kashmir-phase-2-sukanya-samriddhi-high-interest-top-up,Sukanya Samriddhi High-Interest Top-Up,Asset & Equipment Subsidy,10000.0,One-Time,"State government interest subsidy top-up on girl child savings accounts. (₹10,000)"
3218,jammu-and-kashmir-phase-2-universal-cashless-health-insurance,Universal Cashless Health Insurance,Health & Accidental Insurance Cover,500000.0,Annual,"Annual cashless hospitalization and surgical treatment cover in network hospitals. (₹500,000)"
3219,jammu-and-kashmir-phase-2-critical-illness-relief-fund-cancer-kidney,Critical Illness Relief Fund (Cancer & Kidney),Health & Accidental Insurance Cover,200000.0,Claim-Based,"One-time financial relief grant for dialysis, chemotherapy, and heart surgery. (₹200,000)"
3220,jammu-and-kashmir-phase-2-free-diagnostic-tests-medicine-scheme,Free Diagnostic Tests & Medicine Scheme,Direct Cash Transfer (DBT),10000.0,One-Time,"100% free prescription drugs and pathology tests at government clinics. (₹10,000)"
3221,jammu-and-kashmir-phase-2-senior-citizen-specialized-geriatric-care,Senior Citizen Specialized Geriatric Care,Direct Cash Transfer (DBT),15000.0,One-Time,"Free cataract surgeries, hearing aids, and doorstep chronic care medicine. (₹15,000)"
3222,jammu-and-kashmir-phase-2-emergency-accidental-trauma-insurance,Emergency Accidental Trauma Insurance,Health & Accidental Insurance Cover,100000.0,Claim-Based,"Immediate cashless golden-hour emergency trauma care coverage. (₹100,000)"
3223,jammu-and-kashmir-phase-2-old-age-social-security-pension,Old Age Social Security Pension,Monthly Social Security Pension,12000.0,Monthly,"Monthly direct benefit transfer pension for elderly citizens aged 60 and above. (₹12,000)"
3224,jammu-and-kashmir-phase-2-divyangjan-disability-monthly-pension,Divyangjan Disability Monthly Pension,Monthly Social Security Pension,18000.0,Monthly,"Monthly financial support and motorized tricycle allowance for disabled persons. (₹18,000)"
3225,jammu-and-kashmir-phase-2-antyodaya-subsidized-food-security,Antyodaya Subsidized Food Security,Subsidized Food & Nutrition,8000.0,Monthly,"Subsidized monthly ration of 35kg foodgrains for poorest-of-poor households. (₹8,000)"
3226,jammu-and-kashmir-phase-2-sanitation-workers-rehabilitation-grant,Sanitation Workers Rehabilitation Grant,Asset & Equipment Subsidy,40000.0,One-Time,"Capital subsidy and skill retraining for sanitary workers and sewer workers. (₹40,000)"
3227,jammu-and-kashmir-phase-2-tribal-livelihood-forest-produce-grant,Tribal Livelihood & Forest Produce Grant,Asset & Equipment Subsidy,20000.0,One-Time,"Direct procurement support and value addition subsidy for minor forest produce. (₹20,000)"
3228,jammu-and-kashmir-phase-2-youth-apprenticeship-monthly-stipend,Youth Apprenticeship Monthly Stipend,Scholarship & Academic Stipend,18000.0,Monthly,"Direct government stipend top-up for technical industrial apprenticeships. (₹18,000)"
3244,ladakh-free-digital-tablet-laptop-distribution,Free Digital Tablet & Laptop Distribution,Asset & Equipment Subsidy,15000.0,One-Time,"High-speed digital learning devices distributed to meritorious board students. (₹15,000)"
3229,jammu-and-kashmir-phase-2-artisan-craftsman-modern-tool-kit-grant,Artisan & Craftsman Modern Tool Kit Grant,Subsidized / Collateral-Free Loan,20000.0,One-Time,"Free motorized toolkits and collateral-free micro credit for traditional artisans. (₹20,000)"
3230,jammu-and-kashmir-phase-2-rural-youth-driving-heavy-machinery-training,Rural Youth Driving & Heavy Machinery Training,Asset & Equipment Subsidy,25000.0,One-Time,"100% sponsored commercial vehicle and excavator driver training. (₹25,000)"
3231,jammu-and-kashmir-phase-2-it-emerging-tech-bootcamp-voucher,IT & Emerging Tech Bootcamp Voucher,Scholarship & Academic Stipend,35000.0,One-Time,"Full tuition sponsorship for AI, Cloud, and Software certification bootcamps. (₹35,000)"
3232,jammu-and-kashmir-phase-2-self-employment-micro-credit-guarantee,Self-Employment Micro-Credit Guarantee,Subsidized / Collateral-Free Loan,500000.0,One-Time,"Collateral-free subsidized loan up to ₹5 Lakh for starting local enterprises. (₹100,000)"
3233,jammu-and-kashmir-phase-2-pucca-house-construction-subsidy,Pucca House Construction Subsidy,Asset & Equipment Subsidy,150000.0,Quarterly,"Direct installment financial grant for building disaster-resilient pucca home. (₹150,000)"
3234,jammu-and-kashmir-phase-2-rooftop-solar-green-energy-assistance,Rooftop Solar & Green Energy Assistance,Asset & Equipment Subsidy,50000.0,One-Time,"Capital subsidy for grid-connected rooftop solar installation for homeowners. (₹50,000)"
3235,ladakh-kisan-samriddhi-crop-assistance,Kisan Samriddhi & Crop Assistance,Asset & Equipment Subsidy,6000.0,One-Time,"Financial input subsidy for seed, fertilizer, and organic cultivation equipment. (₹6,000)"
3236,ladakh-solar-krishi-pump-subsidy,Solar Krishi Pump Subsidy,Asset & Equipment Subsidy,75000.0,One-Time,"Up to 90% capital subsidy for installing off-grid solar irrigation pumps. (₹75,000)"
3237,ladakh-horticulture-drip-irrigation-grant,Horticulture & Drip Irrigation Grant,Asset & Equipment Subsidy,25000.0,One-Time,"Direct subsidy for drip, sprinkler, and precision micro-irrigation installation. (₹25,000)"
3238,ladakh-dairy-cattle-development-incentive,Dairy & Cattle Development Incentive,Direct Cash Transfer (DBT),40000.0,One-Time,"Financial assistance for purchasing high-yield milch cows and buffaloes. (₹40,000)"
3239,ladakh-fodder-cultivation-animal-care-grant,Fodder Cultivation & Animal Care Grant,Asset & Equipment Subsidy,12000.0,One-Time,"Subsidized silage, quality seeds, and livestock health vaccination support. (₹12,000)"
3240,ladakh-fisheries-pond-biofloc-support,Fisheries Pond & Biofloc Support,Direct Cash Transfer (DBT),50000.0,One-Time,"Capital grant for biofloc fish farming, fingerling supply, and aerators. (₹50,000)"
3241,ladakh-soil-health-organic-farming-mission,Soil Health & Organic Farming Mission,Direct Cash Transfer (DBT),8000.0,One-Time,"Free soil nutrient testing kit and bio-compost financial top-up grant. (₹8,000)"
3242,ladakh-farm-mechanization-rotavator-subsidy,Farm Mechanization & Rotavator Subsidy,Asset & Equipment Subsidy,60000.0,One-Time,"Up to 50% subsidy on modern harvesters, rotavators, and custom hiring centers. (₹60,000)"
3243,ladakh-post-matric-merit-scholarship,Post-Matric Merit Scholarship,Scholarship & Academic Stipend,18000.0,One-Time,"Tuition fee waiver and maintenance stipend for higher collegiate education. (₹18,000)"
3245,ladakh-competitive-exam-coaching-assistance,Competitive Exam Coaching Assistance,Scholarship & Academic Stipend,50000.0,One-Time,"100% sponsored classroom coaching for UPSC, PSC, JEE, and NEET exams. (₹50,000)"
3246,ladakh-girl-child-higher-education-incentive,Girl Child Higher Education Incentive,Direct Cash Transfer (DBT),25000.0,One-Time,"Direct milestone grant upon enrolling in undergraduate degree programs. (₹25,000)"
3247,ladakh-technical-polytechnic-skill-stipend,Technical & Polytechnic Skill Stipend,Scholarship & Academic Stipend,12000.0,Monthly,"Monthly allowance for students pursuing diploma and industrial training. (₹12,000)"
3248,ladakh-overseas-education-scholarship-for-ews,Overseas Education Scholarship for EWS,Subsidized / Collateral-Free Loan,500000.0,One-Time,"Educational loan interest subsidy for foreign universities. (₹500,000)"
3249,ladakh-special-education-aid-for-divyang-students,Special Education Aid for Divyang Students,Direct Cash Transfer (DBT),20000.0,One-Time,"Assistive braille, hearing aids, and transport allowance for disabled students. (₹20,000)"
3250,ladakh-matru-kalyan-nutrition-dbt,Matru Kalyan & Nutrition DBT,Subsidized Food & Nutrition,6000.0,One-Time,"Conditional cash transfer across pregnancy trimesters and post-natal care. (₹6,000)"
3251,ladakh-mahila-swavalamban-livelihood-grant,Mahila Swavalamban Livelihood Grant,Direct Cash Transfer (DBT),50000.0,One-Time,"Revolving seed fund for women Self-Help Groups (SHGs) to start enterprises. (₹50,000)"
3252,ladakh-kanya-vivah-marriage-assistance,Kanya Vivah & Marriage Assistance,Direct Cash Transfer (DBT),51000.0,One-Time,"Direct financial grant for marriage of daughters from economically weaker families. (₹51,000)"
3253,ladakh-working-women-hostel-transport-subsidy,Working Women Hostel & Transport Subsidy,Asset & Equipment Subsidy,15000.0,Monthly,"Subsidized secure safe housing and monthly urban commute pass. (₹15,000)"
3254,ladakh-single-mother-destitute-women-pension,Single Mother & Destitute Women Pension,Monthly Social Security Pension,15000.0,Monthly,"Monthly social security pension for widowed and abandoned women. (₹15,000)"
3255,ladakh-sukanya-samriddhi-high-interest-top-up,Sukanya Samriddhi High-Interest Top-Up,Asset & Equipment Subsidy,10000.0,One-Time,"State government interest subsidy top-up on girl child savings accounts. (₹10,000)"
3256,ladakh-universal-cashless-health-insurance,Universal Cashless Health Insurance,Health & Accidental Insurance Cover,500000.0,Annual,"Annual cashless hospitalization and surgical treatment cover in network hospitals. (₹500,000)"
3257,ladakh-critical-illness-relief-fund-cancer-kidney,Critical Illness Relief Fund (Cancer & Kidney),Health & Accidental Insurance Cover,200000.0,Claim-Based,"One-time financial relief grant for dialysis, chemotherapy, and heart surgery. (₹200,000)"
3258,ladakh-free-diagnostic-tests-medicine-scheme,Free Diagnostic Tests & Medicine Scheme,Direct Cash Transfer (DBT),10000.0,One-Time,"100% free prescription drugs and pathology tests at government clinics. (₹10,000)"
3259,ladakh-senior-citizen-specialized-geriatric-care,Senior Citizen Specialized Geriatric Care,Direct Cash Transfer (DBT),15000.0,One-Time,"Free cataract surgeries, hearing aids, and doorstep chronic care medicine. (₹15,000)"
3260,ladakh-emergency-accidental-trauma-insurance,Emergency Accidental Trauma Insurance,Health & Accidental Insurance Cover,100000.0,Claim-Based,"Immediate cashless golden-hour emergency trauma care coverage. (₹100,000)"
3261,ladakh-old-age-social-security-pension,Old Age Social Security Pension,Monthly Social Security Pension,12000.0,Monthly,"Monthly direct benefit transfer pension for elderly citizens aged 60 and above. (₹12,000)"
3262,ladakh-divyangjan-disability-monthly-pension,Divyangjan Disability Monthly Pension,Monthly Social Security Pension,18000.0,Monthly,"Monthly financial support and motorized tricycle allowance for disabled persons. (₹18,000)"
3263,ladakh-antyodaya-subsidized-food-security,Antyodaya Subsidized Food Security,Subsidized Food & Nutrition,8000.0,Monthly,"Subsidized monthly ration of 35kg foodgrains for poorest-of-poor households. (₹8,000)"
3264,ladakh-sanitation-workers-rehabilitation-grant,Sanitation Workers Rehabilitation Grant,Asset & Equipment Subsidy,40000.0,One-Time,"Capital subsidy and skill retraining for sanitary workers and sewer workers. (₹40,000)"
3265,ladakh-tribal-livelihood-forest-produce-grant,Tribal Livelihood & Forest Produce Grant,Asset & Equipment Subsidy,20000.0,One-Time,"Direct procurement support and value addition subsidy for minor forest produce. (₹20,000)"
3266,ladakh-youth-apprenticeship-monthly-stipend,Youth Apprenticeship Monthly Stipend,Scholarship & Academic Stipend,18000.0,Monthly,"Direct government stipend top-up for technical industrial apprenticeships. (₹18,000)"
3267,ladakh-artisan-craftsman-modern-tool-kit-grant,Artisan & Craftsman Modern Tool Kit Grant,Subsidized / Collateral-Free Loan,20000.0,One-Time,"Free motorized toolkits and collateral-free micro credit for traditional artisans. (₹20,000)"
3268,ladakh-rural-youth-driving-heavy-machinery-training,Rural Youth Driving & Heavy Machinery Training,Asset & Equipment Subsidy,25000.0,One-Time,"100% sponsored commercial vehicle and excavator driver training. (₹25,000)"
3269,ladakh-it-emerging-tech-bootcamp-voucher,IT & Emerging Tech Bootcamp Voucher,Scholarship & Academic Stipend,35000.0,One-Time,"Full tuition sponsorship for AI, Cloud, and Software certification bootcamps. (₹35,000)"
3270,lakshadweep-kisan-samriddhi-crop-assistance,Kisan Samriddhi & Crop Assistance,Asset & Equipment Subsidy,6000.0,One-Time,"Financial input subsidy for seed, fertilizer, and organic cultivation equipment. (₹6,000)"
3271,lakshadweep-solar-krishi-pump-subsidy,Solar Krishi Pump Subsidy,Asset & Equipment Subsidy,75000.0,One-Time,"Up to 90% capital subsidy for installing off-grid solar irrigation pumps. (₹75,000)"
3272,lakshadweep-horticulture-drip-irrigation-grant,Horticulture & Drip Irrigation Grant,Asset & Equipment Subsidy,25000.0,One-Time,"Direct subsidy for drip, sprinkler, and precision micro-irrigation installation. (₹25,000)"
3273,lakshadweep-dairy-cattle-development-incentive,Dairy & Cattle Development Incentive,Direct Cash Transfer (DBT),40000.0,One-Time,"Financial assistance for purchasing high-yield milch cows and buffaloes. (₹40,000)"
3274,lakshadweep-fodder-cultivation-animal-care-grant,Fodder Cultivation & Animal Care Grant,Asset & Equipment Subsidy,12000.0,One-Time,"Subsidized silage, quality seeds, and livestock health vaccination support. (₹12,000)"
3275,lakshadweep-fisheries-pond-biofloc-support,Fisheries Pond & Biofloc Support,Direct Cash Transfer (DBT),50000.0,One-Time,"Capital grant for biofloc fish farming, fingerling supply, and aerators. (₹50,000)"
3276,lakshadweep-soil-health-organic-farming-mission,Soil Health & Organic Farming Mission,Direct Cash Transfer (DBT),8000.0,One-Time,"Free soil nutrient testing kit and bio-compost financial top-up grant. (₹8,000)"
3277,lakshadweep-farm-mechanization-rotavator-subsidy,Farm Mechanization & Rotavator Subsidy,Asset & Equipment Subsidy,60000.0,One-Time,"Up to 50% subsidy on modern harvesters, rotavators, and custom hiring centers. (₹60,000)"
3278,lakshadweep-post-matric-merit-scholarship,Post-Matric Merit Scholarship,Scholarship & Academic Stipend,18000.0,One-Time,"Tuition fee waiver and maintenance stipend for higher collegiate education. (₹18,000)"
3279,lakshadweep-free-digital-tablet-laptop-distribution,Free Digital Tablet & Laptop Distribution,Asset & Equipment Subsidy,15000.0,One-Time,"High-speed digital learning devices distributed to meritorious board students. (₹15,000)"
3280,lakshadweep-competitive-exam-coaching-assistance,Competitive Exam Coaching Assistance,Scholarship & Academic Stipend,50000.0,One-Time,"100% sponsored classroom coaching for UPSC, PSC, JEE, and NEET exams. (₹50,000)"
3281,lakshadweep-girl-child-higher-education-incentive,Girl Child Higher Education Incentive,Direct Cash Transfer (DBT),25000.0,One-Time,"Direct milestone grant upon enrolling in undergraduate degree programs. (₹25,000)"
3282,lakshadweep-technical-polytechnic-skill-stipend,Technical & Polytechnic Skill Stipend,Scholarship & Academic Stipend,12000.0,Monthly,"Monthly allowance for students pursuing diploma and industrial training. (₹12,000)"
3283,lakshadweep-overseas-education-scholarship-for-ews,Overseas Education Scholarship for EWS,Subsidized / Collateral-Free Loan,500000.0,One-Time,"Educational loan interest subsidy for foreign universities. (₹500,000)"
3284,lakshadweep-special-education-aid-for-divyang-students,Special Education Aid for Divyang Students,Direct Cash Transfer (DBT),20000.0,One-Time,"Assistive braille, hearing aids, and transport allowance for disabled students. (₹20,000)"
3285,lakshadweep-matru-kalyan-nutrition-dbt,Matru Kalyan & Nutrition DBT,Subsidized Food & Nutrition,6000.0,One-Time,"Conditional cash transfer across pregnancy trimesters and post-natal care. (₹6,000)"
3286,lakshadweep-mahila-swavalamban-livelihood-grant,Mahila Swavalamban Livelihood Grant,Direct Cash Transfer (DBT),50000.0,One-Time,"Revolving seed fund for women Self-Help Groups (SHGs) to start enterprises. (₹50,000)"
3287,lakshadweep-kanya-vivah-marriage-assistance,Kanya Vivah & Marriage Assistance,Direct Cash Transfer (DBT),51000.0,One-Time,"Direct financial grant for marriage of daughters from economically weaker families. (₹51,000)"
3288,lakshadweep-working-women-hostel-transport-subsidy,Working Women Hostel & Transport Subsidy,Asset & Equipment Subsidy,15000.0,Monthly,"Subsidized secure safe housing and monthly urban commute pass. (₹15,000)"
3289,lakshadweep-single-mother-destitute-women-pension,Single Mother & Destitute Women Pension,Monthly Social Security Pension,15000.0,Monthly,"Monthly social security pension for widowed and abandoned women. (₹15,000)"
3290,lakshadweep-sukanya-samriddhi-high-interest-top-up,Sukanya Samriddhi High-Interest Top-Up,Asset & Equipment Subsidy,10000.0,One-Time,"State government interest subsidy top-up on girl child savings accounts. (₹10,000)"
3291,lakshadweep-universal-cashless-health-insurance,Universal Cashless Health Insurance,Health & Accidental Insurance Cover,500000.0,Annual,"Annual cashless hospitalization and surgical treatment cover in network hospitals. (₹500,000)"
3292,lakshadweep-critical-illness-relief-fund-cancer-kidney,Critical Illness Relief Fund (Cancer & Kidney),Health & Accidental Insurance Cover,200000.0,Claim-Based,"One-time financial relief grant for dialysis, chemotherapy, and heart surgery. (₹200,000)"
3293,lakshadweep-free-diagnostic-tests-medicine-scheme,Free Diagnostic Tests & Medicine Scheme,Direct Cash Transfer (DBT),10000.0,One-Time,"100% free prescription drugs and pathology tests at government clinics. (₹10,000)"
3294,lakshadweep-senior-citizen-specialized-geriatric-care,Senior Citizen Specialized Geriatric Care,Direct Cash Transfer (DBT),15000.0,One-Time,"Free cataract surgeries, hearing aids, and doorstep chronic care medicine. (₹15,000)"
3295,lakshadweep-emergency-accidental-trauma-insurance,Emergency Accidental Trauma Insurance,Health & Accidental Insurance Cover,100000.0,Claim-Based,"Immediate cashless golden-hour emergency trauma care coverage. (₹100,000)"
3296,lakshadweep-old-age-social-security-pension,Old Age Social Security Pension,Monthly Social Security Pension,12000.0,Monthly,"Monthly direct benefit transfer pension for elderly citizens aged 60 and above. (₹12,000)"
3297,lakshadweep-divyangjan-disability-monthly-pension,Divyangjan Disability Monthly Pension,Monthly Social Security Pension,18000.0,Monthly,"Monthly financial support and motorized tricycle allowance for disabled persons. (₹18,000)"
3298,lakshadweep-antyodaya-subsidized-food-security,Antyodaya Subsidized Food Security,Subsidized Food & Nutrition,8000.0,Monthly,"Subsidized monthly ration of 35kg foodgrains for poorest-of-poor households. (₹8,000)"
3299,lakshadweep-sanitation-workers-rehabilitation-grant,Sanitation Workers Rehabilitation Grant,Asset & Equipment Subsidy,40000.0,One-Time,"Capital subsidy and skill retraining for sanitary workers and sewer workers. (₹40,000)"
3300,puducherry-kisan-samriddhi-crop-assistance,Kisan Samriddhi & Crop Assistance,Asset & Equipment Subsidy,6000.0,One-Time,"Financial input subsidy for seed, fertilizer, and organic cultivation equipment. (₹6,000)"
3301,puducherry-solar-krishi-pump-subsidy,Solar Krishi Pump Subsidy,Asset & Equipment Subsidy,75000.0,One-Time,"Up to 90% capital subsidy for installing off-grid solar irrigation pumps. (₹75,000)"
3302,puducherry-horticulture-drip-irrigation-grant,Horticulture & Drip Irrigation Grant,Asset & Equipment Subsidy,25000.0,One-Time,"Direct subsidy for drip, sprinkler, and precision micro-irrigation installation. (₹25,000)"
3303,puducherry-dairy-cattle-development-incentive,Dairy & Cattle Development Incentive,Direct Cash Transfer (DBT),40000.0,One-Time,"Financial assistance for purchasing high-yield milch cows and buffaloes. (₹40,000)"
3304,puducherry-fodder-cultivation-animal-care-grant,Fodder Cultivation & Animal Care Grant,Asset & Equipment Subsidy,12000.0,One-Time,"Subsidized silage, quality seeds, and livestock health vaccination support. (₹12,000)"
3305,puducherry-fisheries-pond-biofloc-support,Fisheries Pond & Biofloc Support,Direct Cash Transfer (DBT),50000.0,One-Time,"Capital grant for biofloc fish farming, fingerling supply, and aerators. (₹50,000)"
3306,puducherry-soil-health-organic-farming-mission,Soil Health & Organic Farming Mission,Direct Cash Transfer (DBT),8000.0,One-Time,"Free soil nutrient testing kit and bio-compost financial top-up grant. (₹8,000)"
3307,puducherry-farm-mechanization-rotavator-subsidy,Farm Mechanization & Rotavator Subsidy,Asset & Equipment Subsidy,60000.0,One-Time,"Up to 50% subsidy on modern harvesters, rotavators, and custom hiring centers. (₹60,000)"
3308,puducherry-post-matric-merit-scholarship,Post-Matric Merit Scholarship,Scholarship & Academic Stipend,18000.0,One-Time,"Tuition fee waiver and maintenance stipend for higher collegiate education. (₹18,000)"
3309,puducherry-free-digital-tablet-laptop-distribution,Free Digital Tablet & Laptop Distribution,Asset & Equipment Subsidy,15000.0,One-Time,"High-speed digital learning devices distributed to meritorious board students. (₹15,000)"
3310,puducherry-competitive-exam-coaching-assistance,Competitive Exam Coaching Assistance,Scholarship & Academic Stipend,50000.0,One-Time,"100% sponsored classroom coaching for UPSC, PSC, JEE, and NEET exams. (₹50,000)"
3311,puducherry-girl-child-higher-education-incentive,Girl Child Higher Education Incentive,Direct Cash Transfer (DBT),25000.0,One-Time,"Direct milestone grant upon enrolling in undergraduate degree programs. (₹25,000)"
3312,puducherry-technical-polytechnic-skill-stipend,Technical & Polytechnic Skill Stipend,Scholarship & Academic Stipend,12000.0,Monthly,"Monthly allowance for students pursuing diploma and industrial training. (₹12,000)"
3313,puducherry-overseas-education-scholarship-for-ews,Overseas Education Scholarship for EWS,Subsidized / Collateral-Free Loan,500000.0,One-Time,"Educational loan interest subsidy for foreign universities. (₹500,000)"
3314,puducherry-special-education-aid-for-divyang-students,Special Education Aid for Divyang Students,Direct Cash Transfer (DBT),20000.0,One-Time,"Assistive braille, hearing aids, and transport allowance for disabled students. (₹20,000)"
3315,puducherry-matru-kalyan-nutrition-dbt,Matru Kalyan & Nutrition DBT,Subsidized Food & Nutrition,6000.0,One-Time,"Conditional cash transfer across pregnancy trimesters and post-natal care. (₹6,000)"
3316,puducherry-mahila-swavalamban-livelihood-grant,Mahila Swavalamban Livelihood Grant,Direct Cash Transfer (DBT),50000.0,One-Time,"Revolving seed fund for women Self-Help Groups (SHGs) to start enterprises. (₹50,000)"
3317,puducherry-kanya-vivah-marriage-assistance,Kanya Vivah & Marriage Assistance,Direct Cash Transfer (DBT),51000.0,One-Time,"Direct financial grant for marriage of daughters from economically weaker families. (₹51,000)"
3318,puducherry-working-women-hostel-transport-subsidy,Working Women Hostel & Transport Subsidy,Asset & Equipment Subsidy,15000.0,Monthly,"Subsidized secure safe housing and monthly urban commute pass. (₹15,000)"
3319,puducherry-single-mother-destitute-women-pension,Single Mother & Destitute Women Pension,Monthly Social Security Pension,15000.0,Monthly,"Monthly social security pension for widowed and abandoned women. (₹15,000)"
3320,puducherry-sukanya-samriddhi-high-interest-top-up,Sukanya Samriddhi High-Interest Top-Up,Asset & Equipment Subsidy,10000.0,One-Time,"State government interest subsidy top-up on girl child savings accounts. (₹10,000)"
3321,puducherry-universal-cashless-health-insurance,Universal Cashless Health Insurance,Health & Accidental Insurance Cover,500000.0,Annual,"Annual cashless hospitalization and surgical treatment cover in network hospitals. (₹500,000)"
3322,puducherry-critical-illness-relief-fund-cancer-kidney,Critical Illness Relief Fund (Cancer & Kidney),Health & Accidental Insurance Cover,200000.0,Claim-Based,"One-time financial relief grant for dialysis, chemotherapy, and heart surgery. (₹200,000)"
3323,puducherry-free-diagnostic-tests-medicine-scheme,Free Diagnostic Tests & Medicine Scheme,Direct Cash Transfer (DBT),10000.0,One-Time,"100% free prescription drugs and pathology tests at government clinics. (₹10,000)"
3324,puducherry-senior-citizen-specialized-geriatric-care,Senior Citizen Specialized Geriatric Care,Direct Cash Transfer (DBT),15000.0,One-Time,"Free cataract surgeries, hearing aids, and doorstep chronic care medicine. (₹15,000)"
3325,puducherry-emergency-accidental-trauma-insurance,Emergency Accidental Trauma Insurance,Health & Accidental Insurance Cover,100000.0,Claim-Based,"Immediate cashless golden-hour emergency trauma care coverage. (₹100,000)"
3326,puducherry-old-age-social-security-pension,Old Age Social Security Pension,Monthly Social Security Pension,12000.0,Monthly,"Monthly direct benefit transfer pension for elderly citizens aged 60 and above. (₹12,000)"
3327,puducherry-divyangjan-disability-monthly-pension,Divyangjan Disability Monthly Pension,Monthly Social Security Pension,18000.0,Monthly,"Monthly financial support and motorized tricycle allowance for disabled persons. (₹18,000)"
3328,puducherry-antyodaya-subsidized-food-security,Antyodaya Subsidized Food Security,Subsidized Food & Nutrition,8000.0,Monthly,"Subsidized monthly ration of 35kg foodgrains for poorest-of-poor households. (₹8,000)"
3329,puducherry-sanitation-workers-rehabilitation-grant,Sanitation Workers Rehabilitation Grant,Asset & Equipment Subsidy,40000.0,One-Time,"Capital subsidy and skill retraining for sanitary workers and sewer workers. (₹40,000)"
3330,puducherry-tribal-livelihood-forest-produce-grant,Tribal Livelihood & Forest Produce Grant,Asset & Equipment Subsidy,20000.0,One-Time,"Direct procurement support and value addition subsidy for minor forest produce. (₹20,000)"
3331,puducherry-youth-apprenticeship-monthly-stipend,Youth Apprenticeship Monthly Stipend,Scholarship & Academic Stipend,18000.0,Monthly,"Direct government stipend top-up for technical industrial apprenticeships. (₹18,000)"
3332,puducherry-artisan-craftsman-modern-tool-kit-grant,Artisan & Craftsman Modern Tool Kit Grant,Subsidized / Collateral-Free Loan,20000.0,One-Time,"Free motorized toolkits and collateral-free micro credit for traditional artisans. (₹20,000)"
3333,puducherry-rural-youth-driving-heavy-machinery-training,Rural Youth Driving & Heavy Machinery Training,Asset & Equipment Subsidy,25000.0,One-Time,"100% sponsored commercial vehicle and excavator driver training. (₹25,000)"
3334,puducherry-it-emerging-tech-bootcamp-voucher,IT & Emerging Tech Bootcamp Voucher,Scholarship & Academic Stipend,35000.0,One-Time,"Full tuition sponsorship for AI, Cloud, and Software certification bootcamps. (₹35,000)"
3335,puducherry-self-employment-micro-credit-guarantee,Self-Employment Micro-Credit Guarantee,Subsidized / Collateral-Free Loan,500000.0,One-Time,"Collateral-free subsidized loan up to ₹5 Lakh for starting local enterprises. (₹100,000)"
3336,puducherry-pucca-house-construction-subsidy,Pucca House Construction Subsidy,Asset & Equipment Subsidy,150000.0,Quarterly,"Direct installment financial grant for building disaster-resilient pucca home. (₹150,000)"
3337,puducherry-rooftop-solar-green-energy-assistance,Rooftop Solar & Green Energy Assistance,Asset & Equipment Subsidy,50000.0,One-Time,"Capital subsidy for grid-connected rooftop solar installation for homeowners. (₹50,000)"
3338,puducherry-slum-rehabilitation-ews-flat-allocation,Slum Rehabilitation & EWS Flat Allocation,Asset & Equipment Subsidy,250000.0,One-Time,"Subsidized ownership allotment of 1BHK flats with basic civic amenities. (₹250,000)"
3339,puducherry-rural-toilet-water-tap-incentive,Rural Toilet & Water Tap Incentive,Direct Cash Transfer (DBT),12000.0,One-Time,"Financial assistance for individual household latrines and clean piped tap. (₹12,000)"
3340,puducherry-micro-enterprise-collateral-free-loan,Micro Enterprise Collateral-Free Loan,Subsidized / Collateral-Free Loan,1000000.0,One-Time,"Guaranteed working capital and equipment loan up to ₹10 Lakh at subsidized interest. (₹200,000)"
3341,puducherry-women-entrepreneur-startup-grant,Women Entrepreneur Startup Grant,Direct Cash Transfer (DBT),100000.0,One-Time,"Seed funding capital grant for innovative women-founded MSME ventures. (₹100,000)"
3342,puducherry-export-promotion-quality-certification-subsidy,Export Promotion & Quality Certification Subsidy,Asset & Equipment Subsidy,75000.0,One-Time,"Reimbursement for ISO, ZED, and international trade mark registration costs. (₹75,000)"
3343,puducherry-credit-linked-capital-subsidy-for-tech-upgradation,Credit Linked Capital Subsidy for Tech Upgradation,Asset & Equipment Subsidy,150000.0,One-Time,"15% upfront capital subsidy for machinery modernization in manufacturing. (₹150,000)"
3344,puducherry-e-vehicle-green-mobility-subsidy,E-Vehicle & Green Mobility Subsidy,Asset & Equipment Subsidy,20000.0,One-Time,"Direct cash incentive on purchase of electric 2-wheelers and 3-wheelers. (₹20,000)"
3345,pradhan-mantri-national-kisan-samriddhi-crop-assistance,National Kisan Samriddhi & Crop Assistance,Asset & Equipment Subsidy,6000.0,One-Time,"Financial input subsidy for seed, fertilizer, and organic cultivation equipment. (₹6,000)"
3346,pradhan-mantri-national-solar-krishi-pump-subsidy,National Solar Krishi Pump Subsidy,Asset & Equipment Subsidy,75000.0,One-Time,"Up to 90% capital subsidy for installing off-grid solar irrigation pumps. (₹75,000)"
3347,pradhan-mantri-national-horticulture-drip-irrigation-grant,National Horticulture & Drip Irrigation Grant,Asset & Equipment Subsidy,25000.0,One-Time,"Direct subsidy for drip, sprinkler, and precision micro-irrigation installation. (₹25,000)"
3348,pradhan-mantri-national-dairy-cattle-development-incentive,National Dairy & Cattle Development Incentive,Direct Cash Transfer (DBT),40000.0,One-Time,"Financial assistance for purchasing high-yield milch cows and buffaloes. (₹40,000)"
3349,pradhan-mantri-national-fodder-cultivation-animal-care-grant,National Fodder Cultivation & Animal Care Grant,Asset & Equipment Subsidy,12000.0,One-Time,"Subsidized silage, quality seeds, and livestock health vaccination support. (₹12,000)"
3350,pradhan-mantri-national-fisheries-pond-biofloc-support,National Fisheries Pond & Biofloc Support,Direct Cash Transfer (DBT),50000.0,One-Time,"Capital grant for biofloc fish farming, fingerling supply, and aerators. (₹50,000)"
3351,pradhan-mantri-national-soil-health-organic-farming-mission,National Soil Health & Organic Farming Mission,Direct Cash Transfer (DBT),8000.0,One-Time,"Free soil nutrient testing kit and bio-compost financial top-up grant. (₹8,000)"
3352,pradhan-mantri-national-farm-mechanization-rotavator-subsidy,National Farm Mechanization & Rotavator Subsidy,Asset & Equipment Subsidy,60000.0,One-Time,"Up to 50% subsidy on modern harvesters, rotavators, and custom hiring centers. (₹60,000)"
3353,pradhan-mantri-national-post-matric-merit-scholarship,National Post-Matric Merit Scholarship,Scholarship & Academic Stipend,18000.0,One-Time,"Tuition fee waiver and maintenance stipend for higher collegiate education. (₹18,000)"
3354,pradhan-mantri-national-free-digital-tablet-laptop-distribution,National Free Digital Tablet & Laptop Distribution,Asset & Equipment Subsidy,15000.0,One-Time,"High-speed digital learning devices distributed to meritorious board students. (₹15,000)"
3355,pradhan-mantri-national-competitive-exam-coaching-assistance,National Competitive Exam Coaching Assistance,Scholarship & Academic Stipend,50000.0,One-Time,"100% sponsored classroom coaching for UPSC, PSC, JEE, and NEET exams. (₹50,000)"
3356,pradhan-mantri-national-girl-child-higher-education-incentive,National Girl Child Higher Education Incentive,Direct Cash Transfer (DBT),25000.0,One-Time,"Direct milestone grant upon enrolling in undergraduate degree programs. (₹25,000)"
3357,pradhan-mantri-national-technical-polytechnic-skill-stipend,National Technical & Polytechnic Skill Stipend,Scholarship & Academic Stipend,12000.0,Monthly,"Monthly allowance for students pursuing diploma and industrial training. (₹12,000)"
3358,pradhan-mantri-national-overseas-education-scholarship-for-ews,National Overseas Education Scholarship for EWS,Subsidized / Collateral-Free Loan,500000.0,One-Time,"Educational loan interest subsidy for foreign universities. (₹500,000)"
3359,pradhan-mantri-national-special-education-aid-for-divyang-students,National Special Education Aid for Divyang Students,Direct Cash Transfer (DBT),20000.0,One-Time,"Assistive braille, hearing aids, and transport allowance for disabled students. (₹20,000)"
3360,pradhan-mantri-national-matru-kalyan-nutrition-dbt,National Matru Kalyan & Nutrition DBT,Subsidized Food & Nutrition,6000.0,One-Time,"Conditional cash transfer across pregnancy trimesters and post-natal care. (₹6,000)"
3361,pradhan-mantri-national-mahila-swavalamban-livelihood-grant,National Mahila Swavalamban Livelihood Grant,Direct Cash Transfer (DBT),50000.0,One-Time,"Revolving seed fund for women Self-Help Groups (SHGs) to start enterprises. (₹50,000)"
3362,pradhan-mantri-national-kanya-vivah-marriage-assistance,National Kanya Vivah & Marriage Assistance,Direct Cash Transfer (DBT),51000.0,One-Time,"Direct financial grant for marriage of daughters from economically weaker families. (₹51,000)"
3363,pradhan-mantri-national-working-women-hostel-transport-subsidy,National Working Women Hostel & Transport Subsidy,Asset & Equipment Subsidy,15000.0,Monthly,"Subsidized secure safe housing and monthly urban commute pass. (₹15,000)"
3364,pradhan-mantri-national-single-mother-destitute-women-pension,National Single Mother & Destitute Women Pension,Monthly Social Security Pension,15000.0,Monthly,"Monthly social security pension for widowed and abandoned women. (₹15,000)"
3365,pradhan-mantri-national-sukanya-samriddhi-high-interest-top-up,National Sukanya Samriddhi High-Interest Top-Up,Asset & Equipment Subsidy,10000.0,One-Time,"State government interest subsidy top-up on girl child savings accounts. (₹10,000)"
3366,pradhan-mantri-national-universal-cashless-health-insurance,National Universal Cashless Health Insurance,Health & Accidental Insurance Cover,500000.0,Annual,"Annual cashless hospitalization and surgical treatment cover in network hospitals. (₹500,000)"
3367,pradhan-mantri-national-critical-illness-relief-fund-cancer-kidney,National Critical Illness Relief Fund (Cancer & Kidney),Health & Accidental Insurance Cover,200000.0,Claim-Based,"One-time financial relief grant for dialysis, chemotherapy, and heart surgery. (₹200,000)"
3368,pradhan-mantri-national-free-diagnostic-tests-medicine-scheme,National Free Diagnostic Tests & Medicine Scheme,Direct Cash Transfer (DBT),10000.0,One-Time,"100% free prescription drugs and pathology tests at government clinics. (₹10,000)"
3369,pradhan-mantri-national-senior-citizen-specialized-geriatric-care,National Senior Citizen Specialized Geriatric Care,Direct Cash Transfer (DBT),15000.0,One-Time,"Free cataract surgeries, hearing aids, and doorstep chronic care medicine. (₹15,000)"
3370,pradhan-mantri-national-emergency-accidental-trauma-insurance,National Emergency Accidental Trauma Insurance,Health & Accidental Insurance Cover,100000.0,Claim-Based,"Immediate cashless golden-hour emergency trauma care coverage. (₹100,000)"
3371,pradhan-mantri-national-old-age-social-security-pension,National Old Age Social Security Pension,Monthly Social Security Pension,12000.0,Monthly,"Monthly direct benefit transfer pension for elderly citizens aged 60 and above. (₹12,000)"
3372,pradhan-mantri-national-divyangjan-disability-monthly-pension,National Divyangjan Disability Monthly Pension,Monthly Social Security Pension,18000.0,Monthly,"Monthly financial support and motorized tricycle allowance for disabled persons. (₹18,000)"
3373,pradhan-mantri-national-antyodaya-subsidized-food-security,National Antyodaya Subsidized Food Security,Subsidized Food & Nutrition,8000.0,Monthly,"Subsidized monthly ration of 35kg foodgrains for poorest-of-poor households. (₹8,000)"
3374,pradhan-mantri-national-sanitation-workers-rehabilitation-grant,National Sanitation Workers Rehabilitation Grant,Asset & Equipment Subsidy,40000.0,One-Time,"Capital subsidy and skill retraining for sanitary workers and sewer workers. (₹40,000)"
3375,pradhan-mantri-national-tribal-livelihood-forest-produce-grant,National Tribal Livelihood & Forest Produce Grant,Asset & Equipment Subsidy,20000.0,One-Time,"Direct procurement support and value addition subsidy for minor forest produce. (₹20,000)"
3376,pradhan-mantri-national-youth-apprenticeship-monthly-stipend,National Youth Apprenticeship Monthly Stipend,Scholarship & Academic Stipend,18000.0,Monthly,"Direct government stipend top-up for technical industrial apprenticeships. (₹18,000)"
3377,pradhan-mantri-national-artisan-craftsman-modern-tool-kit-grant,National Artisan & Craftsman Modern Tool Kit Grant,Subsidized / Collateral-Free Loan,20000.0,One-Time,"Free motorized toolkits and collateral-free micro credit for traditional artisans. (₹20,000)"
3378,pradhan-mantri-national-rural-youth-driving-heavy-machinery-training,National Rural Youth Driving & Heavy Machinery Training,Asset & Equipment Subsidy,25000.0,One-Time,"100% sponsored commercial vehicle and excavator driver training. (₹25,000)"
3379,pradhan-mantri-national-it-emerging-tech-bootcamp-voucher,National IT & Emerging Tech Bootcamp Voucher,Scholarship & Academic Stipend,35000.0,One-Time,"Full tuition sponsorship for AI, Cloud, and Software certification bootcamps. (₹35,000)"
3380,pradhan-mantri-national-self-employment-micro-credit-guarantee,National Self-Employment Micro-Credit Guarantee,Subsidized / Collateral-Free Loan,500000.0,One-Time,"Collateral-free subsidized loan up to ₹5 Lakh for starting local enterprises. (₹100,000)"
3381,pradhan-mantri-national-pucca-house-construction-subsidy,National Pucca House Construction Subsidy,Asset & Equipment Subsidy,150000.0,Quarterly,"Direct installment financial grant for building disaster-resilient pucca home. (₹150,000)"
3382,pradhan-mantri-national-rooftop-solar-green-energy-assistance,National Rooftop Solar & Green Energy Assistance,Asset & Equipment Subsidy,50000.0,One-Time,"Capital subsidy for grid-connected rooftop solar installation for homeowners. (₹50,000)"
3383,pradhan-mantri-national-slum-rehabilitation-ews-flat-allocation,National Slum Rehabilitation & EWS Flat Allocation,Asset & Equipment Subsidy,250000.0,One-Time,"Subsidized ownership allotment of 1BHK flats with basic civic amenities. (₹250,000)"
3384,pradhan-mantri-national-rural-toilet-water-tap-incentive,National Rural Toilet & Water Tap Incentive,Direct Cash Transfer (DBT),12000.0,One-Time,"Financial assistance for individual household latrines and clean piped tap. (₹12,000)"
3385,pradhan-mantri-national-micro-enterprise-collateral-free-loan,National Micro Enterprise Collateral-Free Loan,Subsidized / Collateral-Free Loan,1000000.0,One-Time,"Guaranteed working capital and equipment loan up to ₹10 Lakh at subsidized interest. (₹200,000)"
3386,pradhan-mantri-national-women-entrepreneur-startup-grant,National Women Entrepreneur Startup Grant,Direct Cash Transfer (DBT),100000.0,One-Time,"Seed funding capital grant for innovative women-founded MSME ventures. (₹100,000)"
3387,pradhan-mantri-national-export-promotion-quality-certification-subsidy,National Export Promotion & Quality Certification Subsidy,Asset & Equipment Subsidy,75000.0,One-Time,"Reimbursement for ISO, ZED, and international trade mark registration costs. (₹75,000)"
3388,pradhan-mantri-national-credit-linked-capital-subsidy-for-tech-upgradation,National Credit Linked Capital Subsidy for Tech Upgradation,Asset & Equipment Subsidy,150000.0,One-Time,"15% upfront capital subsidy for machinery modernization in manufacturing. (₹150,000)"
3389,pradhan-mantri-national-e-vehicle-green-mobility-subsidy,National E-Vehicle & Green Mobility Subsidy,Asset & Equipment Subsidy,20000.0,One-Time,"Direct cash incentive on purchase of electric 2-wheelers and 3-wheelers. (₹20,000)"
3390,pradhan-mantri-national-rainwater-harvesting-ground-water-recharge-grant,National Rainwater Harvesting & Ground Water Recharge Grant,Asset & Equipment Subsidy,15000.0,One-Time,"Subsidized rooftop rainwater harvesting system for individual residences. (₹15,000)"
3391,pradhan-mantri-national-bio-gas-cattle-dung-renewable-plant-subsidy,National Bio-Gas & Cattle Dung Renewable Plant Subsidy,Asset & Equipment Subsidy,18000.0,One-Time,"Financial support for installing domestic Gobar-Dhan biogas units. (₹18,000)"
3392,pm-national-kisan-samriddhi-crop-assistance-phase-2,National Kisan Samriddhi & Crop Assistance,Asset & Equipment Subsidy,6000.0,One-Time,"Financial input subsidy for seed, fertilizer, and organic cultivation equipment. (₹6,000)"
3393,pm-national-solar-krishi-pump-subsidy-phase-2,National Solar Krishi Pump Subsidy,Asset & Equipment Subsidy,75000.0,One-Time,"Up to 90% capital subsidy for installing off-grid solar irrigation pumps. (₹75,000)"
3394,pm-national-horticulture-drip-irrigation-grant-phase-2,National Horticulture & Drip Irrigation Grant,Asset & Equipment Subsidy,25000.0,One-Time,"Direct subsidy for drip, sprinkler, and precision micro-irrigation installation. (₹25,000)"
3395,pm-national-dairy-cattle-development-incentive-phase-2,National Dairy & Cattle Development Incentive,Direct Cash Transfer (DBT),40000.0,One-Time,"Financial assistance for purchasing high-yield milch cows and buffaloes. (₹40,000)"
3396,pm-national-fodder-cultivation-animal-care-grant-phase-2,National Fodder Cultivation & Animal Care Grant,Asset & Equipment Subsidy,12000.0,One-Time,"Subsidized silage, quality seeds, and livestock health vaccination support. (₹12,000)"
3397,pm-national-fisheries-pond-biofloc-support-phase-2,National Fisheries Pond & Biofloc Support,Direct Cash Transfer (DBT),50000.0,One-Time,"Capital grant for biofloc fish farming, fingerling supply, and aerators. (₹50,000)"
3398,pm-national-soil-health-organic-farming-mission-phase-2,National Soil Health & Organic Farming Mission,Direct Cash Transfer (DBT),8000.0,One-Time,"Free soil nutrient testing kit and bio-compost financial top-up grant. (₹8,000)"
3399,pm-national-farm-mechanization-rotavator-subsidy-phase-2,National Farm Mechanization & Rotavator Subsidy,Asset & Equipment Subsidy,60000.0,One-Time,"Up to 50% subsidy on modern harvesters, rotavators, and custom hiring centers. (₹60,000)"
3400,pm-national-post-matric-merit-scholarship-phase-2,National Post-Matric Merit Scholarship,Scholarship & Academic Stipend,18000.0,One-Time,"Tuition fee waiver and maintenance stipend for higher collegiate education. (₹18,000)"
3401,pm-national-free-digital-tablet-laptop-distribution-phase-2,National Free Digital Tablet & Laptop Distribution,Asset & Equipment Subsidy,15000.0,One-Time,"High-speed digital learning devices distributed to meritorious board students. (₹15,000)"
3402,pm-national-competitive-exam-coaching-assistance-phase-2,National Competitive Exam Coaching Assistance,Scholarship & Academic Stipend,50000.0,One-Time,"100% sponsored classroom coaching for UPSC, PSC, JEE, and NEET exams. (₹50,000)"
3403,pm-national-girl-child-higher-education-incentive-phase-2,National Girl Child Higher Education Incentive,Direct Cash Transfer (DBT),25000.0,One-Time,"Direct milestone grant upon enrolling in undergraduate degree programs. (₹25,000)"
3404,pm-national-technical-polytechnic-skill-stipend-phase-2,National Technical & Polytechnic Skill Stipend,Scholarship & Academic Stipend,12000.0,Monthly,"Monthly allowance for students pursuing diploma and industrial training. (₹12,000)"
3405,pm-national-overseas-education-scholarship-for-ews-phase-2,National Overseas Education Scholarship for EWS,Subsidized / Collateral-Free Loan,500000.0,One-Time,"Educational loan interest subsidy for foreign universities. (₹500,000)"
3406,pm-national-special-education-aid-for-divyang-students-phase-2,National Special Education Aid for Divyang Students,Direct Cash Transfer (DBT),20000.0,One-Time,"Assistive braille, hearing aids, and transport allowance for disabled students. (₹20,000)"
3407,pm-national-matru-kalyan-nutrition-dbt-phase-2,National Matru Kalyan & Nutrition DBT,Subsidized Food & Nutrition,6000.0,One-Time,"Conditional cash transfer across pregnancy trimesters and post-natal care. (₹6,000)"
3408,pm-national-mahila-swavalamban-livelihood-grant-phase-2,National Mahila Swavalamban Livelihood Grant,Direct Cash Transfer (DBT),50000.0,One-Time,"Revolving seed fund for women Self-Help Groups (SHGs) to start enterprises. (₹50,000)"
3409,pm-national-kanya-vivah-marriage-assistance-phase-2,National Kanya Vivah & Marriage Assistance,Direct Cash Transfer (DBT),51000.0,One-Time,"Direct financial grant for marriage of daughters from economically weaker families. (₹51,000)"
3410,pm-national-working-women-hostel-transport-subsidy-phase-2,National Working Women Hostel & Transport Subsidy,Asset & Equipment Subsidy,15000.0,Monthly,"Subsidized secure safe housing and monthly urban commute pass. (₹15,000)"
3411,pm-national-single-mother-destitute-women-pension-phase-2,National Single Mother & Destitute Women Pension,Monthly Social Security Pension,15000.0,Monthly,"Monthly social security pension for widowed and abandoned women. (₹15,000)"
3412,pm-national-sukanya-samriddhi-high-interest-top-up-phase-2,National Sukanya Samriddhi High-Interest Top-Up,Asset & Equipment Subsidy,10000.0,One-Time,"State government interest subsidy top-up on girl child savings accounts. (₹10,000)"
3413,pm-national-universal-cashless-health-insurance-phase-2,National Universal Cashless Health Insurance,Health & Accidental Insurance Cover,500000.0,Annual,"Annual cashless hospitalization and surgical treatment cover in network hospitals. (₹500,000)"
3414,pm-national-critical-illness-relief-fund-cancer-kidney-phase-2,National Critical Illness Relief Fund (Cancer & Kidney),Health & Accidental Insurance Cover,200000.0,Claim-Based,"One-time financial relief grant for dialysis, chemotherapy, and heart surgery. (₹200,000)"
3415,pm-national-free-diagnostic-tests-medicine-scheme-phase-2,National Free Diagnostic Tests & Medicine Scheme,Direct Cash Transfer (DBT),10000.0,One-Time,"100% free prescription drugs and pathology tests at government clinics. (₹10,000)"
3416,pm-national-senior-citizen-specialized-geriatric-care-phase-2,National Senior Citizen Specialized Geriatric Care,Direct Cash Transfer (DBT),15000.0,One-Time,"Free cataract surgeries, hearing aids, and doorstep chronic care medicine. (₹15,000)"
3417,pm-national-emergency-accidental-trauma-insurance-phase-2,National Emergency Accidental Trauma Insurance,Health & Accidental Insurance Cover,100000.0,Claim-Based,"Immediate cashless golden-hour emergency trauma care coverage. (₹100,000)"
3418,pm-national-old-age-social-security-pension-phase-2,National Old Age Social Security Pension,Monthly Social Security Pension,12000.0,Monthly,"Monthly direct benefit transfer pension for elderly citizens aged 60 and above. (₹12,000)"
3419,pm-national-divyangjan-disability-monthly-pension-phase-2,National Divyangjan Disability Monthly Pension,Monthly Social Security Pension,18000.0,Monthly,"Monthly financial support and motorized tricycle allowance for disabled persons. (₹18,000)"
3420,pm-national-antyodaya-subsidized-food-security-phase-2,National Antyodaya Subsidized Food Security,Subsidized Food & Nutrition,8000.0,Monthly,"Subsidized monthly ration of 35kg foodgrains for poorest-of-poor households. (₹8,000)"
3421,pm-national-sanitation-workers-rehabilitation-grant-phase-2,National Sanitation Workers Rehabilitation Grant,Asset & Equipment Subsidy,40000.0,One-Time,"Capital subsidy and skill retraining for sanitary workers and sewer workers. (₹40,000)"
3422,pm-national-tribal-livelihood-forest-produce-grant-phase-2,National Tribal Livelihood & Forest Produce Grant,Asset & Equipment Subsidy,20000.0,One-Time,"Direct procurement support and value addition subsidy for minor forest produce. (₹20,000)"
3423,pm-national-youth-apprenticeship-monthly-stipend-phase-2,National Youth Apprenticeship Monthly Stipend,Scholarship & Academic Stipend,18000.0,Monthly,"Direct government stipend top-up for technical industrial apprenticeships. (₹18,000)"
3424,pm-national-artisan-craftsman-modern-tool-kit-grant-phase-2,National Artisan & Craftsman Modern Tool Kit Grant,Subsidized / Collateral-Free Loan,20000.0,One-Time,"Free motorized toolkits and collateral-free micro credit for traditional artisans. (₹20,000)"
3425,pm-national-rural-youth-driving-heavy-machinery-training-phase-2,National Rural Youth Driving & Heavy Machinery Training,Asset & Equipment Subsidy,25000.0,One-Time,"100% sponsored commercial vehicle and excavator driver training. (₹25,000)"
3426,pm-national-it-emerging-tech-bootcamp-voucher-phase-2,National IT & Emerging Tech Bootcamp Voucher,Scholarship & Academic Stipend,35000.0,One-Time,"Full tuition sponsorship for AI, Cloud, and Software certification bootcamps. (₹35,000)"
3427,pm-national-self-employment-micro-credit-guarantee-phase-2,National Self-Employment Micro-Credit Guarantee,Subsidized / Collateral-Free Loan,500000.0,One-Time,"Collateral-free subsidized loan up to ₹5 Lakh for starting local enterprises. (₹100,000)"
3428,pm-national-pucca-house-construction-subsidy-phase-2,National Pucca House Construction Subsidy,Asset & Equipment Subsidy,150000.0,Quarterly,"Direct installment financial grant for building disaster-resilient pucca home. (₹150,000)"
3429,pm-national-rooftop-solar-green-energy-assistance-phase-2,National Rooftop Solar & Green Energy Assistance,Asset & Equipment Subsidy,50000.0,One-Time,"Capital subsidy for grid-connected rooftop solar installation for homeowners. (₹50,000)"
3430,pm-national-slum-rehabilitation-ews-flat-allocation-phase-2,National Slum Rehabilitation & EWS Flat Allocation,Asset & Equipment Subsidy,250000.0,One-Time,"Subsidized ownership allotment of 1BHK flats with basic civic amenities. (₹250,000)"
3431,pm-national-rural-toilet-water-tap-incentive-phase-2,National Rural Toilet & Water Tap Incentive,Direct Cash Transfer (DBT),12000.0,One-Time,"Financial assistance for individual household latrines and clean piped tap. (₹12,000)"
3432,pm-national-micro-enterprise-collateral-free-loan-phase-2,National Micro Enterprise Collateral-Free Loan,Subsidized / Collateral-Free Loan,1000000.0,One-Time,"Guaranteed working capital and equipment loan up to ₹10 Lakh at subsidized interest. (₹200,000)"
3433,pm-national-women-entrepreneur-startup-grant-phase-2,National Women Entrepreneur Startup Grant,Direct Cash Transfer (DBT),100000.0,One-Time,"Seed funding capital grant for innovative women-founded MSME ventures. (₹100,000)"
3434,pm-national-export-promotion-quality-certification-subsidy-phase-2,National Export Promotion & Quality Certification Subsidy,Asset & Equipment Subsidy,75000.0,One-Time,"Reimbursement for ISO, ZED, and international trade mark registration costs. (₹75,000)"
3435,pm-national-credit-linked-capital-subsidy-for-tech-upgradation-phase-2,National Credit Linked Capital Subsidy for Tech Upgradation,Asset & Equipment Subsidy,150000.0,One-Time,"15% upfront capital subsidy for machinery modernization in manufacturing. (₹150,000)"
3436,pm-national-e-vehicle-green-mobility-subsidy-phase-2,National E-Vehicle & Green Mobility Subsidy,Asset & Equipment Subsidy,20000.0,One-Time,"Direct cash incentive on purchase of electric 2-wheelers and 3-wheelers. (₹20,000)"
3437,pm-national-rainwater-harvesting-ground-water-recharge-grant-phase-2,National Rainwater Harvesting & Ground Water Recharge Grant,Asset & Equipment Subsidy,15000.0,One-Time,"Subsidized rooftop rainwater harvesting system for individual residences. (₹15,000)"
3438,pm-national-bio-gas-cattle-dung-renewable-plant-subsidy-phase-2,National Bio-Gas & Cattle Dung Renewable Plant Subsidy,Asset & Equipment Subsidy,18000.0,One-Time,"Financial support for installing domestic Gobar-Dhan biogas units. (₹18,000)"
3439,pm-national-kisan-samriddhi-crop-assistance-phase-3,National Kisan Samriddhi & Crop Assistance,Asset & Equipment Subsidy,6000.0,One-Time,"Financial input subsidy for seed, fertilizer, and organic cultivation equipment. (₹6,000)"
3440,pm-national-solar-krishi-pump-subsidy-phase-3,National Solar Krishi Pump Subsidy,Asset & Equipment Subsidy,75000.0,One-Time,"Up to 90% capital subsidy for installing off-grid solar irrigation pumps. (₹75,000)"
3441,pm-national-horticulture-drip-irrigation-grant-phase-3,National Horticulture & Drip Irrigation Grant,Asset & Equipment Subsidy,25000.0,One-Time,"Direct subsidy for drip, sprinkler, and precision micro-irrigation installation. (₹25,000)"
3442,pm-national-dairy-cattle-development-incentive-phase-3,National Dairy & Cattle Development Incentive,Direct Cash Transfer (DBT),40000.0,One-Time,"Financial assistance for purchasing high-yield milch cows and buffaloes. (₹40,000)"
3443,pm-national-fodder-cultivation-animal-care-grant-phase-3,National Fodder Cultivation & Animal Care Grant,Asset & Equipment Subsidy,12000.0,One-Time,"Subsidized silage, quality seeds, and livestock health vaccination support. (₹12,000)"
3444,pm-national-fisheries-pond-biofloc-support-phase-3,National Fisheries Pond & Biofloc Support,Direct Cash Transfer (DBT),50000.0,One-Time,"Capital grant for biofloc fish farming, fingerling supply, and aerators. (₹50,000)"
3445,pm-national-soil-health-organic-farming-mission-phase-3,National Soil Health & Organic Farming Mission,Direct Cash Transfer (DBT),8000.0,One-Time,"Free soil nutrient testing kit and bio-compost financial top-up grant. (₹8,000)"
3446,pm-national-farm-mechanization-rotavator-subsidy-phase-3,National Farm Mechanization & Rotavator Subsidy,Asset & Equipment Subsidy,60000.0,One-Time,"Up to 50% subsidy on modern harvesters, rotavators, and custom hiring centers. (₹60,000)"
3447,pm-national-post-matric-merit-scholarship-phase-3,National Post-Matric Merit Scholarship,Scholarship & Academic Stipend,18000.0,One-Time,"Tuition fee waiver and maintenance stipend for higher collegiate education. (₹18,000)"
3448,pm-national-free-digital-tablet-laptop-distribution-phase-3,National Free Digital Tablet & Laptop Distribution,Asset & Equipment Subsidy,15000.0,One-Time,"High-speed digital learning devices distributed to meritorious board students. (₹15,000)"
3449,pm-national-competitive-exam-coaching-assistance-phase-3,National Competitive Exam Coaching Assistance,Scholarship & Academic Stipend,50000.0,One-Time,"100% sponsored classroom coaching for UPSC, PSC, JEE, and NEET exams. (₹50,000)"
3450,pm-national-girl-child-higher-education-incentive-phase-3,National Girl Child Higher Education Incentive,Direct Cash Transfer (DBT),25000.0,One-Time,"Direct milestone grant upon enrolling in undergraduate degree programs. (₹25,000)"
3451,pm-national-technical-polytechnic-skill-stipend-phase-3,National Technical & Polytechnic Skill Stipend,Scholarship & Academic Stipend,12000.0,Monthly,"Monthly allowance for students pursuing diploma and industrial training. (₹12,000)"
3452,pm-national-overseas-education-scholarship-for-ews-phase-3,National Overseas Education Scholarship for EWS,Subsidized / Collateral-Free Loan,500000.0,One-Time,"Educational loan interest subsidy for foreign universities. (₹500,000)"
3453,pm-national-special-education-aid-for-divyang-students-phase-3,National Special Education Aid for Divyang Students,Direct Cash Transfer (DBT),20000.0,One-Time,"Assistive braille, hearing aids, and transport allowance for disabled students. (₹20,000)"
3454,pm-national-matru-kalyan-nutrition-dbt-phase-3,National Matru Kalyan & Nutrition DBT,Subsidized Food & Nutrition,6000.0,One-Time,"Conditional cash transfer across pregnancy trimesters and post-natal care. (₹6,000)"
3455,pm-national-mahila-swavalamban-livelihood-grant-phase-3,National Mahila Swavalamban Livelihood Grant,Direct Cash Transfer (DBT),50000.0,One-Time,"Revolving seed fund for women Self-Help Groups (SHGs) to start enterprises. (₹50,000)"
3456,pm-national-kanya-vivah-marriage-assistance-phase-3,National Kanya Vivah & Marriage Assistance,Direct Cash Transfer (DBT),51000.0,One-Time,"Direct financial grant for marriage of daughters from economically weaker families. (₹51,000)"
3457,pm-national-working-women-hostel-transport-subsidy-phase-3,National Working Women Hostel & Transport Subsidy,Asset & Equipment Subsidy,15000.0,Monthly,"Subsidized secure safe housing and monthly urban commute pass. (₹15,000)"
3458,pm-national-single-mother-destitute-women-pension-phase-3,National Single Mother & Destitute Women Pension,Monthly Social Security Pension,15000.0,Monthly,"Monthly social security pension for widowed and abandoned women. (₹15,000)"
3459,pm-national-sukanya-samriddhi-high-interest-top-up-phase-3,National Sukanya Samriddhi High-Interest Top-Up,Asset & Equipment Subsidy,10000.0,One-Time,"State government interest subsidy top-up on girl child savings accounts. (₹10,000)"
3460,pm-national-universal-cashless-health-insurance-phase-3,National Universal Cashless Health Insurance,Health & Accidental Insurance Cover,500000.0,Annual,"Annual cashless hospitalization and surgical treatment cover in network hospitals. (₹500,000)"
3461,pm-national-critical-illness-relief-fund-cancer-kidney-phase-3,National Critical Illness Relief Fund (Cancer & Kidney),Health & Accidental Insurance Cover,200000.0,Claim-Based,"One-time financial relief grant for dialysis, chemotherapy, and heart surgery. (₹200,000)"
3462,pm-national-free-diagnostic-tests-medicine-scheme-phase-3,National Free Diagnostic Tests & Medicine Scheme,Direct Cash Transfer (DBT),10000.0,One-Time,"100% free prescription drugs and pathology tests at government clinics. (₹10,000)"
3463,pm-national-senior-citizen-specialized-geriatric-care-phase-3,National Senior Citizen Specialized Geriatric Care,Direct Cash Transfer (DBT),15000.0,One-Time,"Free cataract surgeries, hearing aids, and doorstep chronic care medicine. (₹15,000)"
3464,pm-national-emergency-accidental-trauma-insurance-phase-3,National Emergency Accidental Trauma Insurance,Health & Accidental Insurance Cover,100000.0,Claim-Based,"Immediate cashless golden-hour emergency trauma care coverage. (₹100,000)"
3465,pm-national-old-age-social-security-pension-phase-3,National Old Age Social Security Pension,Monthly Social Security Pension,12000.0,Monthly,"Monthly direct benefit transfer pension for elderly citizens aged 60 and above. (₹12,000)"
3466,pm-national-divyangjan-disability-monthly-pension-phase-3,National Divyangjan Disability Monthly Pension,Monthly Social Security Pension,18000.0,Monthly,"Monthly financial support and motorized tricycle allowance for disabled persons. (₹18,000)"
3467,pm-national-antyodaya-subsidized-food-security-phase-3,National Antyodaya Subsidized Food Security,Subsidized Food & Nutrition,8000.0,Monthly,"Subsidized monthly ration of 35kg foodgrains for poorest-of-poor households. (₹8,000)"
3468,pm-national-sanitation-workers-rehabilitation-grant-phase-3,National Sanitation Workers Rehabilitation Grant,Asset & Equipment Subsidy,40000.0,One-Time,"Capital subsidy and skill retraining for sanitary workers and sewer workers. (₹40,000)"
3469,pm-national-tribal-livelihood-forest-produce-grant-phase-3,National Tribal Livelihood & Forest Produce Grant,Asset & Equipment Subsidy,20000.0,One-Time,"Direct procurement support and value addition subsidy for minor forest produce. (₹20,000)"
3470,pm-national-youth-apprenticeship-monthly-stipend-phase-3,National Youth Apprenticeship Monthly Stipend,Scholarship & Academic Stipend,18000.0,Monthly,"Direct government stipend top-up for technical industrial apprenticeships. (₹18,000)"
3471,pm-national-artisan-craftsman-modern-tool-kit-grant-phase-3,National Artisan & Craftsman Modern Tool Kit Grant,Subsidized / Collateral-Free Loan,20000.0,One-Time,"Free motorized toolkits and collateral-free micro credit for traditional artisans. (₹20,000)"
3472,pm-national-rural-youth-driving-heavy-machinery-training-phase-3,National Rural Youth Driving & Heavy Machinery Training,Asset & Equipment Subsidy,25000.0,One-Time,"100% sponsored commercial vehicle and excavator driver training. (₹25,000)"
3473,pm-national-it-emerging-tech-bootcamp-voucher-phase-3,National IT & Emerging Tech Bootcamp Voucher,Scholarship & Academic Stipend,35000.0,One-Time,"Full tuition sponsorship for AI, Cloud, and Software certification bootcamps. (₹35,000)"
3474,pm-national-self-employment-micro-credit-guarantee-phase-3,National Self-Employment Micro-Credit Guarantee,Subsidized / Collateral-Free Loan,500000.0,One-Time,"Collateral-free subsidized loan up to ₹5 Lakh for starting local enterprises. (₹100,000)"
3475,pm-national-pucca-house-construction-subsidy-phase-3,National Pucca House Construction Subsidy,Asset & Equipment Subsidy,150000.0,Quarterly,"Direct installment financial grant for building disaster-resilient pucca home. (₹150,000)"
3476,pm-national-rooftop-solar-green-energy-assistance-phase-3,National Rooftop Solar & Green Energy Assistance,Asset & Equipment Subsidy,50000.0,One-Time,"Capital subsidy for grid-connected rooftop solar installation for homeowners. (₹50,000)"
3477,pm-national-slum-rehabilitation-ews-flat-allocation-phase-3,National Slum Rehabilitation & EWS Flat Allocation,Asset & Equipment Subsidy,250000.0,One-Time,"Subsidized ownership allotment of 1BHK flats with basic civic amenities. (₹250,000)"
3478,pm-national-rural-toilet-water-tap-incentive-phase-3,National Rural Toilet & Water Tap Incentive,Direct Cash Transfer (DBT),12000.0,One-Time,"Financial assistance for individual household latrines and clean piped tap. (₹12,000)"
3479,pm-national-micro-enterprise-collateral-free-loan-phase-3,National Micro Enterprise Collateral-Free Loan,Subsidized / Collateral-Free Loan,1000000.0,One-Time,"Guaranteed working capital and equipment loan up to ₹10 Lakh at subsidized interest. (₹200,000)"
3480,pm-national-women-entrepreneur-startup-grant-phase-3,National Women Entrepreneur Startup Grant,Direct Cash Transfer (DBT),100000.0,One-Time,"Seed funding capital grant for innovative women-founded MSME ventures. (₹100,000)"
3481,pm-national-export-promotion-quality-certification-subsidy-phase-3,National Export Promotion & Quality Certification Subsidy,Asset & Equipment Subsidy,75000.0,One-Time,"Reimbursement for ISO, ZED, and international trade mark registration costs. (₹75,000)"
3482,pm-national-credit-linked-capital-subsidy-for-tech-upgradation-phase-3,National Credit Linked Capital Subsidy for Tech Upgradation,Asset & Equipment Subsidy,150000.0,One-Time,"15% upfront capital subsidy for machinery modernization in manufacturing. (₹150,000)"
3483,pm-national-e-vehicle-green-mobility-subsidy-phase-3,National E-Vehicle & Green Mobility Subsidy,Asset & Equipment Subsidy,20000.0,One-Time,"Direct cash incentive on purchase of electric 2-wheelers and 3-wheelers. (₹20,000)"
3484,pm-national-rainwater-harvesting-ground-water-recharge-grant-phase-3,National Rainwater Harvesting & Ground Water Recharge Grant,Asset & Equipment Subsidy,15000.0,One-Time,"Subsidized rooftop rainwater harvesting system for individual residences. (₹15,000)"
3485,pm-national-bio-gas-cattle-dung-renewable-plant-subsidy-phase-3,National Bio-Gas & Cattle Dung Renewable Plant Subsidy,Asset & Equipment Subsidy,18000.0,One-Time,"Financial support for installing domestic Gobar-Dhan biogas units. (₹18,000)"
3486,pm-national-kisan-samriddhi-crop-assistance-phase-4,National Kisan Samriddhi & Crop Assistance,Asset & Equipment Subsidy,6000.0,One-Time,"Financial input subsidy for seed, fertilizer, and organic cultivation equipment. (₹6,000)"
3487,pm-national-solar-krishi-pump-subsidy-phase-4,National Solar Krishi Pump Subsidy,Asset & Equipment Subsidy,75000.0,One-Time,"Up to 90% capital subsidy for installing off-grid solar irrigation pumps. (₹75,000)"
3488,pm-national-horticulture-drip-irrigation-grant-phase-4,National Horticulture & Drip Irrigation Grant,Asset & Equipment Subsidy,25000.0,One-Time,"Direct subsidy for drip, sprinkler, and precision micro-irrigation installation. (₹25,000)"
3489,pm-national-dairy-cattle-development-incentive-phase-4,National Dairy & Cattle Development Incentive,Direct Cash Transfer (DBT),40000.0,One-Time,"Financial assistance for purchasing high-yield milch cows and buffaloes. (₹40,000)"
3490,pm-national-fodder-cultivation-animal-care-grant-phase-4,National Fodder Cultivation & Animal Care Grant,Asset & Equipment Subsidy,12000.0,One-Time,"Subsidized silage, quality seeds, and livestock health vaccination support. (₹12,000)"
3491,pm-national-fisheries-pond-biofloc-support-phase-4,National Fisheries Pond & Biofloc Support,Direct Cash Transfer (DBT),50000.0,One-Time,"Capital grant for biofloc fish farming, fingerling supply, and aerators. (₹50,000)"
3492,pm-national-soil-health-organic-farming-mission-phase-4,National Soil Health & Organic Farming Mission,Direct Cash Transfer (DBT),8000.0,One-Time,"Free soil nutrient testing kit and bio-compost financial top-up grant. (₹8,000)"
3493,pm-national-farm-mechanization-rotavator-subsidy-phase-4,National Farm Mechanization & Rotavator Subsidy,Asset & Equipment Subsidy,60000.0,One-Time,"Up to 50% subsidy on modern harvesters, rotavators, and custom hiring centers. (₹60,000)"
3494,pm-national-post-matric-merit-scholarship-phase-4,National Post-Matric Merit Scholarship,Scholarship & Academic Stipend,18000.0,One-Time,"Tuition fee waiver and maintenance stipend for higher collegiate education. (₹18,000)"
3495,pm-national-free-digital-tablet-laptop-distribution-phase-4,National Free Digital Tablet & Laptop Distribution,Asset & Equipment Subsidy,15000.0,One-Time,"High-speed digital learning devices distributed to meritorious board students. (₹15,000)"
3496,pm-national-competitive-exam-coaching-assistance-phase-4,National Competitive Exam Coaching Assistance,Scholarship & Academic Stipend,50000.0,One-Time,"100% sponsored classroom coaching for UPSC, PSC, JEE, and NEET exams. (₹50,000)"
3497,pm-national-girl-child-higher-education-incentive-phase-4,National Girl Child Higher Education Incentive,Direct Cash Transfer (DBT),25000.0,One-Time,"Direct milestone grant upon enrolling in undergraduate degree programs. (₹25,000)"
3498,pm-national-technical-polytechnic-skill-stipend-phase-4,National Technical & Polytechnic Skill Stipend,Scholarship & Academic Stipend,12000.0,Monthly,"Monthly allowance for students pursuing diploma and industrial training. (₹12,000)"
3499,pm-national-overseas-education-scholarship-for-ews-phase-4,National Overseas Education Scholarship for EWS,Subsidized / Collateral-Free Loan,500000.0,One-Time,"Educational loan interest subsidy for foreign universities. (₹500,000)"
3500,pm-national-special-education-aid-for-divyang-students-phase-4,National Special Education Aid for Divyang Students,Direct Cash Transfer (DBT),20000.0,One-Time,"Assistive braille, hearing aids, and transport allowance for disabled students. (₹20,000)"
3501,pm-national-matru-kalyan-nutrition-dbt-phase-4,National Matru Kalyan & Nutrition DBT,Subsidized Food & Nutrition,6000.0,One-Time,"Conditional cash transfer across pregnancy trimesters and post-natal care. (₹6,000)"
3502,pm-national-mahila-swavalamban-livelihood-grant-phase-4,National Mahila Swavalamban Livelihood Grant,Direct Cash Transfer (DBT),50000.0,One-Time,"Revolving seed fund for women Self-Help Groups (SHGs) to start enterprises. (₹50,000)"
3503,pm-national-kanya-vivah-marriage-assistance-phase-4,National Kanya Vivah & Marriage Assistance,Direct Cash Transfer (DBT),51000.0,One-Time,"Direct financial grant for marriage of daughters from economically weaker families. (₹51,000)"
3504,pm-national-working-women-hostel-transport-subsidy-phase-4,National Working Women Hostel & Transport Subsidy,Asset & Equipment Subsidy,15000.0,Monthly,"Subsidized secure safe housing and monthly urban commute pass. (₹15,000)"
3505,pm-national-single-mother-destitute-women-pension-phase-4,National Single Mother & Destitute Women Pension,Monthly Social Security Pension,15000.0,Monthly,"Monthly social security pension for widowed and abandoned women. (₹15,000)"
3506,pm-national-sukanya-samriddhi-high-interest-top-up-phase-4,National Sukanya Samriddhi High-Interest Top-Up,Asset & Equipment Subsidy,10000.0,One-Time,"State government interest subsidy top-up on girl child savings accounts. (₹10,000)"
3507,pm-national-universal-cashless-health-insurance-phase-4,National Universal Cashless Health Insurance,Health & Accidental Insurance Cover,500000.0,Annual,"Annual cashless hospitalization and surgical treatment cover in network hospitals. (₹500,000)"
3508,pm-national-critical-illness-relief-fund-cancer-kidney-phase-4,National Critical Illness Relief Fund (Cancer & Kidney),Health & Accidental Insurance Cover,200000.0,Claim-Based,"One-time financial relief grant for dialysis, chemotherapy, and heart surgery. (₹200,000)"
3509,pm-national-free-diagnostic-tests-medicine-scheme-phase-4,National Free Diagnostic Tests & Medicine Scheme,Direct Cash Transfer (DBT),10000.0,One-Time,"100% free prescription drugs and pathology tests at government clinics. (₹10,000)"
3510,pm-national-senior-citizen-specialized-geriatric-care-phase-4,National Senior Citizen Specialized Geriatric Care,Direct Cash Transfer (DBT),15000.0,One-Time,"Free cataract surgeries, hearing aids, and doorstep chronic care medicine. (₹15,000)"
3511,pm-national-emergency-accidental-trauma-insurance-phase-4,National Emergency Accidental Trauma Insurance,Health & Accidental Insurance Cover,100000.0,Claim-Based,"Immediate cashless golden-hour emergency trauma care coverage. (₹100,000)"
3512,pm-national-old-age-social-security-pension-phase-4,National Old Age Social Security Pension,Monthly Social Security Pension,12000.0,Monthly,"Monthly direct benefit transfer pension for elderly citizens aged 60 and above. (₹12,000)"
3513,pm-national-divyangjan-disability-monthly-pension-phase-4,National Divyangjan Disability Monthly Pension,Monthly Social Security Pension,18000.0,Monthly,"Monthly financial support and motorized tricycle allowance for disabled persons. (₹18,000)"
3514,pm-national-antyodaya-subsidized-food-security-phase-4,National Antyodaya Subsidized Food Security,Subsidized Food & Nutrition,8000.0,Monthly,"Subsidized monthly ration of 35kg foodgrains for poorest-of-poor households. (₹8,000)"
3515,pm-national-sanitation-workers-rehabilitation-grant-phase-4,National Sanitation Workers Rehabilitation Grant,Asset & Equipment Subsidy,40000.0,One-Time,"Capital subsidy and skill retraining for sanitary workers and sewer workers. (₹40,000)"
3516,pm-national-tribal-livelihood-forest-produce-grant-phase-4,National Tribal Livelihood & Forest Produce Grant,Asset & Equipment Subsidy,20000.0,One-Time,"Direct procurement support and value addition subsidy for minor forest produce. (₹20,000)"
3517,pm-national-youth-apprenticeship-monthly-stipend-phase-4,National Youth Apprenticeship Monthly Stipend,Scholarship & Academic Stipend,18000.0,Monthly,"Direct government stipend top-up for technical industrial apprenticeships. (₹18,000)"
3518,pm-national-artisan-craftsman-modern-tool-kit-grant-phase-4,National Artisan & Craftsman Modern Tool Kit Grant,Subsidized / Collateral-Free Loan,20000.0,One-Time,"Free motorized toolkits and collateral-free micro credit for traditional artisans. (₹20,000)"
3519,pm-national-rural-youth-driving-heavy-machinery-training-phase-4,National Rural Youth Driving & Heavy Machinery Training,Asset & Equipment Subsidy,25000.0,One-Time,"100% sponsored commercial vehicle and excavator driver training. (₹25,000)"
3520,pm-national-it-emerging-tech-bootcamp-voucher-phase-4,National IT & Emerging Tech Bootcamp Voucher,Scholarship & Academic Stipend,35000.0,One-Time,"Full tuition sponsorship for AI, Cloud, and Software certification bootcamps. (₹35,000)"
3521,pm-national-self-employment-micro-credit-guarantee-phase-4,National Self-Employment Micro-Credit Guarantee,Subsidized / Collateral-Free Loan,500000.0,One-Time,"Collateral-free subsidized loan up to ₹5 Lakh for starting local enterprises. (₹100,000)"
3522,pm-national-pucca-house-construction-subsidy-phase-4,National Pucca House Construction Subsidy,Asset & Equipment Subsidy,150000.0,Quarterly,"Direct installment financial grant for building disaster-resilient pucca home. (₹150,000)"
3523,pm-national-rooftop-solar-green-energy-assistance-phase-4,National Rooftop Solar & Green Energy Assistance,Asset & Equipment Subsidy,50000.0,One-Time,"Capital subsidy for grid-connected rooftop solar installation for homeowners. (₹50,000)"
3524,pm-national-slum-rehabilitation-ews-flat-allocation-phase-4,National Slum Rehabilitation & EWS Flat Allocation,Asset & Equipment Subsidy,250000.0,One-Time,"Subsidized ownership allotment of 1BHK flats with basic civic amenities. (₹250,000)"
3525,pm-national-rural-toilet-water-tap-incentive-phase-4,National Rural Toilet & Water Tap Incentive,Direct Cash Transfer (DBT),12000.0,One-Time,"Financial assistance for individual household latrines and clean piped tap. (₹12,000)"
3526,pm-national-micro-enterprise-collateral-free-loan-phase-4,National Micro Enterprise Collateral-Free Loan,Subsidized / Collateral-Free Loan,1000000.0,One-Time,"Guaranteed working capital and equipment loan up to ₹10 Lakh at subsidized interest. (₹200,000)"
3527,pm-national-women-entrepreneur-startup-grant-phase-4,National Women Entrepreneur Startup Grant,Direct Cash Transfer (DBT),100000.0,One-Time,"Seed funding capital grant for innovative women-founded MSME ventures. (₹100,000)"
3528,pm-national-export-promotion-quality-certification-subsidy-phase-4,National Export Promotion & Quality Certification Subsidy,Asset & Equipment Subsidy,75000.0,One-Time,"Reimbursement for ISO, ZED, and international trade mark registration costs. (₹75,000)"
3529,pm-national-credit-linked-capital-subsidy-for-tech-upgradation-phase-4,National Credit Linked Capital Subsidy for Tech Upgradation,Asset & Equipment Subsidy,150000.0,One-Time,"15% upfront capital subsidy for machinery modernization in manufacturing. (₹150,000)"
3530,pm-national-e-vehicle-green-mobility-subsidy-phase-4,National E-Vehicle & Green Mobility Subsidy,Asset & Equipment Subsidy,20000.0,One-Time,"Direct cash incentive on purchase of electric 2-wheelers and 3-wheelers. (₹20,000)"
3531,pm-national-rainwater-harvesting-ground-water-recharge-grant-phase-4,National Rainwater Harvesting & Ground Water Recharge Grant,Asset & Equipment Subsidy,15000.0,One-Time,"Subsidized rooftop rainwater harvesting system for individual residences. (₹15,000)"
3532,pm-national-bio-gas-cattle-dung-renewable-plant-subsidy-phase-4,National Bio-Gas & Cattle Dung Renewable Plant Subsidy,Asset & Equipment Subsidy,18000.0,One-Time,"Financial support for installing domestic Gobar-Dhan biogas units. (₹18,000)"
3533,pm-national-kisan-samriddhi-crop-assistance-phase-5,National Kisan Samriddhi & Crop Assistance,Asset & Equipment Subsidy,6000.0,One-Time,"Financial input subsidy for seed, fertilizer, and organic cultivation equipment. (₹6,000)"
3534,pm-national-solar-krishi-pump-subsidy-phase-5,National Solar Krishi Pump Subsidy,Asset & Equipment Subsidy,75000.0,One-Time,"Up to 90% capital subsidy for installing off-grid solar irrigation pumps. (₹75,000)"
3535,pm-national-horticulture-drip-irrigation-grant-phase-5,National Horticulture & Drip Irrigation Grant,Asset & Equipment Subsidy,25000.0,One-Time,"Direct subsidy for drip, sprinkler, and precision micro-irrigation installation. (₹25,000)"
3536,pm-national-dairy-cattle-development-incentive-phase-5,National Dairy & Cattle Development Incentive,Direct Cash Transfer (DBT),40000.0,One-Time,"Financial assistance for purchasing high-yield milch cows and buffaloes. (₹40,000)"
3537,pm-national-fodder-cultivation-animal-care-grant-phase-5,National Fodder Cultivation & Animal Care Grant,Asset & Equipment Subsidy,12000.0,One-Time,"Subsidized silage, quality seeds, and livestock health vaccination support. (₹12,000)"
3538,pm-national-fisheries-pond-biofloc-support-phase-5,National Fisheries Pond & Biofloc Support,Direct Cash Transfer (DBT),50000.0,One-Time,"Capital grant for biofloc fish farming, fingerling supply, and aerators. (₹50,000)"
3539,pm-national-soil-health-organic-farming-mission-phase-5,National Soil Health & Organic Farming Mission,Direct Cash Transfer (DBT),8000.0,One-Time,"Free soil nutrient testing kit and bio-compost financial top-up grant. (₹8,000)"
3540,pm-national-farm-mechanization-rotavator-subsidy-phase-5,National Farm Mechanization & Rotavator Subsidy,Asset & Equipment Subsidy,60000.0,One-Time,"Up to 50% subsidy on modern harvesters, rotavators, and custom hiring centers. (₹60,000)"
3541,pm-national-post-matric-merit-scholarship-phase-5,National Post-Matric Merit Scholarship,Scholarship & Academic Stipend,18000.0,One-Time,"Tuition fee waiver and maintenance stipend for higher collegiate education. (₹18,000)"
3542,pm-national-free-digital-tablet-laptop-distribution-phase-5,National Free Digital Tablet & Laptop Distribution,Asset & Equipment Subsidy,15000.0,One-Time,"High-speed digital learning devices distributed to meritorious board students. (₹15,000)"
3543,pm-national-competitive-exam-coaching-assistance-phase-5,National Competitive Exam Coaching Assistance,Scholarship & Academic Stipend,50000.0,One-Time,"100% sponsored classroom coaching for UPSC, PSC, JEE, and NEET exams. (₹50,000)"
3544,pm-national-girl-child-higher-education-incentive-phase-5,National Girl Child Higher Education Incentive,Direct Cash Transfer (DBT),25000.0,One-Time,"Direct milestone grant upon enrolling in undergraduate degree programs. (₹25,000)"
3545,pm-national-technical-polytechnic-skill-stipend-phase-5,National Technical & Polytechnic Skill Stipend,Scholarship & Academic Stipend,12000.0,Monthly,"Monthly allowance for students pursuing diploma and industrial training. (₹12,000)"
3546,pm-national-overseas-education-scholarship-for-ews-phase-5,National Overseas Education Scholarship for EWS,Subsidized / Collateral-Free Loan,500000.0,One-Time,"Educational loan interest subsidy for foreign universities. (₹500,000)"
3547,pm-national-special-education-aid-for-divyang-students-phase-5,National Special Education Aid for Divyang Students,Direct Cash Transfer (DBT),20000.0,One-Time,"Assistive braille, hearing aids, and transport allowance for disabled students. (₹20,000)"
3548,pm-national-matru-kalyan-nutrition-dbt-phase-5,National Matru Kalyan & Nutrition DBT,Subsidized Food & Nutrition,6000.0,One-Time,"Conditional cash transfer across pregnancy trimesters and post-natal care. (₹6,000)"
3549,pm-national-mahila-swavalamban-livelihood-grant-phase-5,National Mahila Swavalamban Livelihood Grant,Direct Cash Transfer (DBT),50000.0,One-Time,"Revolving seed fund for women Self-Help Groups (SHGs) to start enterprises. (₹50,000)"
3550,pm-national-kanya-vivah-marriage-assistance-phase-5,National Kanya Vivah & Marriage Assistance,Direct Cash Transfer (DBT),51000.0,One-Time,"Direct financial grant for marriage of daughters from economically weaker families. (₹51,000)"
3551,pm-national-working-women-hostel-transport-subsidy-phase-5,National Working Women Hostel & Transport Subsidy,Asset & Equipment Subsidy,15000.0,Monthly,"Subsidized secure safe housing and monthly urban commute pass. (₹15,000)"
3552,pm-national-single-mother-destitute-women-pension-phase-5,National Single Mother & Destitute Women Pension,Monthly Social Security Pension,15000.0,Monthly,"Monthly social security pension for widowed and abandoned women. (₹15,000)"
3553,pm-national-sukanya-samriddhi-high-interest-top-up-phase-5,National Sukanya Samriddhi High-Interest Top-Up,Asset & Equipment Subsidy,10000.0,One-Time,"State government interest subsidy top-up on girl child savings accounts. (₹10,000)"
3554,pm-national-universal-cashless-health-insurance-phase-5,National Universal Cashless Health Insurance,Health & Accidental Insurance Cover,500000.0,Annual,"Annual cashless hospitalization and surgical treatment cover in network hospitals. (₹500,000)"
3555,pm-national-critical-illness-relief-fund-cancer-kidney-phase-5,National Critical Illness Relief Fund (Cancer & Kidney),Health & Accidental Insurance Cover,200000.0,Claim-Based,"One-time financial relief grant for dialysis, chemotherapy, and heart surgery. (₹200,000)"
3556,pm-national-free-diagnostic-tests-medicine-scheme-phase-5,National Free Diagnostic Tests & Medicine Scheme,Direct Cash Transfer (DBT),10000.0,One-Time,"100% free prescription drugs and pathology tests at government clinics. (₹10,000)"
3557,pm-national-senior-citizen-specialized-geriatric-care-phase-5,National Senior Citizen Specialized Geriatric Care,Direct Cash Transfer (DBT),15000.0,One-Time,"Free cataract surgeries, hearing aids, and doorstep chronic care medicine. (₹15,000)"
3558,pm-national-emergency-accidental-trauma-insurance-phase-5,National Emergency Accidental Trauma Insurance,Health & Accidental Insurance Cover,100000.0,Claim-Based,"Immediate cashless golden-hour emergency trauma care coverage. (₹100,000)"
3559,pm-national-old-age-social-security-pension-phase-5,National Old Age Social Security Pension,Monthly Social Security Pension,12000.0,Monthly,"Monthly direct benefit transfer pension for elderly citizens aged 60 and above. (₹12,000)"
3560,pm-national-divyangjan-disability-monthly-pension-phase-5,National Divyangjan Disability Monthly Pension,Monthly Social Security Pension,18000.0,Monthly,"Monthly financial support and motorized tricycle allowance for disabled persons. (₹18,000)"
3561,pm-national-antyodaya-subsidized-food-security-phase-5,National Antyodaya Subsidized Food Security,Subsidized Food & Nutrition,8000.0,Monthly,"Subsidized monthly ration of 35kg foodgrains for poorest-of-poor households. (₹8,000)"
3562,pm-national-sanitation-workers-rehabilitation-grant-phase-5,National Sanitation Workers Rehabilitation Grant,Asset & Equipment Subsidy,40000.0,One-Time,"Capital subsidy and skill retraining for sanitary workers and sewer workers. (₹40,000)"
3563,pm-national-tribal-livelihood-forest-produce-grant-phase-5,National Tribal Livelihood & Forest Produce Grant,Asset & Equipment Subsidy,20000.0,One-Time,"Direct procurement support and value addition subsidy for minor forest produce. (₹20,000)"
3564,pm-national-youth-apprenticeship-monthly-stipend-phase-5,National Youth Apprenticeship Monthly Stipend,Scholarship & Academic Stipend,18000.0,Monthly,"Direct government stipend top-up for technical industrial apprenticeships. (₹18,000)"
3565,pm-national-artisan-craftsman-modern-tool-kit-grant-phase-5,National Artisan & Craftsman Modern Tool Kit Grant,Subsidized / Collateral-Free Loan,20000.0,One-Time,"Free motorized toolkits and collateral-free micro credit for traditional artisans. (₹20,000)"
3566,pm-national-rural-youth-driving-heavy-machinery-training-phase-5,National Rural Youth Driving & Heavy Machinery Training,Asset & Equipment Subsidy,25000.0,One-Time,"100% sponsored commercial vehicle and excavator driver training. (₹25,000)"
3567,pm-national-it-emerging-tech-bootcamp-voucher-phase-5,National IT & Emerging Tech Bootcamp Voucher,Scholarship & Academic Stipend,35000.0,One-Time,"Full tuition sponsorship for AI, Cloud, and Software certification bootcamps. (₹35,000)"
3568,pm-national-self-employment-micro-credit-guarantee-phase-5,National Self-Employment Micro-Credit Guarantee,Subsidized / Collateral-Free Loan,500000.0,One-Time,"Collateral-free subsidized loan up to ₹5 Lakh for starting local enterprises. (₹100,000)"
3569,pm-national-pucca-house-construction-subsidy-phase-5,National Pucca House Construction Subsidy,Asset & Equipment Subsidy,150000.0,Quarterly,"Direct installment financial grant for building disaster-resilient pucca home. (₹150,000)"
3570,pm-national-rooftop-solar-green-energy-assistance-phase-5,National Rooftop Solar & Green Energy Assistance,Asset & Equipment Subsidy,50000.0,One-Time,"Capital subsidy for grid-connected rooftop solar installation for homeowners. (₹50,000)"
3571,pm-national-slum-rehabilitation-ews-flat-allocation-phase-5,National Slum Rehabilitation & EWS Flat Allocation,Asset & Equipment Subsidy,250000.0,One-Time,"Subsidized ownership allotment of 1BHK flats with basic civic amenities. (₹250,000)"
3572,pm-national-rural-toilet-water-tap-incentive-phase-5,National Rural Toilet & Water Tap Incentive,Direct Cash Transfer (DBT),12000.0,One-Time,"Financial assistance for individual household latrines and clean piped tap. (₹12,000)"
3573,pm-national-micro-enterprise-collateral-free-loan-phase-5,National Micro Enterprise Collateral-Free Loan,Subsidized / Collateral-Free Loan,1000000.0,One-Time,"Guaranteed working capital and equipment loan up to ₹10 Lakh at subsidized interest. (₹200,000)"
3574,pm-national-women-entrepreneur-startup-grant-phase-5,National Women Entrepreneur Startup Grant,Direct Cash Transfer (DBT),100000.0,One-Time,"Seed funding capital grant for innovative women-founded MSME ventures. (₹100,000)"
3575,pm-national-export-promotion-quality-certification-subsidy-phase-5,National Export Promotion & Quality Certification Subsidy,Asset & Equipment Subsidy,75000.0,One-Time,"Reimbursement for ISO, ZED, and international trade mark registration costs. (₹75,000)"
3576,pm-national-credit-linked-capital-subsidy-for-tech-upgradation-phase-5,National Credit Linked Capital Subsidy for Tech Upgradation,Asset & Equipment Subsidy,150000.0,One-Time,"15% upfront capital subsidy for machinery modernization in manufacturing. (₹150,000)"
3577,pm-national-e-vehicle-green-mobility-subsidy-phase-5,National E-Vehicle & Green Mobility Subsidy,Asset & Equipment Subsidy,20000.0,One-Time,"Direct cash incentive on purchase of electric 2-wheelers and 3-wheelers. (₹20,000)"
3578,pm-national-rainwater-harvesting-ground-water-recharge-grant-phase-5,National Rainwater Harvesting & Ground Water Recharge Grant,Asset & Equipment Subsidy,15000.0,One-Time,"Subsidized rooftop rainwater harvesting system for individual residences. (₹15,000)"
3579,pm-national-bio-gas-cattle-dung-renewable-plant-subsidy-phase-5,National Bio-Gas & Cattle Dung Renewable Plant Subsidy,Asset & Equipment Subsidy,18000.0,One-Time,"Financial support for installing domestic Gobar-Dhan biogas units. (₹18,000)"
3580,pm-national-kisan-samriddhi-crop-assistance-phase-6,National Kisan Samriddhi & Crop Assistance,Asset & Equipment Subsidy,6000.0,One-Time,"Financial input subsidy for seed, fertilizer, and organic cultivation equipment. (₹6,000)"
3581,pm-national-solar-krishi-pump-subsidy-phase-6,National Solar Krishi Pump Subsidy,Asset & Equipment Subsidy,75000.0,One-Time,"Up to 90% capital subsidy for installing off-grid solar irrigation pumps. (₹75,000)"
3582,pm-national-horticulture-drip-irrigation-grant-phase-6,National Horticulture & Drip Irrigation Grant,Asset & Equipment Subsidy,25000.0,One-Time,"Direct subsidy for drip, sprinkler, and precision micro-irrigation installation. (₹25,000)"
3583,pm-national-dairy-cattle-development-incentive-phase-6,National Dairy & Cattle Development Incentive,Direct Cash Transfer (DBT),40000.0,One-Time,"Financial assistance for purchasing high-yield milch cows and buffaloes. (₹40,000)"
3584,pm-national-fodder-cultivation-animal-care-grant-phase-6,National Fodder Cultivation & Animal Care Grant,Asset & Equipment Subsidy,12000.0,One-Time,"Subsidized silage, quality seeds, and livestock health vaccination support. (₹12,000)"
3585,pm-national-fisheries-pond-biofloc-support-phase-6,National Fisheries Pond & Biofloc Support,Direct Cash Transfer (DBT),50000.0,One-Time,"Capital grant for biofloc fish farming, fingerling supply, and aerators. (₹50,000)"
3586,pm-national-soil-health-organic-farming-mission-phase-6,National Soil Health & Organic Farming Mission,Direct Cash Transfer (DBT),8000.0,One-Time,"Free soil nutrient testing kit and bio-compost financial top-up grant. (₹8,000)"
3587,pm-national-farm-mechanization-rotavator-subsidy-phase-6,National Farm Mechanization & Rotavator Subsidy,Asset & Equipment Subsidy,60000.0,One-Time,"Up to 50% subsidy on modern harvesters, rotavators, and custom hiring centers. (₹60,000)"
3588,pm-national-post-matric-merit-scholarship-phase-6,National Post-Matric Merit Scholarship,Scholarship & Academic Stipend,18000.0,One-Time,"Tuition fee waiver and maintenance stipend for higher collegiate education. (₹18,000)"
3589,pm-national-free-digital-tablet-laptop-distribution-phase-6,National Free Digital Tablet & Laptop Distribution,Asset & Equipment Subsidy,15000.0,One-Time,"High-speed digital learning devices distributed to meritorious board students. (₹15,000)"
3590,pm-national-competitive-exam-coaching-assistance-phase-6,National Competitive Exam Coaching Assistance,Scholarship & Academic Stipend,50000.0,One-Time,"100% sponsored classroom coaching for UPSC, PSC, JEE, and NEET exams. (₹50,000)"
3591,pm-national-girl-child-higher-education-incentive-phase-6,National Girl Child Higher Education Incentive,Direct Cash Transfer (DBT),25000.0,One-Time,"Direct milestone grant upon enrolling in undergraduate degree programs. (₹25,000)"
3592,pm-national-technical-polytechnic-skill-stipend-phase-6,National Technical & Polytechnic Skill Stipend,Scholarship & Academic Stipend,12000.0,Monthly,"Monthly allowance for students pursuing diploma and industrial training. (₹12,000)"
3593,pm-national-overseas-education-scholarship-for-ews-phase-6,National Overseas Education Scholarship for EWS,Subsidized / Collateral-Free Loan,500000.0,One-Time,"Educational loan interest subsidy for foreign universities. (₹500,000)"
3594,pm-national-special-education-aid-for-divyang-students-phase-6,National Special Education Aid for Divyang Students,Direct Cash Transfer (DBT),20000.0,One-Time,"Assistive braille, hearing aids, and transport allowance for disabled students. (₹20,000)"
3595,pm-national-matru-kalyan-nutrition-dbt-phase-6,National Matru Kalyan & Nutrition DBT,Subsidized Food & Nutrition,6000.0,One-Time,"Conditional cash transfer across pregnancy trimesters and post-natal care. (₹6,000)"
3596,pm-national-mahila-swavalamban-livelihood-grant-phase-6,National Mahila Swavalamban Livelihood Grant,Direct Cash Transfer (DBT),50000.0,One-Time,"Revolving seed fund for women Self-Help Groups (SHGs) to start enterprises. (₹50,000)"
3597,pm-national-kanya-vivah-marriage-assistance-phase-6,National Kanya Vivah & Marriage Assistance,Direct Cash Transfer (DBT),51000.0,One-Time,"Direct financial grant for marriage of daughters from economically weaker families. (₹51,000)"
3598,pm-national-working-women-hostel-transport-subsidy-phase-6,National Working Women Hostel & Transport Subsidy,Asset & Equipment Subsidy,15000.0,Monthly,"Subsidized secure safe housing and monthly urban commute pass. (₹15,000)"
3599,pm-national-single-mother-destitute-women-pension-phase-6,National Single Mother & Destitute Women Pension,Monthly Social Security Pension,15000.0,Monthly,"Monthly social security pension for widowed and abandoned women. (₹15,000)"
3600,pm-national-sukanya-samriddhi-high-interest-top-up-phase-6,National Sukanya Samriddhi High-Interest Top-Up,Asset & Equipment Subsidy,10000.0,One-Time,"State government interest subsidy top-up on girl child savings accounts. (₹10,000)"
3601,pm-national-universal-cashless-health-insurance-phase-6,National Universal Cashless Health Insurance,Health & Accidental Insurance Cover,500000.0,Annual,"Annual cashless hospitalization and surgical treatment cover in network hospitals. (₹500,000)"
3602,pm-national-critical-illness-relief-fund-cancer-kidney-phase-6,National Critical Illness Relief Fund (Cancer & Kidney),Health & Accidental Insurance Cover,200000.0,Claim-Based,"One-time financial relief grant for dialysis, chemotherapy, and heart surgery. (₹200,000)"
3603,pm-national-free-diagnostic-tests-medicine-scheme-phase-6,National Free Diagnostic Tests & Medicine Scheme,Direct Cash Transfer (DBT),10000.0,One-Time,"100% free prescription drugs and pathology tests at government clinics. (₹10,000)"
3604,pm-national-senior-citizen-specialized-geriatric-care-phase-6,National Senior Citizen Specialized Geriatric Care,Direct Cash Transfer (DBT),15000.0,One-Time,"Free cataract surgeries, hearing aids, and doorstep chronic care medicine. (₹15,000)"
3605,pm-national-emergency-accidental-trauma-insurance-phase-6,National Emergency Accidental Trauma Insurance,Health & Accidental Insurance Cover,100000.0,Claim-Based,"Immediate cashless golden-hour emergency trauma care coverage. (₹100,000)"
3606,pm-national-old-age-social-security-pension-phase-6,National Old Age Social Security Pension,Monthly Social Security Pension,12000.0,Monthly,"Monthly direct benefit transfer pension for elderly citizens aged 60 and above. (₹12,000)"
3607,pm-national-divyangjan-disability-monthly-pension-phase-6,National Divyangjan Disability Monthly Pension,Monthly Social Security Pension,18000.0,Monthly,"Monthly financial support and motorized tricycle allowance for disabled persons. (₹18,000)"
3608,pm-national-antyodaya-subsidized-food-security-phase-6,National Antyodaya Subsidized Food Security,Subsidized Food & Nutrition,8000.0,Monthly,"Subsidized monthly ration of 35kg foodgrains for poorest-of-poor households. (₹8,000)"
3609,pm-national-sanitation-workers-rehabilitation-grant-phase-6,National Sanitation Workers Rehabilitation Grant,Asset & Equipment Subsidy,40000.0,One-Time,"Capital subsidy and skill retraining for sanitary workers and sewer workers. (₹40,000)"
3610,pm-national-tribal-livelihood-forest-produce-grant-phase-6,National Tribal Livelihood & Forest Produce Grant,Asset & Equipment Subsidy,20000.0,One-Time,"Direct procurement support and value addition subsidy for minor forest produce. (₹20,000)"
3611,pm-national-youth-apprenticeship-monthly-stipend-phase-6,National Youth Apprenticeship Monthly Stipend,Scholarship & Academic Stipend,18000.0,Monthly,"Direct government stipend top-up for technical industrial apprenticeships. (₹18,000)"
3612,pm-national-artisan-craftsman-modern-tool-kit-grant-phase-6,National Artisan & Craftsman Modern Tool Kit Grant,Subsidized / Collateral-Free Loan,20000.0,One-Time,"Free motorized toolkits and collateral-free micro credit for traditional artisans. (₹20,000)"
3613,pm-national-rural-youth-driving-heavy-machinery-training-phase-6,National Rural Youth Driving & Heavy Machinery Training,Asset & Equipment Subsidy,25000.0,One-Time,"100% sponsored commercial vehicle and excavator driver training. (₹25,000)"
3614,pm-national-it-emerging-tech-bootcamp-voucher-phase-6,National IT & Emerging Tech Bootcamp Voucher,Scholarship & Academic Stipend,35000.0,One-Time,"Full tuition sponsorship for AI, Cloud, and Software certification bootcamps. (₹35,000)"
3615,pm-national-self-employment-micro-credit-guarantee-phase-6,National Self-Employment Micro-Credit Guarantee,Subsidized / Collateral-Free Loan,500000.0,One-Time,"Collateral-free subsidized loan up to ₹5 Lakh for starting local enterprises. (₹100,000)"
3616,pm-national-pucca-house-construction-subsidy-phase-6,National Pucca House Construction Subsidy,Asset & Equipment Subsidy,150000.0,Quarterly,"Direct installment financial grant for building disaster-resilient pucca home. (₹150,000)"
3617,pm-national-rooftop-solar-green-energy-assistance-phase-6,National Rooftop Solar & Green Energy Assistance,Asset & Equipment Subsidy,50000.0,One-Time,"Capital subsidy for grid-connected rooftop solar installation for homeowners. (₹50,000)"
3618,pm-national-slum-rehabilitation-ews-flat-allocation-phase-6,National Slum Rehabilitation & EWS Flat Allocation,Asset & Equipment Subsidy,250000.0,One-Time,"Subsidized ownership allotment of 1BHK flats with basic civic amenities. (₹250,000)"
3619,pm-national-rural-toilet-water-tap-incentive-phase-6,National Rural Toilet & Water Tap Incentive,Direct Cash Transfer (DBT),12000.0,One-Time,"Financial assistance for individual household latrines and clean piped tap. (₹12,000)"
3620,pm-national-micro-enterprise-collateral-free-loan-phase-6,National Micro Enterprise Collateral-Free Loan,Subsidized / Collateral-Free Loan,1000000.0,One-Time,"Guaranteed working capital and equipment loan up to ₹10 Lakh at subsidized interest. (₹200,000)"
3621,pm-national-women-entrepreneur-startup-grant-phase-6,National Women Entrepreneur Startup Grant,Direct Cash Transfer (DBT),100000.0,One-Time,"Seed funding capital grant for innovative women-founded MSME ventures. (₹100,000)"
3622,pm-national-export-promotion-quality-certification-subsidy-phase-6,National Export Promotion & Quality Certification Subsidy,Asset & Equipment Subsidy,75000.0,One-Time,"Reimbursement for ISO, ZED, and international trade mark registration costs. (₹75,000)"
3623,pm-national-credit-linked-capital-subsidy-for-tech-upgradation-phase-6,National Credit Linked Capital Subsidy for Tech Upgradation,Asset & Equipment Subsidy,150000.0,One-Time,"15% upfront capital subsidy for machinery modernization in manufacturing. (₹150,000)"
3624,pm-national-e-vehicle-green-mobility-subsidy-phase-6,National E-Vehicle & Green Mobility Subsidy,Asset & Equipment Subsidy,20000.0,One-Time,"Direct cash incentive on purchase of electric 2-wheelers and 3-wheelers. (₹20,000)"
3625,pm-national-rainwater-harvesting-ground-water-recharge-grant-phase-6,National Rainwater Harvesting & Ground Water Recharge Grant,Asset & Equipment Subsidy,15000.0,One-Time,"Subsidized rooftop rainwater harvesting system for individual residences. (₹15,000)"
3626,pm-national-bio-gas-cattle-dung-renewable-plant-subsidy-phase-6,National Bio-Gas & Cattle Dung Renewable Plant Subsidy,Asset & Equipment Subsidy,18000.0,One-Time,"Financial support for installing domestic Gobar-Dhan biogas units. (₹18,000)"
3627,pm-national-kisan-samriddhi-crop-assistance-phase-7,National Kisan Samriddhi & Crop Assistance,Asset & Equipment Subsidy,6000.0,One-Time,"Financial input subsidy for seed, fertilizer, and organic cultivation equipment. (₹6,000)"
3628,pm-national-solar-krishi-pump-subsidy-phase-7,National Solar Krishi Pump Subsidy,Asset & Equipment Subsidy,75000.0,One-Time,"Up to 90% capital subsidy for installing off-grid solar irrigation pumps. (₹75,000)"
3629,pm-national-horticulture-drip-irrigation-grant-phase-7,National Horticulture & Drip Irrigation Grant,Asset & Equipment Subsidy,25000.0,One-Time,"Direct subsidy for drip, sprinkler, and precision micro-irrigation installation. (₹25,000)"
3630,pm-national-dairy-cattle-development-incentive-phase-7,National Dairy & Cattle Development Incentive,Direct Cash Transfer (DBT),40000.0,One-Time,"Financial assistance for purchasing high-yield milch cows and buffaloes. (₹40,000)"
3631,pm-national-fodder-cultivation-animal-care-grant-phase-7,National Fodder Cultivation & Animal Care Grant,Asset & Equipment Subsidy,12000.0,One-Time,"Subsidized silage, quality seeds, and livestock health vaccination support. (₹12,000)"
3632,pm-national-fisheries-pond-biofloc-support-phase-7,National Fisheries Pond & Biofloc Support,Direct Cash Transfer (DBT),50000.0,One-Time,"Capital grant for biofloc fish farming, fingerling supply, and aerators. (₹50,000)"
3633,pm-national-soil-health-organic-farming-mission-phase-7,National Soil Health & Organic Farming Mission,Direct Cash Transfer (DBT),8000.0,One-Time,"Free soil nutrient testing kit and bio-compost financial top-up grant. (₹8,000)"
3634,pm-national-farm-mechanization-rotavator-subsidy-phase-7,National Farm Mechanization & Rotavator Subsidy,Asset & Equipment Subsidy,60000.0,One-Time,"Up to 50% subsidy on modern harvesters, rotavators, and custom hiring centers. (₹60,000)"
3635,pm-national-post-matric-merit-scholarship-phase-7,National Post-Matric Merit Scholarship,Scholarship & Academic Stipend,18000.0,One-Time,"Tuition fee waiver and maintenance stipend for higher collegiate education. (₹18,000)"
3636,pm-national-free-digital-tablet-laptop-distribution-phase-7,National Free Digital Tablet & Laptop Distribution,Asset & Equipment Subsidy,15000.0,One-Time,"High-speed digital learning devices distributed to meritorious board students. (₹15,000)"
3637,pm-national-competitive-exam-coaching-assistance-phase-7,National Competitive Exam Coaching Assistance,Scholarship & Academic Stipend,50000.0,One-Time,"100% sponsored classroom coaching for UPSC, PSC, JEE, and NEET exams. (₹50,000)"
3638,pm-national-girl-child-higher-education-incentive-phase-7,National Girl Child Higher Education Incentive,Direct Cash Transfer (DBT),25000.0,One-Time,"Direct milestone grant upon enrolling in undergraduate degree programs. (₹25,000)"
3639,pm-national-technical-polytechnic-skill-stipend-phase-7,National Technical & Polytechnic Skill Stipend,Scholarship & Academic Stipend,12000.0,Monthly,"Monthly allowance for students pursuing diploma and industrial training. (₹12,000)"
3640,pm-national-overseas-education-scholarship-for-ews-phase-7,National Overseas Education Scholarship for EWS,Subsidized / Collateral-Free Loan,500000.0,One-Time,"Educational loan interest subsidy for foreign universities. (₹500,000)"
3641,pm-national-special-education-aid-for-divyang-students-phase-7,National Special Education Aid for Divyang Students,Direct Cash Transfer (DBT),20000.0,One-Time,"Assistive braille, hearing aids, and transport allowance for disabled students. (₹20,000)"
3642,pm-national-matru-kalyan-nutrition-dbt-phase-7,National Matru Kalyan & Nutrition DBT,Subsidized Food & Nutrition,6000.0,One-Time,"Conditional cash transfer across pregnancy trimesters and post-natal care. (₹6,000)"
3643,pm-national-mahila-swavalamban-livelihood-grant-phase-7,National Mahila Swavalamban Livelihood Grant,Direct Cash Transfer (DBT),50000.0,One-Time,"Revolving seed fund for women Self-Help Groups (SHGs) to start enterprises. (₹50,000)"
3644,pm-national-kanya-vivah-marriage-assistance-phase-7,National Kanya Vivah & Marriage Assistance,Direct Cash Transfer (DBT),51000.0,One-Time,"Direct financial grant for marriage of daughters from economically weaker families. (₹51,000)"
3645,pm-national-working-women-hostel-transport-subsidy-phase-7,National Working Women Hostel & Transport Subsidy,Asset & Equipment Subsidy,15000.0,Monthly,"Subsidized secure safe housing and monthly urban commute pass. (₹15,000)"
3646,pm-national-single-mother-destitute-women-pension-phase-7,National Single Mother & Destitute Women Pension,Monthly Social Security Pension,15000.0,Monthly,"Monthly social security pension for widowed and abandoned women. (₹15,000)"
3647,pm-national-sukanya-samriddhi-high-interest-top-up-phase-7,National Sukanya Samriddhi High-Interest Top-Up,Asset & Equipment Subsidy,10000.0,One-Time,"State government interest subsidy top-up on girl child savings accounts. (₹10,000)"
3648,pm-national-universal-cashless-health-insurance-phase-7,National Universal Cashless Health Insurance,Health & Accidental Insurance Cover,500000.0,Annual,"Annual cashless hospitalization and surgical treatment cover in network hospitals. (₹500,000)"
3649,pm-national-critical-illness-relief-fund-cancer-kidney-phase-7,National Critical Illness Relief Fund (Cancer & Kidney),Health & Accidental Insurance Cover,200000.0,Claim-Based,"One-time financial relief grant for dialysis, chemotherapy, and heart surgery. (₹200,000)"
3650,pm-national-free-diagnostic-tests-medicine-scheme-phase-7,National Free Diagnostic Tests & Medicine Scheme,Direct Cash Transfer (DBT),10000.0,One-Time,"100% free prescription drugs and pathology tests at government clinics. (₹10,000)"
3651,pm-national-senior-citizen-specialized-geriatric-care-phase-7,National Senior Citizen Specialized Geriatric Care,Direct Cash Transfer (DBT),15000.0,One-Time,"Free cataract surgeries, hearing aids, and doorstep chronic care medicine. (₹15,000)"
3652,pm-national-emergency-accidental-trauma-insurance-phase-7,National Emergency Accidental Trauma Insurance,Health & Accidental Insurance Cover,100000.0,Claim-Based,"Immediate cashless golden-hour emergency trauma care coverage. (₹100,000)"
3653,pm-national-old-age-social-security-pension-phase-7,National Old Age Social Security Pension,Monthly Social Security Pension,12000.0,Monthly,"Monthly direct benefit transfer pension for elderly citizens aged 60 and above. (₹12,000)"
3654,pm-national-divyangjan-disability-monthly-pension-phase-7,National Divyangjan Disability Monthly Pension,Monthly Social Security Pension,18000.0,Monthly,"Monthly financial support and motorized tricycle allowance for disabled persons. (₹18,000)"
3655,pm-national-antyodaya-subsidized-food-security-phase-7,National Antyodaya Subsidized Food Security,Subsidized Food & Nutrition,8000.0,Monthly,"Subsidized monthly ration of 35kg foodgrains for poorest-of-poor households. (₹8,000)"
3656,pm-national-sanitation-workers-rehabilitation-grant-phase-7,National Sanitation Workers Rehabilitation Grant,Asset & Equipment Subsidy,40000.0,One-Time,"Capital subsidy and skill retraining for sanitary workers and sewer workers. (₹40,000)"
3657,pm-national-tribal-livelihood-forest-produce-grant-phase-7,National Tribal Livelihood & Forest Produce Grant,Asset & Equipment Subsidy,20000.0,One-Time,"Direct procurement support and value addition subsidy for minor forest produce. (₹20,000)"
3658,pm-national-youth-apprenticeship-monthly-stipend-phase-7,National Youth Apprenticeship Monthly Stipend,Scholarship & Academic Stipend,18000.0,Monthly,"Direct government stipend top-up for technical industrial apprenticeships. (₹18,000)"
3659,pm-national-artisan-craftsman-modern-tool-kit-grant-phase-7,National Artisan & Craftsman Modern Tool Kit Grant,Subsidized / Collateral-Free Loan,20000.0,One-Time,"Free motorized toolkits and collateral-free micro credit for traditional artisans. (₹20,000)"
3660,pm-national-rural-youth-driving-heavy-machinery-training-phase-7,National Rural Youth Driving & Heavy Machinery Training,Asset & Equipment Subsidy,25000.0,One-Time,"100% sponsored commercial vehicle and excavator driver training. (₹25,000)"
3661,pm-national-it-emerging-tech-bootcamp-voucher-phase-7,National IT & Emerging Tech Bootcamp Voucher,Scholarship & Academic Stipend,35000.0,One-Time,"Full tuition sponsorship for AI, Cloud, and Software certification bootcamps. (₹35,000)"
3662,pm-national-self-employment-micro-credit-guarantee-phase-7,National Self-Employment Micro-Credit Guarantee,Subsidized / Collateral-Free Loan,500000.0,One-Time,"Collateral-free subsidized loan up to ₹5 Lakh for starting local enterprises. (₹100,000)"
3663,pm-national-pucca-house-construction-subsidy-phase-7,National Pucca House Construction Subsidy,Asset & Equipment Subsidy,150000.0,Quarterly,"Direct installment financial grant for building disaster-resilient pucca home. (₹150,000)"
3664,pm-national-rooftop-solar-green-energy-assistance-phase-7,National Rooftop Solar & Green Energy Assistance,Asset & Equipment Subsidy,50000.0,One-Time,"Capital subsidy for grid-connected rooftop solar installation for homeowners. (₹50,000)"
3665,pm-national-slum-rehabilitation-ews-flat-allocation-phase-7,National Slum Rehabilitation & EWS Flat Allocation,Asset & Equipment Subsidy,250000.0,One-Time,"Subsidized ownership allotment of 1BHK flats with basic civic amenities. (₹250,000)"
3666,pm-national-rural-toilet-water-tap-incentive-phase-7,National Rural Toilet & Water Tap Incentive,Direct Cash Transfer (DBT),12000.0,One-Time,"Financial assistance for individual household latrines and clean piped tap. (₹12,000)"
3667,pm-national-micro-enterprise-collateral-free-loan-phase-7,National Micro Enterprise Collateral-Free Loan,Subsidized / Collateral-Free Loan,1000000.0,One-Time,"Guaranteed working capital and equipment loan up to ₹10 Lakh at subsidized interest. (₹200,000)"
3668,pm-national-women-entrepreneur-startup-grant-phase-7,National Women Entrepreneur Startup Grant,Direct Cash Transfer (DBT),100000.0,One-Time,"Seed funding capital grant for innovative women-founded MSME ventures. (₹100,000)"
3669,pm-national-export-promotion-quality-certification-subsidy-phase-7,National Export Promotion & Quality Certification Subsidy,Asset & Equipment Subsidy,75000.0,One-Time,"Reimbursement for ISO, ZED, and international trade mark registration costs. (₹75,000)"
3670,pm-national-credit-linked-capital-subsidy-for-tech-upgradation-phase-7,National Credit Linked Capital Subsidy for Tech Upgradation,Asset & Equipment Subsidy,150000.0,One-Time,"15% upfront capital subsidy for machinery modernization in manufacturing. (₹150,000)"
3671,pm-national-e-vehicle-green-mobility-subsidy-phase-7,National E-Vehicle & Green Mobility Subsidy,Asset & Equipment Subsidy,20000.0,One-Time,"Direct cash incentive on purchase of electric 2-wheelers and 3-wheelers. (₹20,000)"
3672,pm-national-rainwater-harvesting-ground-water-recharge-grant-phase-7,National Rainwater Harvesting & Ground Water Recharge Grant,Asset & Equipment Subsidy,15000.0,One-Time,"Subsidized rooftop rainwater harvesting system for individual residences. (₹15,000)"
3673,pm-national-bio-gas-cattle-dung-renewable-plant-subsidy-phase-7,National Bio-Gas & Cattle Dung Renewable Plant Subsidy,Asset & Equipment Subsidy,18000.0,One-Time,"Financial support for installing domestic Gobar-Dhan biogas units. (₹18,000)"
3674,pm-national-kisan-samriddhi-crop-assistance-phase-8,National Kisan Samriddhi & Crop Assistance,Asset & Equipment Subsidy,6000.0,One-Time,"Financial input subsidy for seed, fertilizer, and organic cultivation equipment. (₹6,000)"
3675,pm-national-solar-krishi-pump-subsidy-phase-8,National Solar Krishi Pump Subsidy,Asset & Equipment Subsidy,75000.0,One-Time,"Up to 90% capital subsidy for installing off-grid solar irrigation pumps. (₹75,000)"
3676,pm-national-horticulture-drip-irrigation-grant-phase-8,National Horticulture & Drip Irrigation Grant,Asset & Equipment Subsidy,25000.0,One-Time,"Direct subsidy for drip, sprinkler, and precision micro-irrigation installation. (₹25,000)"
3677,pm-national-dairy-cattle-development-incentive-phase-8,National Dairy & Cattle Development Incentive,Direct Cash Transfer (DBT),40000.0,One-Time,"Financial assistance for purchasing high-yield milch cows and buffaloes. (₹40,000)"
3678,pm-national-fodder-cultivation-animal-care-grant-phase-8,National Fodder Cultivation & Animal Care Grant,Asset & Equipment Subsidy,12000.0,One-Time,"Subsidized silage, quality seeds, and livestock health vaccination support. (₹12,000)"
3679,pm-national-fisheries-pond-biofloc-support-phase-8,National Fisheries Pond & Biofloc Support,Direct Cash Transfer (DBT),50000.0,One-Time,"Capital grant for biofloc fish farming, fingerling supply, and aerators. (₹50,000)"
3680,pm-national-soil-health-organic-farming-mission-phase-8,National Soil Health & Organic Farming Mission,Direct Cash Transfer (DBT),8000.0,One-Time,"Free soil nutrient testing kit and bio-compost financial top-up grant. (₹8,000)"
3681,pm-national-farm-mechanization-rotavator-subsidy-phase-8,National Farm Mechanization & Rotavator Subsidy,Asset & Equipment Subsidy,60000.0,One-Time,"Up to 50% subsidy on modern harvesters, rotavators, and custom hiring centers. (₹60,000)"
3682,pm-national-post-matric-merit-scholarship-phase-8,National Post-Matric Merit Scholarship,Scholarship & Academic Stipend,18000.0,One-Time,"Tuition fee waiver and maintenance stipend for higher collegiate education. (₹18,000)"
3683,pm-national-free-digital-tablet-laptop-distribution-phase-8,National Free Digital Tablet & Laptop Distribution,Asset & Equipment Subsidy,15000.0,One-Time,"High-speed digital learning devices distributed to meritorious board students. (₹15,000)"
3684,pm-national-competitive-exam-coaching-assistance-phase-8,National Competitive Exam Coaching Assistance,Scholarship & Academic Stipend,50000.0,One-Time,"100% sponsored classroom coaching for UPSC, PSC, JEE, and NEET exams. (₹50,000)"
3685,pm-national-girl-child-higher-education-incentive-phase-8,National Girl Child Higher Education Incentive,Direct Cash Transfer (DBT),25000.0,One-Time,"Direct milestone grant upon enrolling in undergraduate degree programs. (₹25,000)"
3686,pm-national-technical-polytechnic-skill-stipend-phase-8,National Technical & Polytechnic Skill Stipend,Scholarship & Academic Stipend,12000.0,Monthly,"Monthly allowance for students pursuing diploma and industrial training. (₹12,000)"
3687,pm-national-overseas-education-scholarship-for-ews-phase-8,National Overseas Education Scholarship for EWS,Subsidized / Collateral-Free Loan,500000.0,One-Time,"Educational loan interest subsidy for foreign universities. (₹500,000)"
3688,pm-national-special-education-aid-for-divyang-students-phase-8,National Special Education Aid for Divyang Students,Direct Cash Transfer (DBT),20000.0,One-Time,"Assistive braille, hearing aids, and transport allowance for disabled students. (₹20,000)"
3689,pm-national-matru-kalyan-nutrition-dbt-phase-8,National Matru Kalyan & Nutrition DBT,Subsidized Food & Nutrition,6000.0,One-Time,"Conditional cash transfer across pregnancy trimesters and post-natal care. (₹6,000)"
3690,pm-national-mahila-swavalamban-livelihood-grant-phase-8,National Mahila Swavalamban Livelihood Grant,Direct Cash Transfer (DBT),50000.0,One-Time,"Revolving seed fund for women Self-Help Groups (SHGs) to start enterprises. (₹50,000)"
3691,pm-national-kanya-vivah-marriage-assistance-phase-8,National Kanya Vivah & Marriage Assistance,Direct Cash Transfer (DBT),51000.0,One-Time,"Direct financial grant for marriage of daughters from economically weaker families. (₹51,000)"
3692,pm-national-working-women-hostel-transport-subsidy-phase-8,National Working Women Hostel & Transport Subsidy,Asset & Equipment Subsidy,15000.0,Monthly,"Subsidized secure safe housing and monthly urban commute pass. (₹15,000)"
3693,pm-national-single-mother-destitute-women-pension-phase-8,National Single Mother & Destitute Women Pension,Monthly Social Security Pension,15000.0,Monthly,"Monthly social security pension for widowed and abandoned women. (₹15,000)"
3694,pm-national-sukanya-samriddhi-high-interest-top-up-phase-8,National Sukanya Samriddhi High-Interest Top-Up,Asset & Equipment Subsidy,10000.0,One-Time,"State government interest subsidy top-up on girl child savings accounts. (₹10,000)"
3695,pm-national-universal-cashless-health-insurance-phase-8,National Universal Cashless Health Insurance,Health & Accidental Insurance Cover,500000.0,Annual,"Annual cashless hospitalization and surgical treatment cover in network hospitals. (₹500,000)"
3696,pm-national-critical-illness-relief-fund-cancer-kidney-phase-8,National Critical Illness Relief Fund (Cancer & Kidney),Health & Accidental Insurance Cover,200000.0,Claim-Based,"One-time financial relief grant for dialysis, chemotherapy, and heart surgery. (₹200,000)"
3697,pm-national-free-diagnostic-tests-medicine-scheme-phase-8,National Free Diagnostic Tests & Medicine Scheme,Direct Cash Transfer (DBT),10000.0,One-Time,"100% free prescription drugs and pathology tests at government clinics. (₹10,000)"
3698,pm-national-senior-citizen-specialized-geriatric-care-phase-8,National Senior Citizen Specialized Geriatric Care,Direct Cash Transfer (DBT),15000.0,One-Time,"Free cataract surgeries, hearing aids, and doorstep chronic care medicine. (₹15,000)"
3699,pm-national-emergency-accidental-trauma-insurance-phase-8,National Emergency Accidental Trauma Insurance,Health & Accidental Insurance Cover,100000.0,Claim-Based,"Immediate cashless golden-hour emergency trauma care coverage. (₹100,000)"
3700,pm-national-old-age-social-security-pension-phase-8,National Old Age Social Security Pension,Monthly Social Security Pension,12000.0,Monthly,"Monthly direct benefit transfer pension for elderly citizens aged 60 and above. (₹12,000)"
3701,pm-national-divyangjan-disability-monthly-pension-phase-8,National Divyangjan Disability Monthly Pension,Monthly Social Security Pension,18000.0,Monthly,"Monthly financial support and motorized tricycle allowance for disabled persons. (₹18,000)"
3702,pm-national-antyodaya-subsidized-food-security-phase-8,National Antyodaya Subsidized Food Security,Subsidized Food & Nutrition,8000.0,Monthly,"Subsidized monthly ration of 35kg foodgrains for poorest-of-poor households. (₹8,000)"
3703,pm-national-sanitation-workers-rehabilitation-grant-phase-8,National Sanitation Workers Rehabilitation Grant,Asset & Equipment Subsidy,40000.0,One-Time,"Capital subsidy and skill retraining for sanitary workers and sewer workers. (₹40,000)"
3704,pm-national-tribal-livelihood-forest-produce-grant-phase-8,National Tribal Livelihood & Forest Produce Grant,Asset & Equipment Subsidy,20000.0,One-Time,"Direct procurement support and value addition subsidy for minor forest produce. (₹20,000)"
3705,pm-national-youth-apprenticeship-monthly-stipend-phase-8,National Youth Apprenticeship Monthly Stipend,Scholarship & Academic Stipend,18000.0,Monthly,"Direct government stipend top-up for technical industrial apprenticeships. (₹18,000)"
3706,pm-national-artisan-craftsman-modern-tool-kit-grant-phase-8,National Artisan & Craftsman Modern Tool Kit Grant,Subsidized / Collateral-Free Loan,20000.0,One-Time,"Free motorized toolkits and collateral-free micro credit for traditional artisans. (₹20,000)"
3707,pm-national-rural-youth-driving-heavy-machinery-training-phase-8,National Rural Youth Driving & Heavy Machinery Training,Asset & Equipment Subsidy,25000.0,One-Time,"100% sponsored commercial vehicle and excavator driver training. (₹25,000)"
3708,pm-national-it-emerging-tech-bootcamp-voucher-phase-8,National IT & Emerging Tech Bootcamp Voucher,Scholarship & Academic Stipend,35000.0,One-Time,"Full tuition sponsorship for AI, Cloud, and Software certification bootcamps. (₹35,000)"
3709,pm-national-self-employment-micro-credit-guarantee-phase-8,National Self-Employment Micro-Credit Guarantee,Subsidized / Collateral-Free Loan,500000.0,One-Time,"Collateral-free subsidized loan up to ₹5 Lakh for starting local enterprises. (₹100,000)"
3710,pm-national-pucca-house-construction-subsidy-phase-8,National Pucca House Construction Subsidy,Asset & Equipment Subsidy,150000.0,Quarterly,"Direct installment financial grant for building disaster-resilient pucca home. (₹150,000)"
3711,pm-national-rooftop-solar-green-energy-assistance-phase-8,National Rooftop Solar & Green Energy Assistance,Asset & Equipment Subsidy,50000.0,One-Time,"Capital subsidy for grid-connected rooftop solar installation for homeowners. (₹50,000)"
3712,pm-national-slum-rehabilitation-ews-flat-allocation-phase-8,National Slum Rehabilitation & EWS Flat Allocation,Asset & Equipment Subsidy,250000.0,One-Time,"Subsidized ownership allotment of 1BHK flats with basic civic amenities. (₹250,000)"
3713,pm-national-rural-toilet-water-tap-incentive-phase-8,National Rural Toilet & Water Tap Incentive,Direct Cash Transfer (DBT),12000.0,One-Time,"Financial assistance for individual household latrines and clean piped tap. (₹12,000)"
3714,pm-national-micro-enterprise-collateral-free-loan-phase-8,National Micro Enterprise Collateral-Free Loan,Subsidized / Collateral-Free Loan,1000000.0,One-Time,"Guaranteed working capital and equipment loan up to ₹10 Lakh at subsidized interest. (₹200,000)"
3715,pm-national-women-entrepreneur-startup-grant-phase-8,National Women Entrepreneur Startup Grant,Direct Cash Transfer (DBT),100000.0,One-Time,"Seed funding capital grant for innovative women-founded MSME ventures. (₹100,000)"
3716,pm-national-export-promotion-quality-certification-subsidy-phase-8,National Export Promotion & Quality Certification Subsidy,Asset & Equipment Subsidy,75000.0,One-Time,"Reimbursement for ISO, ZED, and international trade mark registration costs. (₹75,000)"
3717,pm-national-credit-linked-capital-subsidy-for-tech-upgradation-phase-8,National Credit Linked Capital Subsidy for Tech Upgradation,Asset & Equipment Subsidy,150000.0,One-Time,"15% upfront capital subsidy for machinery modernization in manufacturing. (₹150,000)"
3718,pm-national-e-vehicle-green-mobility-subsidy-phase-8,National E-Vehicle & Green Mobility Subsidy,Asset & Equipment Subsidy,20000.0,One-Time,"Direct cash incentive on purchase of electric 2-wheelers and 3-wheelers. (₹20,000)"
3719,pm-national-rainwater-harvesting-ground-water-recharge-grant-phase-8,National Rainwater Harvesting & Ground Water Recharge Grant,Asset & Equipment Subsidy,15000.0,One-Time,"Subsidized rooftop rainwater harvesting system for individual residences. (₹15,000)"
3720,pm-national-bio-gas-cattle-dung-renewable-plant-subsidy-phase-8,National Bio-Gas & Cattle Dung Renewable Plant Subsidy,Asset & Equipment Subsidy,18000.0,One-Time,"Financial support for installing domestic Gobar-Dhan biogas units. (₹18,000)"
3721,pm-national-kisan-samriddhi-crop-assistance-phase-9,National Kisan Samriddhi & Crop Assistance,Asset & Equipment Subsidy,6000.0,One-Time,"Financial input subsidy for seed, fertilizer, and organic cultivation equipment. (₹6,000)"
3722,pm-national-solar-krishi-pump-subsidy-phase-9,National Solar Krishi Pump Subsidy,Asset & Equipment Subsidy,75000.0,One-Time,"Up to 90% capital subsidy for installing off-grid solar irrigation pumps. (₹75,000)"
3723,pm-national-horticulture-drip-irrigation-grant-phase-9,National Horticulture & Drip Irrigation Grant,Asset & Equipment Subsidy,25000.0,One-Time,"Direct subsidy for drip, sprinkler, and precision micro-irrigation installation. (₹25,000)"
3724,pm-national-dairy-cattle-development-incentive-phase-9,National Dairy & Cattle Development Incentive,Direct Cash Transfer (DBT),40000.0,One-Time,"Financial assistance for purchasing high-yield milch cows and buffaloes. (₹40,000)"
3725,pm-national-fodder-cultivation-animal-care-grant-phase-9,National Fodder Cultivation & Animal Care Grant,Asset & Equipment Subsidy,12000.0,One-Time,"Subsidized silage, quality seeds, and livestock health vaccination support. (₹12,000)"
3726,pm-national-fisheries-pond-biofloc-support-phase-9,National Fisheries Pond & Biofloc Support,Direct Cash Transfer (DBT),50000.0,One-Time,"Capital grant for biofloc fish farming, fingerling supply, and aerators. (₹50,000)"
3727,pm-national-soil-health-organic-farming-mission-phase-9,National Soil Health & Organic Farming Mission,Direct Cash Transfer (DBT),8000.0,One-Time,"Free soil nutrient testing kit and bio-compost financial top-up grant. (₹8,000)"
3728,pm-national-farm-mechanization-rotavator-subsidy-phase-9,National Farm Mechanization & Rotavator Subsidy,Asset & Equipment Subsidy,60000.0,One-Time,"Up to 50% subsidy on modern harvesters, rotavators, and custom hiring centers. (₹60,000)"
3729,pm-national-post-matric-merit-scholarship-phase-9,National Post-Matric Merit Scholarship,Scholarship & Academic Stipend,18000.0,One-Time,"Tuition fee waiver and maintenance stipend for higher collegiate education. (₹18,000)"
3730,pm-national-free-digital-tablet-laptop-distribution-phase-9,National Free Digital Tablet & Laptop Distribution,Asset & Equipment Subsidy,15000.0,One-Time,"High-speed digital learning devices distributed to meritorious board students. (₹15,000)"
3731,pm-national-competitive-exam-coaching-assistance-phase-9,National Competitive Exam Coaching Assistance,Scholarship & Academic Stipend,50000.0,One-Time,"100% sponsored classroom coaching for UPSC, PSC, JEE, and NEET exams. (₹50,000)"
3732,pm-national-girl-child-higher-education-incentive-phase-9,National Girl Child Higher Education Incentive,Direct Cash Transfer (DBT),25000.0,One-Time,"Direct milestone grant upon enrolling in undergraduate degree programs. (₹25,000)"
3733,pm-national-technical-polytechnic-skill-stipend-phase-9,National Technical & Polytechnic Skill Stipend,Scholarship & Academic Stipend,12000.0,Monthly,"Monthly allowance for students pursuing diploma and industrial training. (₹12,000)"
3734,pm-national-overseas-education-scholarship-for-ews-phase-9,National Overseas Education Scholarship for EWS,Subsidized / Collateral-Free Loan,500000.0,One-Time,"Educational loan interest subsidy for foreign universities. (₹500,000)"
3735,pm-national-special-education-aid-for-divyang-students-phase-9,National Special Education Aid for Divyang Students,Direct Cash Transfer (DBT),20000.0,One-Time,"Assistive braille, hearing aids, and transport allowance for disabled students. (₹20,000)"
3736,pm-national-matru-kalyan-nutrition-dbt-phase-9,National Matru Kalyan & Nutrition DBT,Subsidized Food & Nutrition,6000.0,One-Time,"Conditional cash transfer across pregnancy trimesters and post-natal care. (₹6,000)"
3737,pm-national-mahila-swavalamban-livelihood-grant-phase-9,National Mahila Swavalamban Livelihood Grant,Direct Cash Transfer (DBT),50000.0,One-Time,"Revolving seed fund for women Self-Help Groups (SHGs) to start enterprises. (₹50,000)"
3738,pm-national-kanya-vivah-marriage-assistance-phase-9,National Kanya Vivah & Marriage Assistance,Direct Cash Transfer (DBT),51000.0,One-Time,"Direct financial grant for marriage of daughters from economically weaker families. (₹51,000)"
3739,pm-national-working-women-hostel-transport-subsidy-phase-9,National Working Women Hostel & Transport Subsidy,Asset & Equipment Subsidy,15000.0,Monthly,"Subsidized secure safe housing and monthly urban commute pass. (₹15,000)"
3740,pm-national-single-mother-destitute-women-pension-phase-9,National Single Mother & Destitute Women Pension,Monthly Social Security Pension,15000.0,Monthly,"Monthly social security pension for widowed and abandoned women. (₹15,000)"
3741,pm-national-sukanya-samriddhi-high-interest-top-up-phase-9,National Sukanya Samriddhi High-Interest Top-Up,Asset & Equipment Subsidy,10000.0,One-Time,"State government interest subsidy top-up on girl child savings accounts. (₹10,000)"
3742,pm-national-universal-cashless-health-insurance-phase-9,National Universal Cashless Health Insurance,Health & Accidental Insurance Cover,500000.0,Annual,"Annual cashless hospitalization and surgical treatment cover in network hospitals. (₹500,000)"
3743,pm-national-critical-illness-relief-fund-cancer-kidney-phase-9,National Critical Illness Relief Fund (Cancer & Kidney),Health & Accidental Insurance Cover,200000.0,Claim-Based,"One-time financial relief grant for dialysis, chemotherapy, and heart surgery. (₹200,000)"
3744,pm-national-free-diagnostic-tests-medicine-scheme-phase-9,National Free Diagnostic Tests & Medicine Scheme,Direct Cash Transfer (DBT),10000.0,One-Time,"100% free prescription drugs and pathology tests at government clinics. (₹10,000)"
3745,pm-national-senior-citizen-specialized-geriatric-care-phase-9,National Senior Citizen Specialized Geriatric Care,Direct Cash Transfer (DBT),15000.0,One-Time,"Free cataract surgeries, hearing aids, and doorstep chronic care medicine. (₹15,000)"
3746,pm-national-emergency-accidental-trauma-insurance-phase-9,National Emergency Accidental Trauma Insurance,Health & Accidental Insurance Cover,100000.0,Claim-Based,"Immediate cashless golden-hour emergency trauma care coverage. (₹100,000)"
3747,pm-national-old-age-social-security-pension-phase-9,National Old Age Social Security Pension,Monthly Social Security Pension,12000.0,Monthly,"Monthly direct benefit transfer pension for elderly citizens aged 60 and above. (₹12,000)"
3748,pm-national-divyangjan-disability-monthly-pension-phase-9,National Divyangjan Disability Monthly Pension,Monthly Social Security Pension,18000.0,Monthly,"Monthly financial support and motorized tricycle allowance for disabled persons. (₹18,000)"
3749,pm-national-antyodaya-subsidized-food-security-phase-9,National Antyodaya Subsidized Food Security,Subsidized Food & Nutrition,8000.0,Monthly,"Subsidized monthly ration of 35kg foodgrains for poorest-of-poor households. (₹8,000)"
3750,pm-national-sanitation-workers-rehabilitation-grant-phase-9,National Sanitation Workers Rehabilitation Grant,Asset & Equipment Subsidy,40000.0,One-Time,"Capital subsidy and skill retraining for sanitary workers and sewer workers. (₹40,000)"
3751,pm-national-tribal-livelihood-forest-produce-grant-phase-9,National Tribal Livelihood & Forest Produce Grant,Asset & Equipment Subsidy,20000.0,One-Time,"Direct procurement support and value addition subsidy for minor forest produce. (₹20,000)"
3752,pm-national-youth-apprenticeship-monthly-stipend-phase-9,National Youth Apprenticeship Monthly Stipend,Scholarship & Academic Stipend,18000.0,Monthly,"Direct government stipend top-up for technical industrial apprenticeships. (₹18,000)"
3753,pm-national-artisan-craftsman-modern-tool-kit-grant-phase-9,National Artisan & Craftsman Modern Tool Kit Grant,Subsidized / Collateral-Free Loan,20000.0,One-Time,"Free motorized toolkits and collateral-free micro credit for traditional artisans. (₹20,000)"
3754,pm-national-rural-youth-driving-heavy-machinery-training-phase-9,National Rural Youth Driving & Heavy Machinery Training,Asset & Equipment Subsidy,25000.0,One-Time,"100% sponsored commercial vehicle and excavator driver training. (₹25,000)"
3755,pm-national-it-emerging-tech-bootcamp-voucher-phase-9,National IT & Emerging Tech Bootcamp Voucher,Scholarship & Academic Stipend,35000.0,One-Time,"Full tuition sponsorship for AI, Cloud, and Software certification bootcamps. (₹35,000)"
3756,pm-national-self-employment-micro-credit-guarantee-phase-9,National Self-Employment Micro-Credit Guarantee,Subsidized / Collateral-Free Loan,500000.0,One-Time,"Collateral-free subsidized loan up to ₹5 Lakh for starting local enterprises. (₹100,000)"
3757,pm-national-pucca-house-construction-subsidy-phase-9,National Pucca House Construction Subsidy,Asset & Equipment Subsidy,150000.0,Quarterly,"Direct installment financial grant for building disaster-resilient pucca home. (₹150,000)"
3758,pm-national-rooftop-solar-green-energy-assistance-phase-9,National Rooftop Solar & Green Energy Assistance,Asset & Equipment Subsidy,50000.0,One-Time,"Capital subsidy for grid-connected rooftop solar installation for homeowners. (₹50,000)"
3759,pm-national-slum-rehabilitation-ews-flat-allocation-phase-9,National Slum Rehabilitation & EWS Flat Allocation,Asset & Equipment Subsidy,250000.0,One-Time,"Subsidized ownership allotment of 1BHK flats with basic civic amenities. (₹250,000)"
3760,pm-national-rural-toilet-water-tap-incentive-phase-9,National Rural Toilet & Water Tap Incentive,Direct Cash Transfer (DBT),12000.0,One-Time,"Financial assistance for individual household latrines and clean piped tap. (₹12,000)"
3761,pm-national-micro-enterprise-collateral-free-loan-phase-9,National Micro Enterprise Collateral-Free Loan,Subsidized / Collateral-Free Loan,1000000.0,One-Time,"Guaranteed working capital and equipment loan up to ₹10 Lakh at subsidized interest. (₹200,000)"
3762,pm-national-women-entrepreneur-startup-grant-phase-9,National Women Entrepreneur Startup Grant,Direct Cash Transfer (DBT),100000.0,One-Time,"Seed funding capital grant for innovative women-founded MSME ventures. (₹100,000)"
3763,pm-national-export-promotion-quality-certification-subsidy-phase-9,National Export Promotion & Quality Certification Subsidy,Asset & Equipment Subsidy,75000.0,One-Time,"Reimbursement for ISO, ZED, and international trade mark registration costs. (₹75,000)"
3764,pm-national-credit-linked-capital-subsidy-for-tech-upgradation-phase-9,National Credit Linked Capital Subsidy for Tech Upgradation,Asset & Equipment Subsidy,150000.0,One-Time,"15% upfront capital subsidy for machinery modernization in manufacturing. (₹150,000)"
3765,pm-national-e-vehicle-green-mobility-subsidy-phase-9,National E-Vehicle & Green Mobility Subsidy,Asset & Equipment Subsidy,20000.0,One-Time,"Direct cash incentive on purchase of electric 2-wheelers and 3-wheelers. (₹20,000)"
3766,pm-national-rainwater-harvesting-ground-water-recharge-grant-phase-9,National Rainwater Harvesting & Ground Water Recharge Grant,Asset & Equipment Subsidy,15000.0,One-Time,"Subsidized rooftop rainwater harvesting system for individual residences. (₹15,000)"
3767,pm-national-bio-gas-cattle-dung-renewable-plant-subsidy-phase-9,National Bio-Gas & Cattle Dung Renewable Plant Subsidy,Asset & Equipment Subsidy,18000.0,One-Time,"Financial support for installing domestic Gobar-Dhan biogas units. (₹18,000)"
3768,pm-national-kisan-samriddhi-crop-assistance-phase-10,National Kisan Samriddhi & Crop Assistance,Asset & Equipment Subsidy,6000.0,One-Time,"Financial input subsidy for seed, fertilizer, and organic cultivation equipment. (₹6,000)"
3769,pm-national-solar-krishi-pump-subsidy-phase-10,National Solar Krishi Pump Subsidy,Asset & Equipment Subsidy,75000.0,One-Time,"Up to 90% capital subsidy for installing off-grid solar irrigation pumps. (₹75,000)"
3770,pm-national-horticulture-drip-irrigation-grant-phase-10,National Horticulture & Drip Irrigation Grant,Asset & Equipment Subsidy,25000.0,One-Time,"Direct subsidy for drip, sprinkler, and precision micro-irrigation installation. (₹25,000)"
3771,pm-national-dairy-cattle-development-incentive-phase-10,National Dairy & Cattle Development Incentive,Direct Cash Transfer (DBT),40000.0,One-Time,"Financial assistance for purchasing high-yield milch cows and buffaloes. (₹40,000)"
3772,pm-national-fodder-cultivation-animal-care-grant-phase-10,National Fodder Cultivation & Animal Care Grant,Asset & Equipment Subsidy,12000.0,One-Time,"Subsidized silage, quality seeds, and livestock health vaccination support. (₹12,000)"
3773,pm-national-fisheries-pond-biofloc-support-phase-10,National Fisheries Pond & Biofloc Support,Direct Cash Transfer (DBT),50000.0,One-Time,"Capital grant for biofloc fish farming, fingerling supply, and aerators. (₹50,000)"
3774,pm-national-soil-health-organic-farming-mission-phase-10,National Soil Health & Organic Farming Mission,Direct Cash Transfer (DBT),8000.0,One-Time,"Free soil nutrient testing kit and bio-compost financial top-up grant. (₹8,000)"
3775,pm-national-farm-mechanization-rotavator-subsidy-phase-10,National Farm Mechanization & Rotavator Subsidy,Asset & Equipment Subsidy,60000.0,One-Time,"Up to 50% subsidy on modern harvesters, rotavators, and custom hiring centers. (₹60,000)"
3776,pm-national-post-matric-merit-scholarship-phase-10,National Post-Matric Merit Scholarship,Scholarship & Academic Stipend,18000.0,One-Time,"Tuition fee waiver and maintenance stipend for higher collegiate education. (₹18,000)"
3777,pm-national-free-digital-tablet-laptop-distribution-phase-10,National Free Digital Tablet & Laptop Distribution,Asset & Equipment Subsidy,15000.0,One-Time,"High-speed digital learning devices distributed to meritorious board students. (₹15,000)"
3778,pm-national-competitive-exam-coaching-assistance-phase-10,National Competitive Exam Coaching Assistance,Scholarship & Academic Stipend,50000.0,One-Time,"100% sponsored classroom coaching for UPSC, PSC, JEE, and NEET exams. (₹50,000)"
3779,pm-national-girl-child-higher-education-incentive-phase-10,National Girl Child Higher Education Incentive,Direct Cash Transfer (DBT),25000.0,One-Time,"Direct milestone grant upon enrolling in undergraduate degree programs. (₹25,000)"
3780,pm-national-technical-polytechnic-skill-stipend-phase-10,National Technical & Polytechnic Skill Stipend,Scholarship & Academic Stipend,12000.0,Monthly,"Monthly allowance for students pursuing diploma and industrial training. (₹12,000)"
3781,pm-national-overseas-education-scholarship-for-ews-phase-10,National Overseas Education Scholarship for EWS,Subsidized / Collateral-Free Loan,500000.0,One-Time,"Educational loan interest subsidy for foreign universities. (₹500,000)"
3782,pm-national-special-education-aid-for-divyang-students-phase-10,National Special Education Aid for Divyang Students,Direct Cash Transfer (DBT),20000.0,One-Time,"Assistive braille, hearing aids, and transport allowance for disabled students. (₹20,000)"
3783,pm-national-matru-kalyan-nutrition-dbt-phase-10,National Matru Kalyan & Nutrition DBT,Subsidized Food & Nutrition,6000.0,One-Time,"Conditional cash transfer across pregnancy trimesters and post-natal care. (₹6,000)"
3784,pm-national-mahila-swavalamban-livelihood-grant-phase-10,National Mahila Swavalamban Livelihood Grant,Direct Cash Transfer (DBT),50000.0,One-Time,"Revolving seed fund for women Self-Help Groups (SHGs) to start enterprises. (₹50,000)"
3785,pm-national-kanya-vivah-marriage-assistance-phase-10,National Kanya Vivah & Marriage Assistance,Direct Cash Transfer (DBT),51000.0,One-Time,"Direct financial grant for marriage of daughters from economically weaker families. (₹51,000)"
3786,pm-national-working-women-hostel-transport-subsidy-phase-10,National Working Women Hostel & Transport Subsidy,Asset & Equipment Subsidy,15000.0,Monthly,"Subsidized secure safe housing and monthly urban commute pass. (₹15,000)"
3787,pm-national-single-mother-destitute-women-pension-phase-10,National Single Mother & Destitute Women Pension,Monthly Social Security Pension,15000.0,Monthly,"Monthly social security pension for widowed and abandoned women. (₹15,000)"
3788,pm-national-sukanya-samriddhi-high-interest-top-up-phase-10,National Sukanya Samriddhi High-Interest Top-Up,Asset & Equipment Subsidy,10000.0,One-Time,"State government interest subsidy top-up on girl child savings accounts. (₹10,000)"
3789,pm-national-universal-cashless-health-insurance-phase-10,National Universal Cashless Health Insurance,Health & Accidental Insurance Cover,500000.0,Annual,"Annual cashless hospitalization and surgical treatment cover in network hospitals. (₹500,000)"
3790,pm-national-critical-illness-relief-fund-cancer-kidney-phase-10,National Critical Illness Relief Fund (Cancer & Kidney),Health & Accidental Insurance Cover,200000.0,Claim-Based,"One-time financial relief grant for dialysis, chemotherapy, and heart surgery. (₹200,000)"
3791,pm-national-free-diagnostic-tests-medicine-scheme-phase-10,National Free Diagnostic Tests & Medicine Scheme,Direct Cash Transfer (DBT),10000.0,One-Time,"100% free prescription drugs and pathology tests at government clinics. (₹10,000)"
3792,pm-national-senior-citizen-specialized-geriatric-care-phase-10,National Senior Citizen Specialized Geriatric Care,Direct Cash Transfer (DBT),15000.0,One-Time,"Free cataract surgeries, hearing aids, and doorstep chronic care medicine. (₹15,000)"
3793,pm-national-emergency-accidental-trauma-insurance-phase-10,National Emergency Accidental Trauma Insurance,Health & Accidental Insurance Cover,100000.0,Claim-Based,"Immediate cashless golden-hour emergency trauma care coverage. (₹100,000)"
3794,pm-national-old-age-social-security-pension-phase-10,National Old Age Social Security Pension,Monthly Social Security Pension,12000.0,Monthly,"Monthly direct benefit transfer pension for elderly citizens aged 60 and above. (₹12,000)"
3795,pm-national-divyangjan-disability-monthly-pension-phase-10,National Divyangjan Disability Monthly Pension,Monthly Social Security Pension,18000.0,Monthly,"Monthly financial support and motorized tricycle allowance for disabled persons. (₹18,000)"
3796,pm-national-antyodaya-subsidized-food-security-phase-10,National Antyodaya Subsidized Food Security,Subsidized Food & Nutrition,8000.0,Monthly,"Subsidized monthly ration of 35kg foodgrains for poorest-of-poor households. (₹8,000)"
3797,pm-national-sanitation-workers-rehabilitation-grant-phase-10,National Sanitation Workers Rehabilitation Grant,Asset & Equipment Subsidy,40000.0,One-Time,"Capital subsidy and skill retraining for sanitary workers and sewer workers. (₹40,000)"
3798,pm-national-tribal-livelihood-forest-produce-grant-phase-10,National Tribal Livelihood & Forest Produce Grant,Asset & Equipment Subsidy,20000.0,One-Time,"Direct procurement support and value addition subsidy for minor forest produce. (₹20,000)"
3799,pm-national-youth-apprenticeship-monthly-stipend-phase-10,National Youth Apprenticeship Monthly Stipend,Scholarship & Academic Stipend,18000.0,Monthly,"Direct government stipend top-up for technical industrial apprenticeships. (₹18,000)"
3800,pm-national-artisan-craftsman-modern-tool-kit-grant-phase-10,National Artisan & Craftsman Modern Tool Kit Grant,Subsidized / Collateral-Free Loan,20000.0,One-Time,"Free motorized toolkits and collateral-free micro credit for traditional artisans. (₹20,000)"
3801,pm-national-rural-youth-driving-heavy-machinery-training-phase-10,National Rural Youth Driving & Heavy Machinery Training,Asset & Equipment Subsidy,25000.0,One-Time,"100% sponsored commercial vehicle and excavator driver training. (₹25,000)"
3802,pm-national-it-emerging-tech-bootcamp-voucher-phase-10,National IT & Emerging Tech Bootcamp Voucher,Scholarship & Academic Stipend,35000.0,One-Time,"Full tuition sponsorship for AI, Cloud, and Software certification bootcamps. (₹35,000)"
3803,pm-national-self-employment-micro-credit-guarantee-phase-10,National Self-Employment Micro-Credit Guarantee,Subsidized / Collateral-Free Loan,500000.0,One-Time,"Collateral-free subsidized loan up to ₹5 Lakh for starting local enterprises. (₹100,000)"
3804,pm-national-pucca-house-construction-subsidy-phase-10,National Pucca House Construction Subsidy,Asset & Equipment Subsidy,150000.0,Quarterly,"Direct installment financial grant for building disaster-resilient pucca home. (₹150,000)"
3805,pm-national-rooftop-solar-green-energy-assistance-phase-10,National Rooftop Solar & Green Energy Assistance,Asset & Equipment Subsidy,50000.0,One-Time,"Capital subsidy for grid-connected rooftop solar installation for homeowners. (₹50,000)"
3806,pm-national-slum-rehabilitation-ews-flat-allocation-phase-10,National Slum Rehabilitation & EWS Flat Allocation,Asset & Equipment Subsidy,250000.0,One-Time,"Subsidized ownership allotment of 1BHK flats with basic civic amenities. (₹250,000)"
3807,pm-national-rural-toilet-water-tap-incentive-phase-10,National Rural Toilet & Water Tap Incentive,Direct Cash Transfer (DBT),12000.0,One-Time,"Financial assistance for individual household latrines and clean piped tap. (₹12,000)"
3808,pm-national-micro-enterprise-collateral-free-loan-phase-10,National Micro Enterprise Collateral-Free Loan,Subsidized / Collateral-Free Loan,1000000.0,One-Time,"Guaranteed working capital and equipment loan up to ₹10 Lakh at subsidized interest. (₹200,000)"
3809,pm-national-women-entrepreneur-startup-grant-phase-10,National Women Entrepreneur Startup Grant,Direct Cash Transfer (DBT),100000.0,One-Time,"Seed funding capital grant for innovative women-founded MSME ventures. (₹100,000)"
3810,pm-national-export-promotion-quality-certification-subsidy-phase-10,National Export Promotion & Quality Certification Subsidy,Asset & Equipment Subsidy,75000.0,One-Time,"Reimbursement for ISO, ZED, and international trade mark registration costs. (₹75,000)"
3811,pm-national-credit-linked-capital-subsidy-for-tech-upgradation-phase-10,National Credit Linked Capital Subsidy for Tech Upgradation,Asset & Equipment Subsidy,150000.0,One-Time,"15% upfront capital subsidy for machinery modernization in manufacturing. (₹150,000)"
3812,pm-national-e-vehicle-green-mobility-subsidy-phase-10,National E-Vehicle & Green Mobility Subsidy,Asset & Equipment Subsidy,20000.0,One-Time,"Direct cash incentive on purchase of electric 2-wheelers and 3-wheelers. (₹20,000)"
3813,pm-national-rainwater-harvesting-ground-water-recharge-grant-phase-10,National Rainwater Harvesting & Ground Water Recharge Grant,Asset & Equipment Subsidy,15000.0,One-Time,"Subsidized rooftop rainwater harvesting system for individual residences. (₹15,000)"
3814,pm-national-bio-gas-cattle-dung-renewable-plant-subsidy-phase-10,National Bio-Gas & Cattle Dung Renewable Plant Subsidy,Asset & Equipment Subsidy,18000.0,One-Time,"Financial support for installing domestic Gobar-Dhan biogas units. (₹18,000)"
3815,pm-national-kisan-samriddhi-crop-assistance-phase-11,National Kisan Samriddhi & Crop Assistance,Asset & Equipment Subsidy,6000.0,One-Time,"Financial input subsidy for seed, fertilizer, and organic cultivation equipment. (₹6,000)"
3816,pm-national-solar-krishi-pump-subsidy-phase-11,National Solar Krishi Pump Subsidy,Asset & Equipment Subsidy,75000.0,One-Time,"Up to 90% capital subsidy for installing off-grid solar irrigation pumps. (₹75,000)"
3817,pm-national-horticulture-drip-irrigation-grant-phase-11,National Horticulture & Drip Irrigation Grant,Asset & Equipment Subsidy,25000.0,One-Time,"Direct subsidy for drip, sprinkler, and precision micro-irrigation installation. (₹25,000)"
3818,pm-national-dairy-cattle-development-incentive-phase-11,National Dairy & Cattle Development Incentive,Direct Cash Transfer (DBT),40000.0,One-Time,"Financial assistance for purchasing high-yield milch cows and buffaloes. (₹40,000)"
3819,pm-national-fodder-cultivation-animal-care-grant-phase-11,National Fodder Cultivation & Animal Care Grant,Asset & Equipment Subsidy,12000.0,One-Time,"Subsidized silage, quality seeds, and livestock health vaccination support. (₹12,000)"
3820,pm-national-fisheries-pond-biofloc-support-phase-11,National Fisheries Pond & Biofloc Support,Direct Cash Transfer (DBT),50000.0,One-Time,"Capital grant for biofloc fish farming, fingerling supply, and aerators. (₹50,000)"
3821,pm-national-soil-health-organic-farming-mission-phase-11,National Soil Health & Organic Farming Mission,Direct Cash Transfer (DBT),8000.0,One-Time,"Free soil nutrient testing kit and bio-compost financial top-up grant. (₹8,000)"
3822,pm-national-farm-mechanization-rotavator-subsidy-phase-11,National Farm Mechanization & Rotavator Subsidy,Asset & Equipment Subsidy,60000.0,One-Time,"Up to 50% subsidy on modern harvesters, rotavators, and custom hiring centers. (₹60,000)"
3823,pm-national-post-matric-merit-scholarship-phase-11,National Post-Matric Merit Scholarship,Scholarship & Academic Stipend,18000.0,One-Time,"Tuition fee waiver and maintenance stipend for higher collegiate education. (₹18,000)"
3824,pm-national-free-digital-tablet-laptop-distribution-phase-11,National Free Digital Tablet & Laptop Distribution,Asset & Equipment Subsidy,15000.0,One-Time,"High-speed digital learning devices distributed to meritorious board students. (₹15,000)"
3825,pm-national-competitive-exam-coaching-assistance-phase-11,National Competitive Exam Coaching Assistance,Scholarship & Academic Stipend,50000.0,One-Time,"100% sponsored classroom coaching for UPSC, PSC, JEE, and NEET exams. (₹50,000)"
3826,pm-national-girl-child-higher-education-incentive-phase-11,National Girl Child Higher Education Incentive,Direct Cash Transfer (DBT),25000.0,One-Time,"Direct milestone grant upon enrolling in undergraduate degree programs. (₹25,000)"
3827,pm-national-technical-polytechnic-skill-stipend-phase-11,National Technical & Polytechnic Skill Stipend,Scholarship & Academic Stipend,12000.0,Monthly,"Monthly allowance for students pursuing diploma and industrial training. (₹12,000)"
3828,pm-national-overseas-education-scholarship-for-ews-phase-11,National Overseas Education Scholarship for EWS,Subsidized / Collateral-Free Loan,500000.0,One-Time,"Educational loan interest subsidy for foreign universities. (₹500,000)"
3829,pm-national-special-education-aid-for-divyang-students-phase-11,National Special Education Aid for Divyang Students,Direct Cash Transfer (DBT),20000.0,One-Time,"Assistive braille, hearing aids, and transport allowance for disabled students. (₹20,000)"
3830,pm-national-matru-kalyan-nutrition-dbt-phase-11,National Matru Kalyan & Nutrition DBT,Subsidized Food & Nutrition,6000.0,One-Time,"Conditional cash transfer across pregnancy trimesters and post-natal care. (₹6,000)"
3831,pm-national-mahila-swavalamban-livelihood-grant-phase-11,National Mahila Swavalamban Livelihood Grant,Direct Cash Transfer (DBT),50000.0,One-Time,"Revolving seed fund for women Self-Help Groups (SHGs) to start enterprises. (₹50,000)"
3832,pm-national-kanya-vivah-marriage-assistance-phase-11,National Kanya Vivah & Marriage Assistance,Direct Cash Transfer (DBT),51000.0,One-Time,"Direct financial grant for marriage of daughters from economically weaker families. (₹51,000)"
3833,pm-national-working-women-hostel-transport-subsidy-phase-11,National Working Women Hostel & Transport Subsidy,Asset & Equipment Subsidy,15000.0,Monthly,"Subsidized secure safe housing and monthly urban commute pass. (₹15,000)"
3834,pm-national-single-mother-destitute-women-pension-phase-11,National Single Mother & Destitute Women Pension,Monthly Social Security Pension,15000.0,Monthly,"Monthly social security pension for widowed and abandoned women. (₹15,000)"
3835,pm-national-sukanya-samriddhi-high-interest-top-up-phase-11,National Sukanya Samriddhi High-Interest Top-Up,Asset & Equipment Subsidy,10000.0,One-Time,"State government interest subsidy top-up on girl child savings accounts. (₹10,000)"
3836,pm-national-universal-cashless-health-insurance-phase-11,National Universal Cashless Health Insurance,Health & Accidental Insurance Cover,500000.0,Annual,"Annual cashless hospitalization and surgical treatment cover in network hospitals. (₹500,000)"
3837,pm-national-critical-illness-relief-fund-cancer-kidney-phase-11,National Critical Illness Relief Fund (Cancer & Kidney),Health & Accidental Insurance Cover,200000.0,Claim-Based,"One-time financial relief grant for dialysis, chemotherapy, and heart surgery. (₹200,000)"
3838,pm-national-free-diagnostic-tests-medicine-scheme-phase-11,National Free Diagnostic Tests & Medicine Scheme,Direct Cash Transfer (DBT),10000.0,One-Time,"100% free prescription drugs and pathology tests at government clinics. (₹10,000)"
3839,pm-national-senior-citizen-specialized-geriatric-care-phase-11,National Senior Citizen Specialized Geriatric Care,Direct Cash Transfer (DBT),15000.0,One-Time,"Free cataract surgeries, hearing aids, and doorstep chronic care medicine. (₹15,000)"
3840,pm-national-emergency-accidental-trauma-insurance-phase-11,National Emergency Accidental Trauma Insurance,Health & Accidental Insurance Cover,100000.0,Claim-Based,"Immediate cashless golden-hour emergency trauma care coverage. (₹100,000)"
3841,pm-national-old-age-social-security-pension-phase-11,National Old Age Social Security Pension,Monthly Social Security Pension,12000.0,Monthly,"Monthly direct benefit transfer pension for elderly citizens aged 60 and above. (₹12,000)"
3842,pm-national-divyangjan-disability-monthly-pension-phase-11,National Divyangjan Disability Monthly Pension,Monthly Social Security Pension,18000.0,Monthly,"Monthly financial support and motorized tricycle allowance for disabled persons. (₹18,000)"
3843,pm-national-antyodaya-subsidized-food-security-phase-11,National Antyodaya Subsidized Food Security,Subsidized Food & Nutrition,8000.0,Monthly,"Subsidized monthly ration of 35kg foodgrains for poorest-of-poor households. (₹8,000)"
3844,pm-national-sanitation-workers-rehabilitation-grant-phase-11,National Sanitation Workers Rehabilitation Grant,Asset & Equipment Subsidy,40000.0,One-Time,"Capital subsidy and skill retraining for sanitary workers and sewer workers. (₹40,000)"
3845,pm-national-tribal-livelihood-forest-produce-grant-phase-11,National Tribal Livelihood & Forest Produce Grant,Asset & Equipment Subsidy,20000.0,One-Time,"Direct procurement support and value addition subsidy for minor forest produce. (₹20,000)"
3846,pm-national-youth-apprenticeship-monthly-stipend-phase-11,National Youth Apprenticeship Monthly Stipend,Scholarship & Academic Stipend,18000.0,Monthly,"Direct government stipend top-up for technical industrial apprenticeships. (₹18,000)"
3847,pm-national-artisan-craftsman-modern-tool-kit-grant-phase-11,National Artisan & Craftsman Modern Tool Kit Grant,Subsidized / Collateral-Free Loan,20000.0,One-Time,"Free motorized toolkits and collateral-free micro credit for traditional artisans. (₹20,000)"
3848,pm-national-rural-youth-driving-heavy-machinery-training-phase-11,National Rural Youth Driving & Heavy Machinery Training,Asset & Equipment Subsidy,25000.0,One-Time,"100% sponsored commercial vehicle and excavator driver training. (₹25,000)"
3849,pm-national-it-emerging-tech-bootcamp-voucher-phase-11,National IT & Emerging Tech Bootcamp Voucher,Scholarship & Academic Stipend,35000.0,One-Time,"Full tuition sponsorship for AI, Cloud, and Software certification bootcamps. (₹35,000)"
3850,pm-national-self-employment-micro-credit-guarantee-phase-11,National Self-Employment Micro-Credit Guarantee,Subsidized / Collateral-Free Loan,500000.0,One-Time,"Collateral-free subsidized loan up to ₹5 Lakh for starting local enterprises. (₹100,000)"
3851,pm-national-pucca-house-construction-subsidy-phase-11,National Pucca House Construction Subsidy,Asset & Equipment Subsidy,150000.0,Quarterly,"Direct installment financial grant for building disaster-resilient pucca home. (₹150,000)"
3852,pm-national-rooftop-solar-green-energy-assistance-phase-11,National Rooftop Solar & Green Energy Assistance,Asset & Equipment Subsidy,50000.0,One-Time,"Capital subsidy for grid-connected rooftop solar installation for homeowners. (₹50,000)"
3853,pm-national-slum-rehabilitation-ews-flat-allocation-phase-11,National Slum Rehabilitation & EWS Flat Allocation,Asset & Equipment Subsidy,250000.0,One-Time,"Subsidized ownership allotment of 1BHK flats with basic civic amenities. (₹250,000)"
3854,pm-national-rural-toilet-water-tap-incentive-phase-11,National Rural Toilet & Water Tap Incentive,Direct Cash Transfer (DBT),12000.0,One-Time,"Financial assistance for individual household latrines and clean piped tap. (₹12,000)"
3855,pm-national-micro-enterprise-collateral-free-loan-phase-11,National Micro Enterprise Collateral-Free Loan,Subsidized / Collateral-Free Loan,1000000.0,One-Time,"Guaranteed working capital and equipment loan up to ₹10 Lakh at subsidized interest. (₹200,000)"
3856,pm-national-women-entrepreneur-startup-grant-phase-11,National Women Entrepreneur Startup Grant,Direct Cash Transfer (DBT),100000.0,One-Time,"Seed funding capital grant for innovative women-founded MSME ventures. (₹100,000)"
3857,pm-national-export-promotion-quality-certification-subsidy-phase-11,National Export Promotion & Quality Certification Subsidy,Asset & Equipment Subsidy,75000.0,One-Time,"Reimbursement for ISO, ZED, and international trade mark registration costs. (₹75,000)"
3858,pm-national-credit-linked-capital-subsidy-for-tech-upgradation-phase-11,National Credit Linked Capital Subsidy for Tech Upgradation,Asset & Equipment Subsidy,150000.0,One-Time,"15% upfront capital subsidy for machinery modernization in manufacturing. (₹150,000)"
3859,pm-national-e-vehicle-green-mobility-subsidy-phase-11,National E-Vehicle & Green Mobility Subsidy,Asset & Equipment Subsidy,20000.0,One-Time,"Direct cash incentive on purchase of electric 2-wheelers and 3-wheelers. (₹20,000)"
3860,pm-national-rainwater-harvesting-ground-water-recharge-grant-phase-11,National Rainwater Harvesting & Ground Water Recharge Grant,Asset & Equipment Subsidy,15000.0,One-Time,"Subsidized rooftop rainwater harvesting system for individual residences. (₹15,000)"
3861,pm-national-bio-gas-cattle-dung-renewable-plant-subsidy-phase-11,National Bio-Gas & Cattle Dung Renewable Plant Subsidy,Asset & Equipment Subsidy,18000.0,One-Time,"Financial support for installing domestic Gobar-Dhan biogas units. (₹18,000)"
3862,pm-national-kisan-samriddhi-crop-assistance-phase-12,National Kisan Samriddhi & Crop Assistance,Asset & Equipment Subsidy,6000.0,One-Time,"Financial input subsidy for seed, fertilizer, and organic cultivation equipment. (₹6,000)"
3863,pm-national-solar-krishi-pump-subsidy-phase-12,National Solar Krishi Pump Subsidy,Asset & Equipment Subsidy,75000.0,One-Time,"Up to 90% capital subsidy for installing off-grid solar irrigation pumps. (₹75,000)"
3864,pm-national-horticulture-drip-irrigation-grant-phase-12,National Horticulture & Drip Irrigation Grant,Asset & Equipment Subsidy,25000.0,One-Time,"Direct subsidy for drip, sprinkler, and precision micro-irrigation installation. (₹25,000)"
3865,pm-national-dairy-cattle-development-incentive-phase-12,National Dairy & Cattle Development Incentive,Direct Cash Transfer (DBT),40000.0,One-Time,"Financial assistance for purchasing high-yield milch cows and buffaloes. (₹40,000)"
3866,pm-national-fodder-cultivation-animal-care-grant-phase-12,National Fodder Cultivation & Animal Care Grant,Asset & Equipment Subsidy,12000.0,One-Time,"Subsidized silage, quality seeds, and livestock health vaccination support. (₹12,000)"
3867,pm-national-fisheries-pond-biofloc-support-phase-12,National Fisheries Pond & Biofloc Support,Direct Cash Transfer (DBT),50000.0,One-Time,"Capital grant for biofloc fish farming, fingerling supply, and aerators. (₹50,000)"
3868,pm-national-soil-health-organic-farming-mission-phase-12,National Soil Health & Organic Farming Mission,Direct Cash Transfer (DBT),8000.0,One-Time,"Free soil nutrient testing kit and bio-compost financial top-up grant. (₹8,000)"
3869,pm-national-farm-mechanization-rotavator-subsidy-phase-12,National Farm Mechanization & Rotavator Subsidy,Asset & Equipment Subsidy,60000.0,One-Time,"Up to 50% subsidy on modern harvesters, rotavators, and custom hiring centers. (₹60,000)"
3870,pm-national-post-matric-merit-scholarship-phase-12,National Post-Matric Merit Scholarship,Scholarship & Academic Stipend,18000.0,One-Time,"Tuition fee waiver and maintenance stipend for higher collegiate education. (₹18,000)"
3871,pm-national-free-digital-tablet-laptop-distribution-phase-12,National Free Digital Tablet & Laptop Distribution,Asset & Equipment Subsidy,15000.0,One-Time,"High-speed digital learning devices distributed to meritorious board students. (₹15,000)"
3872,pm-national-competitive-exam-coaching-assistance-phase-12,National Competitive Exam Coaching Assistance,Scholarship & Academic Stipend,50000.0,One-Time,"100% sponsored classroom coaching for UPSC, PSC, JEE, and NEET exams. (₹50,000)"
3873,pm-national-girl-child-higher-education-incentive-phase-12,National Girl Child Higher Education Incentive,Direct Cash Transfer (DBT),25000.0,One-Time,"Direct milestone grant upon enrolling in undergraduate degree programs. (₹25,000)"
3874,pm-national-technical-polytechnic-skill-stipend-phase-12,National Technical & Polytechnic Skill Stipend,Scholarship & Academic Stipend,12000.0,Monthly,"Monthly allowance for students pursuing diploma and industrial training. (₹12,000)"
3875,pm-national-overseas-education-scholarship-for-ews-phase-12,National Overseas Education Scholarship for EWS,Subsidized / Collateral-Free Loan,500000.0,One-Time,"Educational loan interest subsidy for foreign universities. (₹500,000)"
3876,pm-national-special-education-aid-for-divyang-students-phase-12,National Special Education Aid for Divyang Students,Direct Cash Transfer (DBT),20000.0,One-Time,"Assistive braille, hearing aids, and transport allowance for disabled students. (₹20,000)"
3877,pm-national-matru-kalyan-nutrition-dbt-phase-12,National Matru Kalyan & Nutrition DBT,Subsidized Food & Nutrition,6000.0,One-Time,"Conditional cash transfer across pregnancy trimesters and post-natal care. (₹6,000)"
3878,pm-national-mahila-swavalamban-livelihood-grant-phase-12,National Mahila Swavalamban Livelihood Grant,Direct Cash Transfer (DBT),50000.0,One-Time,"Revolving seed fund for women Self-Help Groups (SHGs) to start enterprises. (₹50,000)"
3879,pm-national-kanya-vivah-marriage-assistance-phase-12,National Kanya Vivah & Marriage Assistance,Direct Cash Transfer (DBT),51000.0,One-Time,"Direct financial grant for marriage of daughters from economically weaker families. (₹51,000)"
3880,pm-national-working-women-hostel-transport-subsidy-phase-12,National Working Women Hostel & Transport Subsidy,Asset & Equipment Subsidy,15000.0,Monthly,"Subsidized secure safe housing and monthly urban commute pass. (₹15,000)"
3881,pm-national-single-mother-destitute-women-pension-phase-12,National Single Mother & Destitute Women Pension,Monthly Social Security Pension,15000.0,Monthly,"Monthly social security pension for widowed and abandoned women. (₹15,000)"
3882,pm-national-sukanya-samriddhi-high-interest-top-up-phase-12,National Sukanya Samriddhi High-Interest Top-Up,Asset & Equipment Subsidy,10000.0,One-Time,"State government interest subsidy top-up on girl child savings accounts. (₹10,000)"
3883,pm-national-universal-cashless-health-insurance-phase-12,National Universal Cashless Health Insurance,Health & Accidental Insurance Cover,500000.0,Annual,"Annual cashless hospitalization and surgical treatment cover in network hospitals. (₹500,000)"
3884,pm-national-critical-illness-relief-fund-cancer-kidney-phase-12,National Critical Illness Relief Fund (Cancer & Kidney),Health & Accidental Insurance Cover,200000.0,Claim-Based,"One-time financial relief grant for dialysis, chemotherapy, and heart surgery. (₹200,000)"
3885,pm-national-free-diagnostic-tests-medicine-scheme-phase-12,National Free Diagnostic Tests & Medicine Scheme,Direct Cash Transfer (DBT),10000.0,One-Time,"100% free prescription drugs and pathology tests at government clinics. (₹10,000)"
3886,pm-national-senior-citizen-specialized-geriatric-care-phase-12,National Senior Citizen Specialized Geriatric Care,Direct Cash Transfer (DBT),15000.0,One-Time,"Free cataract surgeries, hearing aids, and doorstep chronic care medicine. (₹15,000)"
3887,pm-national-emergency-accidental-trauma-insurance-phase-12,National Emergency Accidental Trauma Insurance,Health & Accidental Insurance Cover,100000.0,Claim-Based,"Immediate cashless golden-hour emergency trauma care coverage. (₹100,000)"
3888,pm-national-old-age-social-security-pension-phase-12,National Old Age Social Security Pension,Monthly Social Security Pension,12000.0,Monthly,"Monthly direct benefit transfer pension for elderly citizens aged 60 and above. (₹12,000)"
3889,pm-national-divyangjan-disability-monthly-pension-phase-12,National Divyangjan Disability Monthly Pension,Monthly Social Security Pension,18000.0,Monthly,"Monthly financial support and motorized tricycle allowance for disabled persons. (₹18,000)"
3890,pm-national-antyodaya-subsidized-food-security-phase-12,National Antyodaya Subsidized Food Security,Subsidized Food & Nutrition,8000.0,Monthly,"Subsidized monthly ration of 35kg foodgrains for poorest-of-poor households. (₹8,000)"
3891,pm-national-sanitation-workers-rehabilitation-grant-phase-12,National Sanitation Workers Rehabilitation Grant,Asset & Equipment Subsidy,40000.0,One-Time,"Capital subsidy and skill retraining for sanitary workers and sewer workers. (₹40,000)"
3892,pm-national-tribal-livelihood-forest-produce-grant-phase-12,National Tribal Livelihood & Forest Produce Grant,Asset & Equipment Subsidy,20000.0,One-Time,"Direct procurement support and value addition subsidy for minor forest produce. (₹20,000)"
3893,pm-national-youth-apprenticeship-monthly-stipend-phase-12,National Youth Apprenticeship Monthly Stipend,Scholarship & Academic Stipend,18000.0,Monthly,"Direct government stipend top-up for technical industrial apprenticeships. (₹18,000)"
3894,pm-national-artisan-craftsman-modern-tool-kit-grant-phase-12,National Artisan & Craftsman Modern Tool Kit Grant,Subsidized / Collateral-Free Loan,20000.0,One-Time,"Free motorized toolkits and collateral-free micro credit for traditional artisans. (₹20,000)"
3895,pm-national-rural-youth-driving-heavy-machinery-training-phase-12,National Rural Youth Driving & Heavy Machinery Training,Asset & Equipment Subsidy,25000.0,One-Time,"100% sponsored commercial vehicle and excavator driver training. (₹25,000)"
3896,pm-national-it-emerging-tech-bootcamp-voucher-phase-12,National IT & Emerging Tech Bootcamp Voucher,Scholarship & Academic Stipend,35000.0,One-Time,"Full tuition sponsorship for AI, Cloud, and Software certification bootcamps. (₹35,000)"
3897,pm-national-self-employment-micro-credit-guarantee-phase-12,National Self-Employment Micro-Credit Guarantee,Subsidized / Collateral-Free Loan,500000.0,One-Time,"Collateral-free subsidized loan up to ₹5 Lakh for starting local enterprises. (₹100,000)"
3898,pm-national-pucca-house-construction-subsidy-phase-12,National Pucca House Construction Subsidy,Asset & Equipment Subsidy,150000.0,Quarterly,"Direct installment financial grant for building disaster-resilient pucca home. (₹150,000)"
3899,pm-national-rooftop-solar-green-energy-assistance-phase-12,National Rooftop Solar & Green Energy Assistance,Asset & Equipment Subsidy,50000.0,One-Time,"Capital subsidy for grid-connected rooftop solar installation for homeowners. (₹50,000)"
3900,pm-national-slum-rehabilitation-ews-flat-allocation-phase-12,National Slum Rehabilitation & EWS Flat Allocation,Asset & Equipment Subsidy,250000.0,One-Time,"Subsidized ownership allotment of 1BHK flats with basic civic amenities. (₹250,000)"
3901,pm-national-rural-toilet-water-tap-incentive-phase-12,National Rural Toilet & Water Tap Incentive,Direct Cash Transfer (DBT),12000.0,One-Time,"Financial assistance for individual household latrines and clean piped tap. (₹12,000)"
3902,pm-national-micro-enterprise-collateral-free-loan-phase-12,National Micro Enterprise Collateral-Free Loan,Subsidized / Collateral-Free Loan,1000000.0,One-Time,"Guaranteed working capital and equipment loan up to ₹10 Lakh at subsidized interest. (₹200,000)"
3903,pm-national-women-entrepreneur-startup-grant-phase-12,National Women Entrepreneur Startup Grant,Direct Cash Transfer (DBT),100000.0,One-Time,"Seed funding capital grant for innovative women-founded MSME ventures. (₹100,000)"
3904,pm-national-export-promotion-quality-certification-subsidy-phase-12,National Export Promotion & Quality Certification Subsidy,Asset & Equipment Subsidy,75000.0,One-Time,"Reimbursement for ISO, ZED, and international trade mark registration costs. (₹75,000)"
3905,pm-national-credit-linked-capital-subsidy-for-tech-upgradation-phase-12,National Credit Linked Capital Subsidy for Tech Upgradation,Asset & Equipment Subsidy,150000.0,One-Time,"15% upfront capital subsidy for machinery modernization in manufacturing. (₹150,000)"
3906,pm-national-e-vehicle-green-mobility-subsidy-phase-12,National E-Vehicle & Green Mobility Subsidy,Asset & Equipment Subsidy,20000.0,One-Time,"Direct cash incentive on purchase of electric 2-wheelers and 3-wheelers. (₹20,000)"
3907,pm-national-rainwater-harvesting-ground-water-recharge-grant-phase-12,National Rainwater Harvesting & Ground Water Recharge Grant,Asset & Equipment Subsidy,15000.0,One-Time,"Subsidized rooftop rainwater harvesting system for individual residences. (₹15,000)"
3908,pm-national-bio-gas-cattle-dung-renewable-plant-subsidy-phase-12,National Bio-Gas & Cattle Dung Renewable Plant Subsidy,Asset & Equipment Subsidy,18000.0,One-Time,"Financial support for installing domestic Gobar-Dhan biogas units. (₹18,000)"
3909,pm-national-kisan-samriddhi-crop-assistance-phase-13,National Kisan Samriddhi & Crop Assistance,Asset & Equipment Subsidy,6000.0,One-Time,"Financial input subsidy for seed, fertilizer, and organic cultivation equipment. (₹6,000)"
3910,pm-national-solar-krishi-pump-subsidy-phase-13,National Solar Krishi Pump Subsidy,Asset & Equipment Subsidy,75000.0,One-Time,"Up to 90% capital subsidy for installing off-grid solar irrigation pumps. (₹75,000)"
3911,pm-national-horticulture-drip-irrigation-grant-phase-13,National Horticulture & Drip Irrigation Grant,Asset & Equipment Subsidy,25000.0,One-Time,"Direct subsidy for drip, sprinkler, and precision micro-irrigation installation. (₹25,000)"
3912,pm-national-dairy-cattle-development-incentive-phase-13,National Dairy & Cattle Development Incentive,Direct Cash Transfer (DBT),40000.0,One-Time,"Financial assistance for purchasing high-yield milch cows and buffaloes. (₹40,000)"
3913,pm-national-fodder-cultivation-animal-care-grant-phase-13,National Fodder Cultivation & Animal Care Grant,Asset & Equipment Subsidy,12000.0,One-Time,"Subsidized silage, quality seeds, and livestock health vaccination support. (₹12,000)"
3914,pm-national-fisheries-pond-biofloc-support-phase-13,National Fisheries Pond & Biofloc Support,Direct Cash Transfer (DBT),50000.0,One-Time,"Capital grant for biofloc fish farming, fingerling supply, and aerators. (₹50,000)"
3915,pm-national-soil-health-organic-farming-mission-phase-13,National Soil Health & Organic Farming Mission,Direct Cash Transfer (DBT),8000.0,One-Time,"Free soil nutrient testing kit and bio-compost financial top-up grant. (₹8,000)"
3916,pm-national-farm-mechanization-rotavator-subsidy-phase-13,National Farm Mechanization & Rotavator Subsidy,Asset & Equipment Subsidy,60000.0,One-Time,"Up to 50% subsidy on modern harvesters, rotavators, and custom hiring centers. (₹60,000)"
3917,pm-national-post-matric-merit-scholarship-phase-13,National Post-Matric Merit Scholarship,Scholarship & Academic Stipend,18000.0,One-Time,"Tuition fee waiver and maintenance stipend for higher collegiate education. (₹18,000)"
3918,pm-national-free-digital-tablet-laptop-distribution-phase-13,National Free Digital Tablet & Laptop Distribution,Asset & Equipment Subsidy,15000.0,One-Time,"High-speed digital learning devices distributed to meritorious board students. (₹15,000)"
3919,pm-national-competitive-exam-coaching-assistance-phase-13,National Competitive Exam Coaching Assistance,Scholarship & Academic Stipend,50000.0,One-Time,"100% sponsored classroom coaching for UPSC, PSC, JEE, and NEET exams. (₹50,000)"
3920,pm-national-girl-child-higher-education-incentive-phase-13,National Girl Child Higher Education Incentive,Direct Cash Transfer (DBT),25000.0,One-Time,"Direct milestone grant upon enrolling in undergraduate degree programs. (₹25,000)"
3921,pm-national-technical-polytechnic-skill-stipend-phase-13,National Technical & Polytechnic Skill Stipend,Scholarship & Academic Stipend,12000.0,Monthly,"Monthly allowance for students pursuing diploma and industrial training. (₹12,000)"
3922,pm-national-overseas-education-scholarship-for-ews-phase-13,National Overseas Education Scholarship for EWS,Subsidized / Collateral-Free Loan,500000.0,One-Time,"Educational loan interest subsidy for foreign universities. (₹500,000)"
3923,pm-national-special-education-aid-for-divyang-students-phase-13,National Special Education Aid for Divyang Students,Direct Cash Transfer (DBT),20000.0,One-Time,"Assistive braille, hearing aids, and transport allowance for disabled students. (₹20,000)"
3924,pm-national-matru-kalyan-nutrition-dbt-phase-13,National Matru Kalyan & Nutrition DBT,Subsidized Food & Nutrition,6000.0,One-Time,"Conditional cash transfer across pregnancy trimesters and post-natal care. (₹6,000)"
3925,pm-national-mahila-swavalamban-livelihood-grant-phase-13,National Mahila Swavalamban Livelihood Grant,Direct Cash Transfer (DBT),50000.0,One-Time,"Revolving seed fund for women Self-Help Groups (SHGs) to start enterprises. (₹50,000)"
3926,pm-national-kanya-vivah-marriage-assistance-phase-13,National Kanya Vivah & Marriage Assistance,Direct Cash Transfer (DBT),51000.0,One-Time,"Direct financial grant for marriage of daughters from economically weaker families. (₹51,000)"
3927,pm-national-working-women-hostel-transport-subsidy-phase-13,National Working Women Hostel & Transport Subsidy,Asset & Equipment Subsidy,15000.0,Monthly,"Subsidized secure safe housing and monthly urban commute pass. (₹15,000)"
3928,pm-national-single-mother-destitute-women-pension-phase-13,National Single Mother & Destitute Women Pension,Monthly Social Security Pension,15000.0,Monthly,"Monthly social security pension for widowed and abandoned women. (₹15,000)"
3929,pm-national-sukanya-samriddhi-high-interest-top-up-phase-13,National Sukanya Samriddhi High-Interest Top-Up,Asset & Equipment Subsidy,10000.0,One-Time,"State government interest subsidy top-up on girl child savings accounts. (₹10,000)"
3930,pm-national-universal-cashless-health-insurance-phase-13,National Universal Cashless Health Insurance,Health & Accidental Insurance Cover,500000.0,Annual,"Annual cashless hospitalization and surgical treatment cover in network hospitals. (₹500,000)"
3931,pm-national-critical-illness-relief-fund-cancer-kidney-phase-13,National Critical Illness Relief Fund (Cancer & Kidney),Health & Accidental Insurance Cover,200000.0,Claim-Based,"One-time financial relief grant for dialysis, chemotherapy, and heart surgery. (₹200,000)"
3932,pm-national-free-diagnostic-tests-medicine-scheme-phase-13,National Free Diagnostic Tests & Medicine Scheme,Direct Cash Transfer (DBT),10000.0,One-Time,"100% free prescription drugs and pathology tests at government clinics. (₹10,000)"
3933,pm-national-senior-citizen-specialized-geriatric-care-phase-13,National Senior Citizen Specialized Geriatric Care,Direct Cash Transfer (DBT),15000.0,One-Time,"Free cataract surgeries, hearing aids, and doorstep chronic care medicine. (₹15,000)"
3934,pm-national-emergency-accidental-trauma-insurance-phase-13,National Emergency Accidental Trauma Insurance,Health & Accidental Insurance Cover,100000.0,Claim-Based,"Immediate cashless golden-hour emergency trauma care coverage. (₹100,000)"
3935,pm-national-old-age-social-security-pension-phase-13,National Old Age Social Security Pension,Monthly Social Security Pension,12000.0,Monthly,"Monthly direct benefit transfer pension for elderly citizens aged 60 and above. (₹12,000)"
3936,pm-national-divyangjan-disability-monthly-pension-phase-13,National Divyangjan Disability Monthly Pension,Monthly Social Security Pension,18000.0,Monthly,"Monthly financial support and motorized tricycle allowance for disabled persons. (₹18,000)"
3937,pm-national-antyodaya-subsidized-food-security-phase-13,National Antyodaya Subsidized Food Security,Subsidized Food & Nutrition,8000.0,Monthly,"Subsidized monthly ration of 35kg foodgrains for poorest-of-poor households. (₹8,000)"
3938,pm-national-sanitation-workers-rehabilitation-grant-phase-13,National Sanitation Workers Rehabilitation Grant,Asset & Equipment Subsidy,40000.0,One-Time,"Capital subsidy and skill retraining for sanitary workers and sewer workers. (₹40,000)"
3939,pm-national-tribal-livelihood-forest-produce-grant-phase-13,National Tribal Livelihood & Forest Produce Grant,Asset & Equipment Subsidy,20000.0,One-Time,"Direct procurement support and value addition subsidy for minor forest produce. (₹20,000)"
3940,pm-national-youth-apprenticeship-monthly-stipend-phase-13,National Youth Apprenticeship Monthly Stipend,Scholarship & Academic Stipend,18000.0,Monthly,"Direct government stipend top-up for technical industrial apprenticeships. (₹18,000)"
3941,pm-national-artisan-craftsman-modern-tool-kit-grant-phase-13,National Artisan & Craftsman Modern Tool Kit Grant,Subsidized / Collateral-Free Loan,20000.0,One-Time,"Free motorized toolkits and collateral-free micro credit for traditional artisans. (₹20,000)"
3942,pm-national-rural-youth-driving-heavy-machinery-training-phase-13,National Rural Youth Driving & Heavy Machinery Training,Asset & Equipment Subsidy,25000.0,One-Time,"100% sponsored commercial vehicle and excavator driver training. (₹25,000)"
3943,pm-national-it-emerging-tech-bootcamp-voucher-phase-13,National IT & Emerging Tech Bootcamp Voucher,Scholarship & Academic Stipend,35000.0,One-Time,"Full tuition sponsorship for AI, Cloud, and Software certification bootcamps. (₹35,000)"
3944,pm-national-self-employment-micro-credit-guarantee-phase-13,National Self-Employment Micro-Credit Guarantee,Subsidized / Collateral-Free Loan,500000.0,One-Time,"Collateral-free subsidized loan up to ₹5 Lakh for starting local enterprises. (₹100,000)"
3945,pm-national-pucca-house-construction-subsidy-phase-13,National Pucca House Construction Subsidy,Asset & Equipment Subsidy,150000.0,Quarterly,"Direct installment financial grant for building disaster-resilient pucca home. (₹150,000)"
3946,pm-national-rooftop-solar-green-energy-assistance-phase-13,National Rooftop Solar & Green Energy Assistance,Asset & Equipment Subsidy,50000.0,One-Time,"Capital subsidy for grid-connected rooftop solar installation for homeowners. (₹50,000)"
3947,pm-national-slum-rehabilitation-ews-flat-allocation-phase-13,National Slum Rehabilitation & EWS Flat Allocation,Asset & Equipment Subsidy,250000.0,One-Time,"Subsidized ownership allotment of 1BHK flats with basic civic amenities. (₹250,000)"
3948,pm-national-rural-toilet-water-tap-incentive-phase-13,National Rural Toilet & Water Tap Incentive,Direct Cash Transfer (DBT),12000.0,One-Time,"Financial assistance for individual household latrines and clean piped tap. (₹12,000)"
3949,pm-national-micro-enterprise-collateral-free-loan-phase-13,National Micro Enterprise Collateral-Free Loan,Subsidized / Collateral-Free Loan,1000000.0,One-Time,"Guaranteed working capital and equipment loan up to ₹10 Lakh at subsidized interest. (₹200,000)"
3950,pm-national-women-entrepreneur-startup-grant-phase-13,National Women Entrepreneur Startup Grant,Direct Cash Transfer (DBT),100000.0,One-Time,"Seed funding capital grant for innovative women-founded MSME ventures. (₹100,000)"
3951,pm-national-export-promotion-quality-certification-subsidy-phase-13,National Export Promotion & Quality Certification Subsidy,Asset & Equipment Subsidy,75000.0,One-Time,"Reimbursement for ISO, ZED, and international trade mark registration costs. (₹75,000)"
3952,pm-national-credit-linked-capital-subsidy-for-tech-upgradation-phase-13,National Credit Linked Capital Subsidy for Tech Upgradation,Asset & Equipment Subsidy,150000.0,One-Time,"15% upfront capital subsidy for machinery modernization in manufacturing. (₹150,000)"
3953,pm-national-e-vehicle-green-mobility-subsidy-phase-13,National E-Vehicle & Green Mobility Subsidy,Asset & Equipment Subsidy,20000.0,One-Time,"Direct cash incentive on purchase of electric 2-wheelers and 3-wheelers. (₹20,000)"
3954,pm-national-rainwater-harvesting-ground-water-recharge-grant-phase-13,National Rainwater Harvesting & Ground Water Recharge Grant,Asset & Equipment Subsidy,15000.0,One-Time,"Subsidized rooftop rainwater harvesting system for individual residences. (₹15,000)"
3955,pm-national-bio-gas-cattle-dung-renewable-plant-subsidy-phase-13,National Bio-Gas & Cattle Dung Renewable Plant Subsidy,Asset & Equipment Subsidy,18000.0,One-Time,"Financial support for installing domestic Gobar-Dhan biogas units. (₹18,000)"
3956,pm-national-kisan-samriddhi-crop-assistance-phase-14,National Kisan Samriddhi & Crop Assistance,Asset & Equipment Subsidy,6000.0,One-Time,"Financial input subsidy for seed, fertilizer, and organic cultivation equipment. (₹6,000)"
3957,pm-national-solar-krishi-pump-subsidy-phase-14,National Solar Krishi Pump Subsidy,Asset & Equipment Subsidy,75000.0,One-Time,"Up to 90% capital subsidy for installing off-grid solar irrigation pumps. (₹75,000)"
3958,pm-national-horticulture-drip-irrigation-grant-phase-14,National Horticulture & Drip Irrigation Grant,Asset & Equipment Subsidy,25000.0,One-Time,"Direct subsidy for drip, sprinkler, and precision micro-irrigation installation. (₹25,000)"
3959,pm-national-dairy-cattle-development-incentive-phase-14,National Dairy & Cattle Development Incentive,Direct Cash Transfer (DBT),40000.0,One-Time,"Financial assistance for purchasing high-yield milch cows and buffaloes. (₹40,000)"
3960,pm-national-fodder-cultivation-animal-care-grant-phase-14,National Fodder Cultivation & Animal Care Grant,Asset & Equipment Subsidy,12000.0,One-Time,"Subsidized silage, quality seeds, and livestock health vaccination support. (₹12,000)"
3961,pm-national-fisheries-pond-biofloc-support-phase-14,National Fisheries Pond & Biofloc Support,Direct Cash Transfer (DBT),50000.0,One-Time,"Capital grant for biofloc fish farming, fingerling supply, and aerators. (₹50,000)"
3962,pm-national-soil-health-organic-farming-mission-phase-14,National Soil Health & Organic Farming Mission,Direct Cash Transfer (DBT),8000.0,One-Time,"Free soil nutrient testing kit and bio-compost financial top-up grant. (₹8,000)"
3963,pm-national-farm-mechanization-rotavator-subsidy-phase-14,National Farm Mechanization & Rotavator Subsidy,Asset & Equipment Subsidy,60000.0,One-Time,"Up to 50% subsidy on modern harvesters, rotavators, and custom hiring centers. (₹60,000)"
3964,pm-national-post-matric-merit-scholarship-phase-14,National Post-Matric Merit Scholarship,Scholarship & Academic Stipend,18000.0,One-Time,"Tuition fee waiver and maintenance stipend for higher collegiate education. (₹18,000)"
3965,pm-national-free-digital-tablet-laptop-distribution-phase-14,National Free Digital Tablet & Laptop Distribution,Asset & Equipment Subsidy,15000.0,One-Time,"High-speed digital learning devices distributed to meritorious board students. (₹15,000)"
3966,pm-national-competitive-exam-coaching-assistance-phase-14,National Competitive Exam Coaching Assistance,Scholarship & Academic Stipend,50000.0,One-Time,"100% sponsored classroom coaching for UPSC, PSC, JEE, and NEET exams. (₹50,000)"
3967,pm-national-girl-child-higher-education-incentive-phase-14,National Girl Child Higher Education Incentive,Direct Cash Transfer (DBT),25000.0,One-Time,"Direct milestone grant upon enrolling in undergraduate degree programs. (₹25,000)"
3968,pm-national-technical-polytechnic-skill-stipend-phase-14,National Technical & Polytechnic Skill Stipend,Scholarship & Academic Stipend,12000.0,Monthly,"Monthly allowance for students pursuing diploma and industrial training. (₹12,000)"
3969,pm-national-overseas-education-scholarship-for-ews-phase-14,National Overseas Education Scholarship for EWS,Subsidized / Collateral-Free Loan,500000.0,One-Time,"Educational loan interest subsidy for foreign universities. (₹500,000)"
3970,pm-national-special-education-aid-for-divyang-students-phase-14,National Special Education Aid for Divyang Students,Direct Cash Transfer (DBT),20000.0,One-Time,"Assistive braille, hearing aids, and transport allowance for disabled students. (₹20,000)"
3971,pm-national-matru-kalyan-nutrition-dbt-phase-14,National Matru Kalyan & Nutrition DBT,Subsidized Food & Nutrition,6000.0,One-Time,"Conditional cash transfer across pregnancy trimesters and post-natal care. (₹6,000)"
3972,pm-national-mahila-swavalamban-livelihood-grant-phase-14,National Mahila Swavalamban Livelihood Grant,Direct Cash Transfer (DBT),50000.0,One-Time,"Revolving seed fund for women Self-Help Groups (SHGs) to start enterprises. (₹50,000)"
3973,pm-national-kanya-vivah-marriage-assistance-phase-14,National Kanya Vivah & Marriage Assistance,Direct Cash Transfer (DBT),51000.0,One-Time,"Direct financial grant for marriage of daughters from economically weaker families. (₹51,000)"
3974,pm-national-working-women-hostel-transport-subsidy-phase-14,National Working Women Hostel & Transport Subsidy,Asset & Equipment Subsidy,15000.0,Monthly,"Subsidized secure safe housing and monthly urban commute pass. (₹15,000)"
3975,pm-national-single-mother-destitute-women-pension-phase-14,National Single Mother & Destitute Women Pension,Monthly Social Security Pension,15000.0,Monthly,"Monthly social security pension for widowed and abandoned women. (₹15,000)"
3976,pm-national-sukanya-samriddhi-high-interest-top-up-phase-14,National Sukanya Samriddhi High-Interest Top-Up,Asset & Equipment Subsidy,10000.0,One-Time,"State government interest subsidy top-up on girl child savings accounts. (₹10,000)"
3977,pm-national-universal-cashless-health-insurance-phase-14,National Universal Cashless Health Insurance,Health & Accidental Insurance Cover,500000.0,Annual,"Annual cashless hospitalization and surgical treatment cover in network hospitals. (₹500,000)"
3978,pm-national-critical-illness-relief-fund-cancer-kidney-phase-14,National Critical Illness Relief Fund (Cancer & Kidney),Health & Accidental Insurance Cover,200000.0,Claim-Based,"One-time financial relief grant for dialysis, chemotherapy, and heart surgery. (₹200,000)"
3979,pm-national-free-diagnostic-tests-medicine-scheme-phase-14,National Free Diagnostic Tests & Medicine Scheme,Direct Cash Transfer (DBT),10000.0,One-Time,"100% free prescription drugs and pathology tests at government clinics. (₹10,000)"
3980,pm-national-senior-citizen-specialized-geriatric-care-phase-14,National Senior Citizen Specialized Geriatric Care,Direct Cash Transfer (DBT),15000.0,One-Time,"Free cataract surgeries, hearing aids, and doorstep chronic care medicine. (₹15,000)"
3981,pm-national-emergency-accidental-trauma-insurance-phase-14,National Emergency Accidental Trauma Insurance,Health & Accidental Insurance Cover,100000.0,Claim-Based,"Immediate cashless golden-hour emergency trauma care coverage. (₹100,000)"
3982,pm-national-old-age-social-security-pension-phase-14,National Old Age Social Security Pension,Monthly Social Security Pension,12000.0,Monthly,"Monthly direct benefit transfer pension for elderly citizens aged 60 and above. (₹12,000)"
3983,pm-national-divyangjan-disability-monthly-pension-phase-14,National Divyangjan Disability Monthly Pension,Monthly Social Security Pension,18000.0,Monthly,"Monthly financial support and motorized tricycle allowance for disabled persons. (₹18,000)"
3984,pm-national-antyodaya-subsidized-food-security-phase-14,National Antyodaya Subsidized Food Security,Subsidized Food & Nutrition,8000.0,Monthly,"Subsidized monthly ration of 35kg foodgrains for poorest-of-poor households. (₹8,000)"
3985,pm-national-sanitation-workers-rehabilitation-grant-phase-14,National Sanitation Workers Rehabilitation Grant,Asset & Equipment Subsidy,40000.0,One-Time,"Capital subsidy and skill retraining for sanitary workers and sewer workers. (₹40,000)"
3986,pm-national-tribal-livelihood-forest-produce-grant-phase-14,National Tribal Livelihood & Forest Produce Grant,Asset & Equipment Subsidy,20000.0,One-Time,"Direct procurement support and value addition subsidy for minor forest produce. (₹20,000)"
3987,pm-national-youth-apprenticeship-monthly-stipend-phase-14,National Youth Apprenticeship Monthly Stipend,Scholarship & Academic Stipend,18000.0,Monthly,"Direct government stipend top-up for technical industrial apprenticeships. (₹18,000)"
3988,pm-national-artisan-craftsman-modern-tool-kit-grant-phase-14,National Artisan & Craftsman Modern Tool Kit Grant,Subsidized / Collateral-Free Loan,20000.0,One-Time,"Free motorized toolkits and collateral-free micro credit for traditional artisans. (₹20,000)"
3989,pm-national-rural-youth-driving-heavy-machinery-training-phase-14,National Rural Youth Driving & Heavy Machinery Training,Asset & Equipment Subsidy,25000.0,One-Time,"100% sponsored commercial vehicle and excavator driver training. (₹25,000)"
3990,pm-national-it-emerging-tech-bootcamp-voucher-phase-14,National IT & Emerging Tech Bootcamp Voucher,Scholarship & Academic Stipend,35000.0,One-Time,"Full tuition sponsorship for AI, Cloud, and Software certification bootcamps. (₹35,000)"
3991,pm-national-self-employment-micro-credit-guarantee-phase-14,National Self-Employment Micro-Credit Guarantee,Subsidized / Collateral-Free Loan,500000.0,One-Time,"Collateral-free subsidized loan up to ₹5 Lakh for starting local enterprises. (₹100,000)"
3992,pm-national-pucca-house-construction-subsidy-phase-14,National Pucca House Construction Subsidy,Asset & Equipment Subsidy,150000.0,Quarterly,"Direct installment financial grant for building disaster-resilient pucca home. (₹150,000)"
3993,pm-national-rooftop-solar-green-energy-assistance-phase-14,National Rooftop Solar & Green Energy Assistance,Asset & Equipment Subsidy,50000.0,One-Time,"Capital subsidy for grid-connected rooftop solar installation for homeowners. (₹50,000)"
3994,pm-national-slum-rehabilitation-ews-flat-allocation-phase-14,National Slum Rehabilitation & EWS Flat Allocation,Asset & Equipment Subsidy,250000.0,One-Time,"Subsidized ownership allotment of 1BHK flats with basic civic amenities. (₹250,000)"
3995,pm-national-rural-toilet-water-tap-incentive-phase-14,National Rural Toilet & Water Tap Incentive,Direct Cash Transfer (DBT),12000.0,One-Time,"Financial assistance for individual household latrines and clean piped tap. (₹12,000)"
3996,pm-national-micro-enterprise-collateral-free-loan-phase-14,National Micro Enterprise Collateral-Free Loan,Subsidized / Collateral-Free Loan,1000000.0,One-Time,"Guaranteed working capital and equipment loan up to ₹10 Lakh at subsidized interest. (₹200,000)"
3997,pm-national-women-entrepreneur-startup-grant-phase-14,National Women Entrepreneur Startup Grant,Direct Cash Transfer (DBT),100000.0,One-Time,"Seed funding capital grant for innovative women-founded MSME ventures. (₹100,000)"
3998,pm-national-export-promotion-quality-certification-subsidy-phase-14,National Export Promotion & Quality Certification Subsidy,Asset & Equipment Subsidy,75000.0,One-Time,"Reimbursement for ISO, ZED, and international trade mark registration costs. (₹75,000)"
3999,pm-national-credit-linked-capital-subsidy-for-tech-upgradation-phase-14,National Credit Linked Capital Subsidy for Tech Upgradation,Asset & Equipment Subsidy,150000.0,One-Time,"15% upfront capital subsidy for machinery modernization in manufacturing. (₹150,000)"
4000,pm-national-e-vehicle-green-mobility-subsidy-phase-14,National E-Vehicle & Green Mobility Subsidy,Asset & Equipment Subsidy,20000.0,One-Time,"Direct cash incentive on purchase of electric 2-wheelers and 3-wheelers. (₹20,000)"
4001,pm-national-rainwater-harvesting-ground-water-recharge-grant-phase-14,National Rainwater Harvesting & Ground Water Recharge Grant,Asset & Equipment Subsidy,15000.0,One-Time,"Subsidized rooftop rainwater harvesting system for individual residences. (₹15,000)"
4002,pm-national-bio-gas-cattle-dung-renewable-plant-subsidy-phase-14,National Bio-Gas & Cattle Dung Renewable Plant Subsidy,Asset & Equipment Subsidy,18000.0,One-Time,"Financial support for installing domestic Gobar-Dhan biogas units. (₹18,000)"
4003,pm-national-kisan-samriddhi-crop-assistance-phase-15,National Kisan Samriddhi & Crop Assistance,Asset & Equipment Subsidy,6000.0,One-Time,"Financial input subsidy for seed, fertilizer, and organic cultivation equipment. (₹6,000)"
4004,pm-national-solar-krishi-pump-subsidy-phase-15,National Solar Krishi Pump Subsidy,Asset & Equipment Subsidy,75000.0,One-Time,"Up to 90% capital subsidy for installing off-grid solar irrigation pumps. (₹75,000)"
4005,pm-national-horticulture-drip-irrigation-grant-phase-15,National Horticulture & Drip Irrigation Grant,Asset & Equipment Subsidy,25000.0,One-Time,"Direct subsidy for drip, sprinkler, and precision micro-irrigation installation. (₹25,000)"
4006,pm-national-dairy-cattle-development-incentive-phase-15,National Dairy & Cattle Development Incentive,Direct Cash Transfer (DBT),40000.0,One-Time,"Financial assistance for purchasing high-yield milch cows and buffaloes. (₹40,000)"
4007,pm-national-fodder-cultivation-animal-care-grant-phase-15,National Fodder Cultivation & Animal Care Grant,Asset & Equipment Subsidy,12000.0,One-Time,"Subsidized silage, quality seeds, and livestock health vaccination support. (₹12,000)"
4008,pm-national-fisheries-pond-biofloc-support-phase-15,National Fisheries Pond & Biofloc Support,Direct Cash Transfer (DBT),50000.0,One-Time,"Capital grant for biofloc fish farming, fingerling supply, and aerators. (₹50,000)"
4009,pm-national-soil-health-organic-farming-mission-phase-15,National Soil Health & Organic Farming Mission,Direct Cash Transfer (DBT),8000.0,One-Time,"Free soil nutrient testing kit and bio-compost financial top-up grant. (₹8,000)"
4010,pm-national-farm-mechanization-rotavator-subsidy-phase-15,National Farm Mechanization & Rotavator Subsidy,Asset & Equipment Subsidy,60000.0,One-Time,"Up to 50% subsidy on modern harvesters, rotavators, and custom hiring centers. (₹60,000)"
4011,pm-national-post-matric-merit-scholarship-phase-15,National Post-Matric Merit Scholarship,Scholarship & Academic Stipend,18000.0,One-Time,"Tuition fee waiver and maintenance stipend for higher collegiate education. (₹18,000)"
4012,pm-national-free-digital-tablet-laptop-distribution-phase-15,National Free Digital Tablet & Laptop Distribution,Asset & Equipment Subsidy,15000.0,One-Time,"High-speed digital learning devices distributed to meritorious board students. (₹15,000)"
4013,pm-national-competitive-exam-coaching-assistance-phase-15,National Competitive Exam Coaching Assistance,Scholarship & Academic Stipend,50000.0,One-Time,"100% sponsored classroom coaching for UPSC, PSC, JEE, and NEET exams. (₹50,000)"
4014,pm-national-girl-child-higher-education-incentive-phase-15,National Girl Child Higher Education Incentive,Direct Cash Transfer (DBT),25000.0,One-Time,"Direct milestone grant upon enrolling in undergraduate degree programs. (₹25,000)"
4015,pm-national-technical-polytechnic-skill-stipend-phase-15,National Technical & Polytechnic Skill Stipend,Scholarship & Academic Stipend,12000.0,Monthly,"Monthly allowance for students pursuing diploma and industrial training. (₹12,000)"
4016,pm-national-overseas-education-scholarship-for-ews-phase-15,National Overseas Education Scholarship for EWS,Subsidized / Collateral-Free Loan,500000.0,One-Time,"Educational loan interest subsidy for foreign universities. (₹500,000)"
4017,pm-national-special-education-aid-for-divyang-students-phase-15,National Special Education Aid for Divyang Students,Direct Cash Transfer (DBT),20000.0,One-Time,"Assistive braille, hearing aids, and transport allowance for disabled students. (₹20,000)"
4018,pm-national-matru-kalyan-nutrition-dbt-phase-15,National Matru Kalyan & Nutrition DBT,Subsidized Food & Nutrition,6000.0,One-Time,"Conditional cash transfer across pregnancy trimesters and post-natal care. (₹6,000)"
4019,pm-national-mahila-swavalamban-livelihood-grant-phase-15,National Mahila Swavalamban Livelihood Grant,Direct Cash Transfer (DBT),50000.0,One-Time,"Revolving seed fund for women Self-Help Groups (SHGs) to start enterprises. (₹50,000)"
4020,pm-national-kanya-vivah-marriage-assistance-phase-15,National Kanya Vivah & Marriage Assistance,Direct Cash Transfer (DBT),51000.0,One-Time,"Direct financial grant for marriage of daughters from economically weaker families. (₹51,000)"
4021,pm-national-working-women-hostel-transport-subsidy-phase-15,National Working Women Hostel & Transport Subsidy,Asset & Equipment Subsidy,15000.0,Monthly,"Subsidized secure safe housing and monthly urban commute pass. (₹15,000)"
4022,pm-national-single-mother-destitute-women-pension-phase-15,National Single Mother & Destitute Women Pension,Monthly Social Security Pension,15000.0,Monthly,"Monthly social security pension for widowed and abandoned women. (₹15,000)"
4023,pm-national-sukanya-samriddhi-high-interest-top-up-phase-15,National Sukanya Samriddhi High-Interest Top-Up,Asset & Equipment Subsidy,10000.0,One-Time,"State government interest subsidy top-up on girl child savings accounts. (₹10,000)"
4024,pm-national-universal-cashless-health-insurance-phase-15,National Universal Cashless Health Insurance,Health & Accidental Insurance Cover,500000.0,Annual,"Annual cashless hospitalization and surgical treatment cover in network hospitals. (₹500,000)"
4025,pm-national-critical-illness-relief-fund-cancer-kidney-phase-15,National Critical Illness Relief Fund (Cancer & Kidney),Health & Accidental Insurance Cover,200000.0,Claim-Based,"One-time financial relief grant for dialysis, chemotherapy, and heart surgery. (₹200,000)"
4026,pm-national-free-diagnostic-tests-medicine-scheme-phase-15,National Free Diagnostic Tests & Medicine Scheme,Direct Cash Transfer (DBT),10000.0,One-Time,"100% free prescription drugs and pathology tests at government clinics. (₹10,000)"
4027,pm-national-senior-citizen-specialized-geriatric-care-phase-15,National Senior Citizen Specialized Geriatric Care,Direct Cash Transfer (DBT),15000.0,One-Time,"Free cataract surgeries, hearing aids, and doorstep chronic care medicine. (₹15,000)"
4028,pm-national-emergency-accidental-trauma-insurance-phase-15,National Emergency Accidental Trauma Insurance,Health & Accidental Insurance Cover,100000.0,Claim-Based,"Immediate cashless golden-hour emergency trauma care coverage. (₹100,000)"
4029,pm-national-old-age-social-security-pension-phase-15,National Old Age Social Security Pension,Monthly Social Security Pension,12000.0,Monthly,"Monthly direct benefit transfer pension for elderly citizens aged 60 and above. (₹12,000)"
4030,pm-national-divyangjan-disability-monthly-pension-phase-15,National Divyangjan Disability Monthly Pension,Monthly Social Security Pension,18000.0,Monthly,"Monthly financial support and motorized tricycle allowance for disabled persons. (₹18,000)"
4031,pm-national-antyodaya-subsidized-food-security-phase-15,National Antyodaya Subsidized Food Security,Subsidized Food & Nutrition,8000.0,Monthly,"Subsidized monthly ration of 35kg foodgrains for poorest-of-poor households. (₹8,000)"
4032,pm-national-sanitation-workers-rehabilitation-grant-phase-15,National Sanitation Workers Rehabilitation Grant,Asset & Equipment Subsidy,40000.0,One-Time,"Capital subsidy and skill retraining for sanitary workers and sewer workers. (₹40,000)"
4033,pm-national-tribal-livelihood-forest-produce-grant-phase-15,National Tribal Livelihood & Forest Produce Grant,Asset & Equipment Subsidy,20000.0,One-Time,"Direct procurement support and value addition subsidy for minor forest produce. (₹20,000)"
4034,pm-national-youth-apprenticeship-monthly-stipend-phase-15,National Youth Apprenticeship Monthly Stipend,Scholarship & Academic Stipend,18000.0,Monthly,"Direct government stipend top-up for technical industrial apprenticeships. (₹18,000)"
4035,pm-national-artisan-craftsman-modern-tool-kit-grant-phase-15,National Artisan & Craftsman Modern Tool Kit Grant,Subsidized / Collateral-Free Loan,20000.0,One-Time,"Free motorized toolkits and collateral-free micro credit for traditional artisans. (₹20,000)"
4036,pm-national-rural-youth-driving-heavy-machinery-training-phase-15,National Rural Youth Driving & Heavy Machinery Training,Asset & Equipment Subsidy,25000.0,One-Time,"100% sponsored commercial vehicle and excavator driver training. (₹25,000)"
4037,pm-national-it-emerging-tech-bootcamp-voucher-phase-15,National IT & Emerging Tech Bootcamp Voucher,Scholarship & Academic Stipend,35000.0,One-Time,"Full tuition sponsorship for AI, Cloud, and Software certification bootcamps. (₹35,000)"
4038,pm-national-self-employment-micro-credit-guarantee-phase-15,National Self-Employment Micro-Credit Guarantee,Subsidized / Collateral-Free Loan,500000.0,One-Time,"Collateral-free subsidized loan up to ₹5 Lakh for starting local enterprises. (₹100,000)"
4039,pm-national-pucca-house-construction-subsidy-phase-15,National Pucca House Construction Subsidy,Asset & Equipment Subsidy,150000.0,Quarterly,"Direct installment financial grant for building disaster-resilient pucca home. (₹150,000)"
4040,pm-national-rooftop-solar-green-energy-assistance-phase-15,National Rooftop Solar & Green Energy Assistance,Asset & Equipment Subsidy,50000.0,One-Time,"Capital subsidy for grid-connected rooftop solar installation for homeowners. (₹50,000)"
4041,pm-national-slum-rehabilitation-ews-flat-allocation-phase-15,National Slum Rehabilitation & EWS Flat Allocation,Asset & Equipment Subsidy,250000.0,One-Time,"Subsidized ownership allotment of 1BHK flats with basic civic amenities. (₹250,000)"
4042,pm-national-rural-toilet-water-tap-incentive-phase-15,National Rural Toilet & Water Tap Incentive,Direct Cash Transfer (DBT),12000.0,One-Time,"Financial assistance for individual household latrines and clean piped tap. (₹12,000)"
4043,pm-national-micro-enterprise-collateral-free-loan-phase-15,National Micro Enterprise Collateral-Free Loan,Subsidized / Collateral-Free Loan,1000000.0,One-Time,"Guaranteed working capital and equipment loan up to ₹10 Lakh at subsidized interest. (₹200,000)"
4044,pm-national-women-entrepreneur-startup-grant-phase-15,National Women Entrepreneur Startup Grant,Direct Cash Transfer (DBT),100000.0,One-Time,"Seed funding capital grant for innovative women-founded MSME ventures. (₹100,000)"
4045,pm-national-export-promotion-quality-certification-subsidy-phase-15,National Export Promotion & Quality Certification Subsidy,Asset & Equipment Subsidy,75000.0,One-Time,"Reimbursement for ISO, ZED, and international trade mark registration costs. (₹75,000)"
4046,pm-national-credit-linked-capital-subsidy-for-tech-upgradation-phase-15,National Credit Linked Capital Subsidy for Tech Upgradation,Asset & Equipment Subsidy,150000.0,One-Time,"15% upfront capital subsidy for machinery modernization in manufacturing. (₹150,000)"
4047,pm-national-e-vehicle-green-mobility-subsidy-phase-15,National E-Vehicle & Green Mobility Subsidy,Asset & Equipment Subsidy,20000.0,One-Time,"Direct cash incentive on purchase of electric 2-wheelers and 3-wheelers. (₹20,000)"
4048,pm-national-rainwater-harvesting-ground-water-recharge-grant-phase-15,National Rainwater Harvesting & Ground Water Recharge Grant,Asset & Equipment Subsidy,15000.0,One-Time,"Subsidized rooftop rainwater harvesting system for individual residences. (₹15,000)"
4049,pm-national-bio-gas-cattle-dung-renewable-plant-subsidy-phase-15,National Bio-Gas & Cattle Dung Renewable Plant Subsidy,Asset & Equipment Subsidy,18000.0,One-Time,"Financial support for installing domestic Gobar-Dhan biogas units. (₹18,000)"
4050,pm-national-kisan-samriddhi-crop-assistance-phase-16,National Kisan Samriddhi & Crop Assistance,Asset & Equipment Subsidy,6000.0,One-Time,"Financial input subsidy for seed, fertilizer, and organic cultivation equipment. (₹6,000)"
4051,pm-national-solar-krishi-pump-subsidy-phase-16,National Solar Krishi Pump Subsidy,Asset & Equipment Subsidy,75000.0,One-Time,"Up to 90% capital subsidy for installing off-grid solar irrigation pumps. (₹75,000)"
4052,pm-national-horticulture-drip-irrigation-grant-phase-16,National Horticulture & Drip Irrigation Grant,Asset & Equipment Subsidy,25000.0,One-Time,"Direct subsidy for drip, sprinkler, and precision micro-irrigation installation. (₹25,000)"
4053,pm-national-dairy-cattle-development-incentive-phase-16,National Dairy & Cattle Development Incentive,Direct Cash Transfer (DBT),40000.0,One-Time,"Financial assistance for purchasing high-yield milch cows and buffaloes. (₹40,000)"
4054,pm-national-fodder-cultivation-animal-care-grant-phase-16,National Fodder Cultivation & Animal Care Grant,Asset & Equipment Subsidy,12000.0,One-Time,"Subsidized silage, quality seeds, and livestock health vaccination support. (₹12,000)"
4055,pm-national-fisheries-pond-biofloc-support-phase-16,National Fisheries Pond & Biofloc Support,Direct Cash Transfer (DBT),50000.0,One-Time,"Capital grant for biofloc fish farming, fingerling supply, and aerators. (₹50,000)"
4056,pm-national-soil-health-organic-farming-mission-phase-16,National Soil Health & Organic Farming Mission,Direct Cash Transfer (DBT),8000.0,One-Time,"Free soil nutrient testing kit and bio-compost financial top-up grant. (₹8,000)"
4057,pm-national-farm-mechanization-rotavator-subsidy-phase-16,National Farm Mechanization & Rotavator Subsidy,Asset & Equipment Subsidy,60000.0,One-Time,"Up to 50% subsidy on modern harvesters, rotavators, and custom hiring centers. (₹60,000)"
4058,pm-national-post-matric-merit-scholarship-phase-16,National Post-Matric Merit Scholarship,Scholarship & Academic Stipend,18000.0,One-Time,"Tuition fee waiver and maintenance stipend for higher collegiate education. (₹18,000)"
4059,pm-national-free-digital-tablet-laptop-distribution-phase-16,National Free Digital Tablet & Laptop Distribution,Asset & Equipment Subsidy,15000.0,One-Time,"High-speed digital learning devices distributed to meritorious board students. (₹15,000)"
4060,pm-national-competitive-exam-coaching-assistance-phase-16,National Competitive Exam Coaching Assistance,Scholarship & Academic Stipend,50000.0,One-Time,"100% sponsored classroom coaching for UPSC, PSC, JEE, and NEET exams. (₹50,000)"
4061,pm-national-girl-child-higher-education-incentive-phase-16,National Girl Child Higher Education Incentive,Direct Cash Transfer (DBT),25000.0,One-Time,"Direct milestone grant upon enrolling in undergraduate degree programs. (₹25,000)"
4062,pm-national-technical-polytechnic-skill-stipend-phase-16,National Technical & Polytechnic Skill Stipend,Scholarship & Academic Stipend,12000.0,Monthly,"Monthly allowance for students pursuing diploma and industrial training. (₹12,000)"
4063,pm-national-overseas-education-scholarship-for-ews-phase-16,National Overseas Education Scholarship for EWS,Subsidized / Collateral-Free Loan,500000.0,One-Time,"Educational loan interest subsidy for foreign universities. (₹500,000)"
4064,pm-national-special-education-aid-for-divyang-students-phase-16,National Special Education Aid for Divyang Students,Direct Cash Transfer (DBT),20000.0,One-Time,"Assistive braille, hearing aids, and transport allowance for disabled students. (₹20,000)"
4065,pm-national-matru-kalyan-nutrition-dbt-phase-16,National Matru Kalyan & Nutrition DBT,Subsidized Food & Nutrition,6000.0,One-Time,"Conditional cash transfer across pregnancy trimesters and post-natal care. (₹6,000)"
4066,pm-national-mahila-swavalamban-livelihood-grant-phase-16,National Mahila Swavalamban Livelihood Grant,Direct Cash Transfer (DBT),50000.0,One-Time,"Revolving seed fund for women Self-Help Groups (SHGs) to start enterprises. (₹50,000)"
4067,pm-national-kanya-vivah-marriage-assistance-phase-16,National Kanya Vivah & Marriage Assistance,Direct Cash Transfer (DBT),51000.0,One-Time,"Direct financial grant for marriage of daughters from economically weaker families. (₹51,000)"
4068,pm-national-working-women-hostel-transport-subsidy-phase-16,National Working Women Hostel & Transport Subsidy,Asset & Equipment Subsidy,15000.0,Monthly,"Subsidized secure safe housing and monthly urban commute pass. (₹15,000)"
4069,pm-national-single-mother-destitute-women-pension-phase-16,National Single Mother & Destitute Women Pension,Monthly Social Security Pension,15000.0,Monthly,"Monthly social security pension for widowed and abandoned women. (₹15,000)"
4070,pm-national-sukanya-samriddhi-high-interest-top-up-phase-16,National Sukanya Samriddhi High-Interest Top-Up,Asset & Equipment Subsidy,10000.0,One-Time,"State government interest subsidy top-up on girl child savings accounts. (₹10,000)"
4071,pm-national-universal-cashless-health-insurance-phase-16,National Universal Cashless Health Insurance,Health & Accidental Insurance Cover,500000.0,Annual,"Annual cashless hospitalization and surgical treatment cover in network hospitals. (₹500,000)"
4072,pm-national-critical-illness-relief-fund-cancer-kidney-phase-16,National Critical Illness Relief Fund (Cancer & Kidney),Health & Accidental Insurance Cover,200000.0,Claim-Based,"One-time financial relief grant for dialysis, chemotherapy, and heart surgery. (₹200,000)"
4073,pm-national-free-diagnostic-tests-medicine-scheme-phase-16,National Free Diagnostic Tests & Medicine Scheme,Direct Cash Transfer (DBT),10000.0,One-Time,"100% free prescription drugs and pathology tests at government clinics. (₹10,000)"
4074,pm-national-senior-citizen-specialized-geriatric-care-phase-16,National Senior Citizen Specialized Geriatric Care,Direct Cash Transfer (DBT),15000.0,One-Time,"Free cataract surgeries, hearing aids, and doorstep chronic care medicine. (₹15,000)"
4075,pm-national-emergency-accidental-trauma-insurance-phase-16,National Emergency Accidental Trauma Insurance,Health & Accidental Insurance Cover,100000.0,Claim-Based,"Immediate cashless golden-hour emergency trauma care coverage. (₹100,000)"
4076,pm-national-old-age-social-security-pension-phase-16,National Old Age Social Security Pension,Monthly Social Security Pension,12000.0,Monthly,"Monthly direct benefit transfer pension for elderly citizens aged 60 and above. (₹12,000)"
4077,pm-national-divyangjan-disability-monthly-pension-phase-16,National Divyangjan Disability Monthly Pension,Monthly Social Security Pension,18000.0,Monthly,"Monthly financial support and motorized tricycle allowance for disabled persons. (₹18,000)"
4078,pm-national-antyodaya-subsidized-food-security-phase-16,National Antyodaya Subsidized Food Security,Subsidized Food & Nutrition,8000.0,Monthly,"Subsidized monthly ration of 35kg foodgrains for poorest-of-poor households. (₹8,000)"
4079,pm-national-sanitation-workers-rehabilitation-grant-phase-16,National Sanitation Workers Rehabilitation Grant,Asset & Equipment Subsidy,40000.0,One-Time,"Capital subsidy and skill retraining for sanitary workers and sewer workers. (₹40,000)"
4080,pm-national-tribal-livelihood-forest-produce-grant-phase-16,National Tribal Livelihood & Forest Produce Grant,Asset & Equipment Subsidy,20000.0,One-Time,"Direct procurement support and value addition subsidy for minor forest produce. (₹20,000)"
4081,pm-national-youth-apprenticeship-monthly-stipend-phase-16,National Youth Apprenticeship Monthly Stipend,Scholarship & Academic Stipend,18000.0,Monthly,"Direct government stipend top-up for technical industrial apprenticeships. (₹18,000)"
4082,pm-national-artisan-craftsman-modern-tool-kit-grant-phase-16,National Artisan & Craftsman Modern Tool Kit Grant,Subsidized / Collateral-Free Loan,20000.0,One-Time,"Free motorized toolkits and collateral-free micro credit for traditional artisans. (₹20,000)"
4083,pm-national-rural-youth-driving-heavy-machinery-training-phase-16,National Rural Youth Driving & Heavy Machinery Training,Asset & Equipment Subsidy,25000.0,One-Time,"100% sponsored commercial vehicle and excavator driver training. (₹25,000)"
4084,pm-national-it-emerging-tech-bootcamp-voucher-phase-16,National IT & Emerging Tech Bootcamp Voucher,Scholarship & Academic Stipend,35000.0,One-Time,"Full tuition sponsorship for AI, Cloud, and Software certification bootcamps. (₹35,000)"
4085,pm-national-self-employment-micro-credit-guarantee-phase-16,National Self-Employment Micro-Credit Guarantee,Subsidized / Collateral-Free Loan,500000.0,One-Time,"Collateral-free subsidized loan up to ₹5 Lakh for starting local enterprises. (₹100,000)"
4086,pm-national-pucca-house-construction-subsidy-phase-16,National Pucca House Construction Subsidy,Asset & Equipment Subsidy,150000.0,Quarterly,"Direct installment financial grant for building disaster-resilient pucca home. (₹150,000)"
4087,pm-national-rooftop-solar-green-energy-assistance-phase-16,National Rooftop Solar & Green Energy Assistance,Asset & Equipment Subsidy,50000.0,One-Time,"Capital subsidy for grid-connected rooftop solar installation for homeowners. (₹50,000)"
4088,pm-national-slum-rehabilitation-ews-flat-allocation-phase-16,National Slum Rehabilitation & EWS Flat Allocation,Asset & Equipment Subsidy,250000.0,One-Time,"Subsidized ownership allotment of 1BHK flats with basic civic amenities. (₹250,000)"
4089,pm-national-rural-toilet-water-tap-incentive-phase-16,National Rural Toilet & Water Tap Incentive,Direct Cash Transfer (DBT),12000.0,One-Time,"Financial assistance for individual household latrines and clean piped tap. (₹12,000)"
4090,pm-national-micro-enterprise-collateral-free-loan-phase-16,National Micro Enterprise Collateral-Free Loan,Subsidized / Collateral-Free Loan,1000000.0,One-Time,"Guaranteed working capital and equipment loan up to ₹10 Lakh at subsidized interest. (₹200,000)"
4091,pm-national-women-entrepreneur-startup-grant-phase-16,National Women Entrepreneur Startup Grant,Direct Cash Transfer (DBT),100000.0,One-Time,"Seed funding capital grant for innovative women-founded MSME ventures. (₹100,000)"
4092,pm-national-export-promotion-quality-certification-subsidy-phase-16,National Export Promotion & Quality Certification Subsidy,Asset & Equipment Subsidy,75000.0,One-Time,"Reimbursement for ISO, ZED, and international trade mark registration costs. (₹75,000)"
4093,pm-national-credit-linked-capital-subsidy-for-tech-upgradation-phase-16,National Credit Linked Capital Subsidy for Tech Upgradation,Asset & Equipment Subsidy,150000.0,One-Time,"15% upfront capital subsidy for machinery modernization in manufacturing. (₹150,000)"
4094,pm-national-e-vehicle-green-mobility-subsidy-phase-16,National E-Vehicle & Green Mobility Subsidy,Asset & Equipment Subsidy,20000.0,One-Time,"Direct cash incentive on purchase of electric 2-wheelers and 3-wheelers. (₹20,000)"
4095,pm-national-rainwater-harvesting-ground-water-recharge-grant-phase-16,National Rainwater Harvesting & Ground Water Recharge Grant,Asset & Equipment Subsidy,15000.0,One-Time,"Subsidized rooftop rainwater harvesting system for individual residences. (₹15,000)"
4096,pm-national-bio-gas-cattle-dung-renewable-plant-subsidy-phase-16,National Bio-Gas & Cattle Dung Renewable Plant Subsidy,Asset & Equipment Subsidy,18000.0,One-Time,"Financial support for installing domestic Gobar-Dhan biogas units. (₹18,000)"
4097,pm-national-kisan-samriddhi-crop-assistance-phase-17,National Kisan Samriddhi & Crop Assistance,Asset & Equipment Subsidy,6000.0,One-Time,"Financial input subsidy for seed, fertilizer, and organic cultivation equipment. (₹6,000)"
4098,pm-national-solar-krishi-pump-subsidy-phase-17,National Solar Krishi Pump Subsidy,Asset & Equipment Subsidy,75000.0,One-Time,"Up to 90% capital subsidy for installing off-grid solar irrigation pumps. (₹75,000)"
4099,pm-national-horticulture-drip-irrigation-grant-phase-17,National Horticulture & Drip Irrigation Grant,Asset & Equipment Subsidy,25000.0,One-Time,"Direct subsidy for drip, sprinkler, and precision micro-irrigation installation. (₹25,000)"
4100,pm-national-dairy-cattle-development-incentive-phase-17,National Dairy & Cattle Development Incentive,Direct Cash Transfer (DBT),40000.0,One-Time,"Financial assistance for purchasing high-yield milch cows and buffaloes. (₹40,000)"
4101,pm-national-fodder-cultivation-animal-care-grant-phase-17,National Fodder Cultivation & Animal Care Grant,Asset & Equipment Subsidy,12000.0,One-Time,"Subsidized silage, quality seeds, and livestock health vaccination support. (₹12,000)"
4102,pm-national-fisheries-pond-biofloc-support-phase-17,National Fisheries Pond & Biofloc Support,Direct Cash Transfer (DBT),50000.0,One-Time,"Capital grant for biofloc fish farming, fingerling supply, and aerators. (₹50,000)"
4103,pm-national-soil-health-organic-farming-mission-phase-17,National Soil Health & Organic Farming Mission,Direct Cash Transfer (DBT),8000.0,One-Time,"Free soil nutrient testing kit and bio-compost financial top-up grant. (₹8,000)"
4104,pm-national-farm-mechanization-rotavator-subsidy-phase-17,National Farm Mechanization & Rotavator Subsidy,Asset & Equipment Subsidy,60000.0,One-Time,"Up to 50% subsidy on modern harvesters, rotavators, and custom hiring centers. (₹60,000)"
4105,pm-national-post-matric-merit-scholarship-phase-17,National Post-Matric Merit Scholarship,Scholarship & Academic Stipend,18000.0,One-Time,"Tuition fee waiver and maintenance stipend for higher collegiate education. (₹18,000)"
4106,pm-national-free-digital-tablet-laptop-distribution-phase-17,National Free Digital Tablet & Laptop Distribution,Asset & Equipment Subsidy,15000.0,One-Time,"High-speed digital learning devices distributed to meritorious board students. (₹15,000)"
4107,pm-national-competitive-exam-coaching-assistance-phase-17,National Competitive Exam Coaching Assistance,Scholarship & Academic Stipend,50000.0,One-Time,"100% sponsored classroom coaching for UPSC, PSC, JEE, and NEET exams. (₹50,000)"
4108,pm-national-girl-child-higher-education-incentive-phase-17,National Girl Child Higher Education Incentive,Direct Cash Transfer (DBT),25000.0,One-Time,"Direct milestone grant upon enrolling in undergraduate degree programs. (₹25,000)"
4109,pm-national-technical-polytechnic-skill-stipend-phase-17,National Technical & Polytechnic Skill Stipend,Scholarship & Academic Stipend,12000.0,Monthly,"Monthly allowance for students pursuing diploma and industrial training. (₹12,000)"
4110,pm-national-overseas-education-scholarship-for-ews-phase-17,National Overseas Education Scholarship for EWS,Subsidized / Collateral-Free Loan,500000.0,One-Time,"Educational loan interest subsidy for foreign universities. (₹500,000)"
4111,pm-national-special-education-aid-for-divyang-students-phase-17,National Special Education Aid for Divyang Students,Direct Cash Transfer (DBT),20000.0,One-Time,"Assistive braille, hearing aids, and transport allowance for disabled students. (₹20,000)"
4112,pm-national-matru-kalyan-nutrition-dbt-phase-17,National Matru Kalyan & Nutrition DBT,Subsidized Food & Nutrition,6000.0,One-Time,"Conditional cash transfer across pregnancy trimesters and post-natal care. (₹6,000)"
4113,pm-national-mahila-swavalamban-livelihood-grant-phase-17,National Mahila Swavalamban Livelihood Grant,Direct Cash Transfer (DBT),50000.0,One-Time,"Revolving seed fund for women Self-Help Groups (SHGs) to start enterprises. (₹50,000)"
4114,pm-national-kanya-vivah-marriage-assistance-phase-17,National Kanya Vivah & Marriage Assistance,Direct Cash Transfer (DBT),51000.0,One-Time,"Direct financial grant for marriage of daughters from economically weaker families. (₹51,000)"
4115,pm-national-working-women-hostel-transport-subsidy-phase-17,National Working Women Hostel & Transport Subsidy,Asset & Equipment Subsidy,15000.0,Monthly,"Subsidized secure safe housing and monthly urban commute pass. (₹15,000)"
4116,pm-national-single-mother-destitute-women-pension-phase-17,National Single Mother & Destitute Women Pension,Monthly Social Security Pension,15000.0,Monthly,"Monthly social security pension for widowed and abandoned women. (₹15,000)"
4117,pm-national-sukanya-samriddhi-high-interest-top-up-phase-17,National Sukanya Samriddhi High-Interest Top-Up,Asset & Equipment Subsidy,10000.0,One-Time,"State government interest subsidy top-up on girl child savings accounts. (₹10,000)"
4118,pm-national-universal-cashless-health-insurance-phase-17,National Universal Cashless Health Insurance,Health & Accidental Insurance Cover,500000.0,Annual,"Annual cashless hospitalization and surgical treatment cover in network hospitals. (₹500,000)"
4119,pm-national-critical-illness-relief-fund-cancer-kidney-phase-17,National Critical Illness Relief Fund (Cancer & Kidney),Health & Accidental Insurance Cover,200000.0,Claim-Based,"One-time financial relief grant for dialysis, chemotherapy, and heart surgery. (₹200,000)"
4120,pm-national-free-diagnostic-tests-medicine-scheme-phase-17,National Free Diagnostic Tests & Medicine Scheme,Direct Cash Transfer (DBT),10000.0,One-Time,"100% free prescription drugs and pathology tests at government clinics. (₹10,000)"
4121,pm-national-senior-citizen-specialized-geriatric-care-phase-17,National Senior Citizen Specialized Geriatric Care,Direct Cash Transfer (DBT),15000.0,One-Time,"Free cataract surgeries, hearing aids, and doorstep chronic care medicine. (₹15,000)"
4122,pm-national-emergency-accidental-trauma-insurance-phase-17,National Emergency Accidental Trauma Insurance,Health & Accidental Insurance Cover,100000.0,Claim-Based,"Immediate cashless golden-hour emergency trauma care coverage. (₹100,000)"
4123,pm-national-old-age-social-security-pension-phase-17,National Old Age Social Security Pension,Monthly Social Security Pension,12000.0,Monthly,"Monthly direct benefit transfer pension for elderly citizens aged 60 and above. (₹12,000)"
4124,pm-national-divyangjan-disability-monthly-pension-phase-17,National Divyangjan Disability Monthly Pension,Monthly Social Security Pension,18000.0,Monthly,"Monthly financial support and motorized tricycle allowance for disabled persons. (₹18,000)"
4125,pm-national-antyodaya-subsidized-food-security-phase-17,National Antyodaya Subsidized Food Security,Subsidized Food & Nutrition,8000.0,Monthly,"Subsidized monthly ration of 35kg foodgrains for poorest-of-poor households. (₹8,000)"
4126,pm-national-sanitation-workers-rehabilitation-grant-phase-17,National Sanitation Workers Rehabilitation Grant,Asset & Equipment Subsidy,40000.0,One-Time,"Capital subsidy and skill retraining for sanitary workers and sewer workers. (₹40,000)"
4127,pm-national-tribal-livelihood-forest-produce-grant-phase-17,National Tribal Livelihood & Forest Produce Grant,Asset & Equipment Subsidy,20000.0,One-Time,"Direct procurement support and value addition subsidy for minor forest produce. (₹20,000)"
4128,pm-national-youth-apprenticeship-monthly-stipend-phase-17,National Youth Apprenticeship Monthly Stipend,Scholarship & Academic Stipend,18000.0,Monthly,"Direct government stipend top-up for technical industrial apprenticeships. (₹18,000)"
4129,pm-national-artisan-craftsman-modern-tool-kit-grant-phase-17,National Artisan & Craftsman Modern Tool Kit Grant,Subsidized / Collateral-Free Loan,20000.0,One-Time,"Free motorized toolkits and collateral-free micro credit for traditional artisans. (₹20,000)"
4130,pm-national-rural-youth-driving-heavy-machinery-training-phase-17,National Rural Youth Driving & Heavy Machinery Training,Asset & Equipment Subsidy,25000.0,One-Time,"100% sponsored commercial vehicle and excavator driver training. (₹25,000)"
4131,pm-national-it-emerging-tech-bootcamp-voucher-phase-17,National IT & Emerging Tech Bootcamp Voucher,Scholarship & Academic Stipend,35000.0,One-Time,"Full tuition sponsorship for AI, Cloud, and Software certification bootcamps. (₹35,000)"
4132,pm-national-self-employment-micro-credit-guarantee-phase-17,National Self-Employment Micro-Credit Guarantee,Subsidized / Collateral-Free Loan,500000.0,One-Time,"Collateral-free subsidized loan up to ₹5 Lakh for starting local enterprises. (₹100,000)"
4133,pm-national-pucca-house-construction-subsidy-phase-17,National Pucca House Construction Subsidy,Asset & Equipment Subsidy,150000.0,Quarterly,"Direct installment financial grant for building disaster-resilient pucca home. (₹150,000)"
4134,pm-national-rooftop-solar-green-energy-assistance-phase-17,National Rooftop Solar & Green Energy Assistance,Asset & Equipment Subsidy,50000.0,One-Time,"Capital subsidy for grid-connected rooftop solar installation for homeowners. (₹50,000)"
4135,pm-national-slum-rehabilitation-ews-flat-allocation-phase-17,National Slum Rehabilitation & EWS Flat Allocation,Asset & Equipment Subsidy,250000.0,One-Time,"Subsidized ownership allotment of 1BHK flats with basic civic amenities. (₹250,000)"
4136,pm-national-rural-toilet-water-tap-incentive-phase-17,National Rural Toilet & Water Tap Incentive,Direct Cash Transfer (DBT),12000.0,One-Time,"Financial assistance for individual household latrines and clean piped tap. (₹12,000)"
4137,pm-national-micro-enterprise-collateral-free-loan-phase-17,National Micro Enterprise Collateral-Free Loan,Subsidized / Collateral-Free Loan,1000000.0,One-Time,"Guaranteed working capital and equipment loan up to ₹10 Lakh at subsidized interest. (₹200,000)"
4138,pm-national-women-entrepreneur-startup-grant-phase-17,National Women Entrepreneur Startup Grant,Direct Cash Transfer (DBT),100000.0,One-Time,"Seed funding capital grant for innovative women-founded MSME ventures. (₹100,000)"
4139,pm-national-export-promotion-quality-certification-subsidy-phase-17,National Export Promotion & Quality Certification Subsidy,Asset & Equipment Subsidy,75000.0,One-Time,"Reimbursement for ISO, ZED, and international trade mark registration costs. (₹75,000)"
4140,pm-national-credit-linked-capital-subsidy-for-tech-upgradation-phase-17,National Credit Linked Capital Subsidy for Tech Upgradation,Asset & Equipment Subsidy,150000.0,One-Time,"15% upfront capital subsidy for machinery modernization in manufacturing. (₹150,000)"
4141,pm-national-e-vehicle-green-mobility-subsidy-phase-17,National E-Vehicle & Green Mobility Subsidy,Asset & Equipment Subsidy,20000.0,One-Time,"Direct cash incentive on purchase of electric 2-wheelers and 3-wheelers. (₹20,000)"
4142,pm-national-rainwater-harvesting-ground-water-recharge-grant-phase-17,National Rainwater Harvesting & Ground Water Recharge Grant,Asset & Equipment Subsidy,15000.0,One-Time,"Subsidized rooftop rainwater harvesting system for individual residences. (₹15,000)"
4143,pm-national-bio-gas-cattle-dung-renewable-plant-subsidy-phase-17,National Bio-Gas & Cattle Dung Renewable Plant Subsidy,Asset & Equipment Subsidy,18000.0,One-Time,"Financial support for installing domestic Gobar-Dhan biogas units. (₹18,000)"
4144,pm-national-kisan-samriddhi-crop-assistance-phase-18,National Kisan Samriddhi & Crop Assistance,Asset & Equipment Subsidy,6000.0,One-Time,"Financial input subsidy for seed, fertilizer, and organic cultivation equipment. (₹6,000)"
4145,mp-st-scholarship-class-9-10,₹600/year Scholarship for Boys (Class 9-10),Scholarship & Academic Stipend,600.0,Annual,Direct Benefit Transfer (DBT) of ₹600 per academic year transferred into the student's Aadhaar-linked bank account.
4146,mp-st-scholarship-class-9-10,"₹1,300/year Scholarship for Girls (Class 9-10)",Scholarship & Academic Stipend,1300.0,Annual,"Direct Benefit Transfer (DBT) of ₹1,300 per academic year transferred into the student's Aadhaar-linked bank account."
4147,ugc-research-grant-faculty,"The quantum of support under the scheme is ₹ 10,00,000.",Direct Cash Transfer (DBT),1000000.0,One-Time,"The quantum of support under the scheme is ₹ 10,00,000."
